Qwen2ForCausalLM has generative capabilities, as `prepare_inputs_for_generation` is explicitly defined. However, it doesn't directly inherit from `GenerationMixin`. From 👉v4.50👈 onwards, `PreTrainedModel` will NOT inherit from `GenerationMixin`, and this model will lose the ability to call `generate` and other related functions.
  - If you're using `trust_remote_code=True`, you can get rid of this warning by loading the model with an auto class. See https://huggingface.co/docs/transformers/en/model_doc/auto#auto-classes
  - If you are the owner of the model architecture code, please modify your model class such that it inherits from `GenerationMixin` (after `PreTrainedModel`, otherwise you'll get an exception).
  - If you are not the owner of the model architecture class, please contact the model code owner to update it.
Cache directories created under: /mnt/data/reflect/Qwen2.5-7B-Instruct
  - KV cache: /mnt/data/reflect/Qwen2.5-7B-Instruct/kv_cache
  - Preprocess cache (global): /mnt/data/reflect/Qwen2.5-7B-Instruct/preprocess_kv_cache_global
  - Results: /mnt/data/reflect/Qwen2.5-7B-Instruct/results
Loading tokenizer and config from /mnt/data/models/Qwen2.5-7B-Instruct...
Loading qwen model...
Using multi-GPU with device_map='auto'
Loading checkpoint shards:   0%|          | 0/4 [00:00<?, ?it/s]Loading checkpoint shards:  25%|██▌       | 1/4 [00:00<00:02,  1.37it/s]Loading checkpoint shards:  50%|█████     | 2/4 [00:01<00:01,  1.39it/s]Loading checkpoint shards:  75%|███████▌  | 3/4 [00:02<00:00,  1.39it/s]Loading checkpoint shards: 100%|██████████| 4/4 [00:02<00:00,  1.44it/s]Loading checkpoint shards: 100%|██████████| 4/4 [00:02<00:00,  1.42it/s]
Qwen2ForCausalLM has generative capabilities, as `prepare_inputs_for_generation` is explicitly defined. However, it doesn't directly inherit from `GenerationMixin`. From 👉v4.50👈 onwards, `PreTrainedModel` will NOT inherit from `GenerationMixin`, and this model will lose the ability to call `generate` and other related functions.
  - If you're using `trust_remote_code=True`, you can get rid of this warning by loading the model with an auto class. See https://huggingface.co/docs/transformers/en/model_doc/auto#auto-classes
  - If you are the owner of the model architecture code, please modify your model class such that it inherits from `GenerationMixin` (after `PreTrainedModel`, otherwise you'll get an exception).
  - If you are not the owner of the model architecture class, please contact the model code owner to update it.
Qwen2ForCausalLM has generative capabilities, as `prepare_inputs_for_generation` is explicitly defined. However, it doesn't directly inherit from `GenerationMixin`. From 👉v4.50👈 onwards, `PreTrainedModel` will NOT inherit from `GenerationMixin`, and this model will lose the ability to call `generate` and other related functions.
  - If you're using `trust_remote_code=True`, you can get rid of this warning by loading the model with an auto class. See https://huggingface.co/docs/transformers/en/model_doc/auto#auto-classes
  - If you are the owner of the model architecture code, please modify your model class such that it inherits from `GenerationMixin` (after `PreTrainedModel`, otherwise you'll get an exception).
  - If you are not the owner of the model architecture class, please contact the model code owner to update it.

Model loaded with device_map across GPUs:
  model.embed_tokens: 0
  model.layers.0: 0
  model.layers.1: 0
  model.layers.2: 0
  model.layers.3: 0
  model.layers.4: 1
  model.layers.5: 1
  model.layers.6: 1
  model.layers.7: 1
  model.layers.8: 1
  model.layers.9: 1
  model.layers.10: 1
  model.layers.11: 1
  model.layers.12: 1
  model.layers.13: 2
  model.layers.14: 2
  model.layers.15: 2
  model.layers.16: 2
  model.layers.17: 2
  model.layers.18: 2
  model.layers.19: 2
  model.layers.20: 2
  model.layers.21: 2
  model.layers.22: 3
  model.layers.23: 3
  model.layers.24: 3
  model.layers.25: 3
  model.layers.26: 3
  model.layers.27: 3
  model.norm: 3
  lm_head: 3
Preparing data organized by main questions...
Loading dataset from ./result_reflect.json...
Limited to first 200 main questions

================================================================================
Building document corpus with scope: global
================================================================================
  Main question 1: 10 unique documents, 1 sub-questions
  Main question 2: 10 unique documents, 1 sub-questions
  Main question 3: 10 unique documents, 1 sub-questions
  Main question 4: 11 unique documents, 2 sub-questions
  Main question 5: 19 unique documents, 2 sub-questions
  Main question 6: 19 unique documents, 2 sub-questions
  Main question 7: 10 unique documents, 1 sub-questions
  Main question 8: 15 unique documents, 2 sub-questions
  Main question 9: 19 unique documents, 2 sub-questions
  Main question 10: 15 unique documents, 2 sub-questions
  Main question 11: 17 unique documents, 2 sub-questions
  Main question 12: 19 unique documents, 2 sub-questions
  Main question 13: 14 unique documents, 2 sub-questions
  Main question 14: 18 unique documents, 2 sub-questions
  Main question 15: 17 unique documents, 2 sub-questions
  Main question 16: 19 unique documents, 2 sub-questions
  Main question 17: 14 unique documents, 2 sub-questions
  Main question 18: 14 unique documents, 2 sub-questions
  Main question 19: 17 unique documents, 2 sub-questions
  Main question 20: 16 unique documents, 2 sub-questions
  Main question 21: 17 unique documents, 2 sub-questions
  Main question 22: 15 unique documents, 2 sub-questions
  Main question 23: 21 unique documents, 3 sub-questions
  Main question 24: 19 unique documents, 3 sub-questions
  Main question 25: 18 unique documents, 2 sub-questions
  Main question 26: 17 unique documents, 2 sub-questions
  Main question 27: 10 unique documents, 1 sub-questions
  Main question 28: 19 unique documents, 2 sub-questions
  Main question 29: 25 unique documents, 4 sub-questions
  Main question 30: 17 unique documents, 4 sub-questions
  Main question 31: 29 unique documents, 4 sub-questions
  Main question 32: 14 unique documents, 2 sub-questions
  Main question 33: 14 unique documents, 2 sub-questions
  Main question 34: 10 unique documents, 1 sub-questions
  Main question 35: 24 unique documents, 4 sub-questions
  Main question 36: 17 unique documents, 2 sub-questions
  Main question 37: 19 unique documents, 2 sub-questions
  Main question 38: 12 unique documents, 2 sub-questions
  Main question 39: 18 unique documents, 2 sub-questions
  Main question 40: 15 unique documents, 2 sub-questions
  Main question 41: 16 unique documents, 2 sub-questions
  Main question 42: 30 unique documents, 4 sub-questions
  Main question 43: 21 unique documents, 4 sub-questions
  Main question 44: 17 unique documents, 2 sub-questions
  Main question 45: 20 unique documents, 3 sub-questions
  Main question 46: 16 unique documents, 2 sub-questions
  Main question 47: 15 unique documents, 2 sub-questions
  Main question 48: 20 unique documents, 4 sub-questions
  Main question 49: 13 unique documents, 4 sub-questions
  Main question 50: 14 unique documents, 4 sub-questions
  Main question 51: 13 unique documents, 4 sub-questions
  Main question 52: 16 unique documents, 2 sub-questions
  Main question 53: 25 unique documents, 3 sub-questions
  Main question 54: 10 unique documents, 1 sub-questions
  Main question 55: 18 unique documents, 2 sub-questions
  Main question 56: 10 unique documents, 1 sub-questions
  Main question 57: 10 unique documents, 1 sub-questions
  Main question 58: 10 unique documents, 1 sub-questions
  Main question 59: 19 unique documents, 2 sub-questions
  Main question 60: 18 unique documents, 2 sub-questions
  Main question 61: 14 unique documents, 2 sub-questions
  Main question 62: 22 unique documents, 4 sub-questions
  Main question 63: 25 unique documents, 4 sub-questions
  Main question 64: 19 unique documents, 2 sub-questions
  Main question 65: 19 unique documents, 2 sub-questions
  Main question 66: 27 unique documents, 4 sub-questions
  Main question 67: 10 unique documents, 1 sub-questions
  Main question 68: 13 unique documents, 4 sub-questions
  Main question 69: 19 unique documents, 2 sub-questions
  Main question 70: 19 unique documents, 2 sub-questions
  Main question 71: 19 unique documents, 2 sub-questions
  Main question 72: 18 unique documents, 2 sub-questions
  Main question 73: 19 unique documents, 2 sub-questions
  Main question 74: 21 unique documents, 4 sub-questions
  Main question 75: 14 unique documents, 2 sub-questions
  Main question 76: 10 unique documents, 1 sub-questions
  Main question 77: 18 unique documents, 2 sub-questions
  Main question 78: 14 unique documents, 2 sub-questions
  Main question 79: 19 unique documents, 2 sub-questions
  Main question 80: 18 unique documents, 3 sub-questions
  Main question 81: 10 unique documents, 1 sub-questions
  Main question 82: 18 unique documents, 2 sub-questions
  Main question 83: 14 unique documents, 2 sub-questions
  Main question 84: 14 unique documents, 4 sub-questions
  Main question 85: 20 unique documents, 2 sub-questions
  Main question 86: 10 unique documents, 1 sub-questions
  Main question 87: 19 unique documents, 2 sub-questions
  Main question 88: 19 unique documents, 4 sub-questions
  Main question 89: 24 unique documents, 3 sub-questions
  Main question 90: 18 unique documents, 2 sub-questions
  Main question 91: 15 unique documents, 3 sub-questions
  Main question 92: 18 unique documents, 2 sub-questions
  Main question 93: 22 unique documents, 4 sub-questions
  Main question 94: 14 unique documents, 2 sub-questions
  Main question 95: 21 unique documents, 4 sub-questions
  Main question 96: 10 unique documents, 1 sub-questions
  Main question 97: 17 unique documents, 2 sub-questions
  Main question 98: 18 unique documents, 2 sub-questions
  Main question 99: 17 unique documents, 2 sub-questions
  Main question 100: 17 unique documents, 4 sub-questions
  Main question 101: 16 unique documents, 2 sub-questions
  Main question 102: 16 unique documents, 2 sub-questions
  Main question 103: 19 unique documents, 2 sub-questions
  Main question 104: 17 unique documents, 2 sub-questions
  Main question 105: 10 unique documents, 1 sub-questions
  Main question 106: 13 unique documents, 2 sub-questions
  Main question 107: 30 unique documents, 4 sub-questions
  Main question 108: 17 unique documents, 4 sub-questions
  Main question 109: 13 unique documents, 4 sub-questions
  Main question 110: 10 unique documents, 1 sub-questions
  Main question 111: 28 unique documents, 4 sub-questions
  Main question 112: 15 unique documents, 4 sub-questions
  Main question 113: 19 unique documents, 2 sub-questions
  Main question 114: 17 unique documents, 2 sub-questions
  Main question 115: 20 unique documents, 2 sub-questions
  Main question 116: 21 unique documents, 3 sub-questions
  Main question 117: 25 unique documents, 4 sub-questions
  Main question 118: 19 unique documents, 2 sub-questions
  Main question 119: 10 unique documents, 1 sub-questions
  Main question 120: 19 unique documents, 2 sub-questions
  Main question 121: 10 unique documents, 1 sub-questions
  Main question 122: 19 unique documents, 2 sub-questions
  Main question 123: 14 unique documents, 4 sub-questions
  Main question 124: 18 unique documents, 4 sub-questions
  Main question 125: 14 unique documents, 4 sub-questions
  Main question 126: 10 unique documents, 1 sub-questions
  Main question 127: 14 unique documents, 2 sub-questions
  Main question 128: 10 unique documents, 1 sub-questions
  Main question 129: 10 unique documents, 1 sub-questions
  Main question 130: 10 unique documents, 1 sub-questions
  Main question 131: 15 unique documents, 2 sub-questions
  Main question 132: 19 unique documents, 2 sub-questions
  Main question 133: 14 unique documents, 4 sub-questions
  Main question 134: 13 unique documents, 2 sub-questions
  Main question 135: 12 unique documents, 3 sub-questions
  Main question 136: 19 unique documents, 2 sub-questions
  Main question 137: 17 unique documents, 2 sub-questions
  Main question 138: 16 unique documents, 2 sub-questions
  Main question 139: 18 unique documents, 2 sub-questions
  Main question 140: 10 unique documents, 1 sub-questions
  Main question 141: 30 unique documents, 4 sub-questions
  Main question 142: 17 unique documents, 2 sub-questions
  Main question 143: 14 unique documents, 2 sub-questions
  Main question 144: 18 unique documents, 2 sub-questions
  Main question 145: 16 unique documents, 2 sub-questions
  Main question 146: 18 unique documents, 2 sub-questions
  Main question 147: 19 unique documents, 2 sub-questions
  Main question 148: 20 unique documents, 2 sub-questions
  Main question 149: 23 unique documents, 4 sub-questions
  Main question 150: 10 unique documents, 1 sub-questions
  Main question 151: 18 unique documents, 2 sub-questions
  Main question 152: 16 unique documents, 2 sub-questions
  Main question 153: 15 unique documents, 2 sub-questions
  Main question 154: 10 unique documents, 1 sub-questions
  Main question 155: 10 unique documents, 1 sub-questions
  Main question 156: 19 unique documents, 2 sub-questions
  Main question 157: 17 unique documents, 2 sub-questions
  Main question 158: 20 unique documents, 4 sub-questions
  Main question 159: 18 unique documents, 2 sub-questions
  Main question 160: 18 unique documents, 4 sub-questions
  Main question 161: 19 unique documents, 2 sub-questions
  Main question 162: 12 unique documents, 2 sub-questions
  Main question 163: 10 unique documents, 1 sub-questions
  Main question 164: 18 unique documents, 2 sub-questions
  Main question 165: 18 unique documents, 2 sub-questions
  Main question 166: 10 unique documents, 1 sub-questions
  Main question 167: 14 unique documents, 2 sub-questions
  Main question 168: 19 unique documents, 2 sub-questions
  Main question 169: 29 unique documents, 4 sub-questions
  Main question 170: 19 unique documents, 2 sub-questions
  Main question 171: 21 unique documents, 3 sub-questions
  Main question 172: 16 unique documents, 4 sub-questions
  Main question 173: 18 unique documents, 4 sub-questions
  Main question 174: 13 unique documents, 2 sub-questions
  Main question 175: 19 unique documents, 2 sub-questions
  Main question 176: 29 unique documents, 4 sub-questions
  Main question 177: 10 unique documents, 1 sub-questions
  Main question 178: 25 unique documents, 4 sub-questions
  Main question 179: 18 unique documents, 2 sub-questions
  Main question 180: 17 unique documents, 2 sub-questions
  Main question 181: 17 unique documents, 2 sub-questions
  Main question 182: 16 unique documents, 3 sub-questions
  Main question 183: 22 unique documents, 4 sub-questions
  Main question 184: 19 unique documents, 2 sub-questions
  Main question 185: 21 unique documents, 4 sub-questions
  Main question 186: 20 unique documents, 4 sub-questions
  Main question 187: 13 unique documents, 2 sub-questions
  Main question 188: 20 unique documents, 3 sub-questions
  Main question 189: 18 unique documents, 2 sub-questions
  Main question 190: 20 unique documents, 4 sub-questions
  Main question 191: 23 unique documents, 4 sub-questions
  Main question 192: 19 unique documents, 2 sub-questions
  Main question 193: 26 unique documents, 3 sub-questions
  Main question 194: 21 unique documents, 4 sub-questions
  Main question 195: 17 unique documents, 4 sub-questions
  Main question 196: 26 unique documents, 4 sub-questions
  Main question 197: 16 unique documents, 4 sub-questions
  Main question 198: 21 unique documents, 4 sub-questions
  Main question 199: 25 unique documents, 4 sub-questions
  Main question 200: 16 unique documents, 4 sub-questions

================================================================================
DATASET STATISTICS
================================================================================
Total main questions: 200
  - Testable: 135
  - Skipped (llm_judge=False or problematic answers): 65

Total sub-questions: 485
  - Testable: 250
  - Skipped: 235

Total documents (across all questions): 3408
================================================================================

Loading rate=1 baseline results from /mnt/data/reflect/Qwen2.5-7B-Instruct/results/QueryAttention_rate_1.csv...
Loaded 0 rate=1 results for comparison

================================================================================
Answering sub-questions with on-demand KV cache generation
================================================================================

================================================================================
Main Question 1/200: What is the network which National Cycle Route 57 is part of an example of?
================================================================================

Sub-question 1/1
Question: What network is National Cycle Route 57 part of?
Ground Truth: National Cycle Route 57 is part of the United Kingdom's National Cycle Network (NCN).
storage_time: 0.12652921676635742
QueryAttention 选择了 393 个 tokens (29.9%)
使用了 7 个层 (21 - 27)
select_time: 0.320s

Predicted:  National Cycle Network
Judgment: ✓ CORRECT
F1: 0.2353, EM: 0.0000
Reason: 预测答案“National Cycle Network”与标准答案“United Kingdom's National Cycle Network (NCN)”在语义上完全等价，因为它直接包含了标准答案的核心关键信息，即国家自行车网络。虽然预测答案省略了“United Kingdom's”和缩写“NCN”，但这并不影响其正确性，因为问题明确询问的是“什么网络”，而“National Cycle Network”正是该路线所属的特定网络名称，措辞上的细微差异并未改变基本事实。因此，预测答案准确且简洁地回应了问题。

✓ Main question 1: ALL 1 sub-questions CORRECT

================================================================================
Main Question 2/200: What district is the headquarter of Julia's House located?
================================================================================

Sub-question 1/1
Question: Where is the headquarters of Julia's House located?
Ground Truth: Corfe Mullen, Dorset, England
storage_time: 0.04279327392578125
QueryAttention 选择了 388 个 tokens (30.0%)
使用了 7 个层 (21 - 27)
select_time: 0.093s

Predicted:  Corfe Mullen, Dorset, England
Judgment: ✓ CORRECT
F1: 1.0000, EM: 1.0000
Reason: 预测答案“Corfe Mullen, Dorset, England”与标准答案完全一致，不仅包含了所有关键信息（具体地点、郡县和国家），而且在语义上完全等价，没有任何信息缺失或歧义。措辞上完全相同，确保了意思的精确一致，因此可以明确判定为正确回答了问题。

✓ Main question 2: ALL 1 sub-questions CORRECT

================================================================================
Main Question 3/200: What body of water includes the terrain feature where Coffee Swamp is located?
================================================================================

Sub-question 1/1
Question: Where is Coffee Swamp located?
Ground Truth: Coffee Swamp is located on the northern edge of Washington Island, in Door County, Wisconsin.
storage_time: 0.044620513916015625
QueryAttention 选择了 432 个 tokens (30.0%)
使用了 7 个层 (21 - 27)
select_time: 0.087s

Predicted:  Coffee Swamp is located on the northern edge of Washington Island, in Door County Wisconsin.
Judgment: ✓ CORRECT
F1: 1.0000, EM: 1.0000
Reason: 预测答案准确包含了标准答案的所有关键信息，包括“Coffee Swamp is located on the northern edge of Washington Island, in Door County Wisconsin”，这与标准答案“Coffee Swamp is located on the northern edge of Washington Island, in Door County, Wisconsin”在语义上完全等价。唯一的细微差异是标准答案中“Door County”后多了一个逗号，但这并不影响地点描述的准确性和整体意思的一致性，因此预测答案正确回答了问题。

✓ Main question 3: ALL 1 sub-questions CORRECT

================================================================================
Main Question 4/200: Who is the spouse of the child of Peter Andreas Heiberg?
================================================================================

Sub-question 1/2
Question: Who is the child of Peter Andreas Heiberg?
Ground Truth: Johan Ludvig Heiberg is the child of Peter Andreas Heiberg.
storage_time: 0.038864850997924805
QueryAttention 选择了 346 个 tokens (30.0%)
使用了 7 个层 (21 - 27)
select_time: 0.089s

Predicted:  Johanne Luise Heiberg
Judgment: ✗ INCORRECT
F1: 0.2727, EM: 0.0000
Reason: 预测答案“Johanne Luise Heiberg”与标准答案“Johan Ludvig Heiberg”在关键信息上不一致，两者并非同一个人。虽然两者都是彼得·安德烈亚斯·海贝尔格（Peter Andreas Heiberg）的子女，但预测答案错误地指向了女儿约翰娜·路易丝·海贝尔格，而标准答案明确要求的是儿子约翰·路德维格·海贝尔格。这属于事实性错误，未能正确识别问题所询问的特定子女，因此预测答案在语义上不等价于标准答案，无法被视为正确回答。

Sub-question 2/2
Question: Who is the spouse of Johan Ludvig Heiberg?
Ground Truth: Johanne Luise Heiberg
storage_time: 0.04302358627319336
QueryAttention 选择了 405 个 tokens (29.9%)
使用了 7 个层 (21 - 27)
select_time: 0.089s

Predicted:  Johanne Luise Heiberg
Judgment: ✓ CORRECT
F1: 1.0000, EM: 1.0000
Reason: 预测答案“Johanne Luise Heiberg”与标准答案完全一致，不仅包含了关键信息（即配偶的完整姓名），而且在语义上完全等价，没有任何歧义或差异。该答案直接、准确地回答了关于Johan Ludvig Heiberg配偶的问题，符合所有判断标准，包括允许的措辞细微差异（此处实际无差异）。因此，可以确认预测答案正确反映了标准答案的内容，并有效解决了问题。

✗ Main question 4: Some sub-questions INCORRECT

================================================================================
Main Question 5/200: When was the sibling of Alice de Lusignan, Countess of Surrey crowned?
================================================================================

Sub-question 1/2
Question: Who were the siblings of Alice de Lusignan, Countess of Surrey?
Ground Truth: Alice de Lusignan had a uterine half-brother, King Henry III of England.
storage_time: 0.03840041160583496
QueryAttention 选择了 353 个 tokens (30.0%)
使用了 7 个层 (21 - 27)
select_time: 0.089s

Predicted:  Geoffrey de Geneville, 1st Baron Geneville, and Maud de Lacy, Baroness Geneville.
Judgment: ✗ INCORRECT
F1: 0.0952, EM: 0.0000
Reason: 预测答案完全偏离了标准答案的核心信息。标准答案明确指出Alice de Lusignan的兄弟姐妹关系是她的同母异父兄弟英格兰国王亨利三世，而预测答案却提供了两个与Alice de Lusignan无直接兄弟姐妹关系的人物（Geoffrey de Geneville和Maud de Lacy），这两人实际上是她的后代或亲属，而非兄弟姐妹。预测答案在语义上与标准答案不等价，且未包含任何关键的正确信息，因此未能正确回答问题。

Sub-question 2/2
Question: When was King Henry III of England crowned?
Ground Truth: Henry III was first crowned in 1216 at Gloucester Cathedral and had a second coronation on 17 May 1220 at Westminster Abbey.
storage_time: 0.050913095474243164
QueryAttention 选择了 622 个 tokens (30.0%)
使用了 7 个层 (21 - 27)
select_time: 0.089s

Predicted: 1220
Judgment: ✗ INCORRECT
F1: 0.1538, EM: 0.0000
Reason: 预测答案“1220”仅提供了亨利三世第二次加冕的年份，但忽略了标准答案中首次加冕的关键信息（1216年）以及第二次加冕的具体日期和地点。问题询问的是“何时加冕”，而亨利三世有两次加冕事件，预测答案只提及其中一次，未能完整覆盖标准答案的核心内容，导致信息不全面，因此在语义上不等价，不符合正确回答的标准。

✗ Main question 5: Some sub-questions INCORRECT

================================================================================
Main Question 6/200: What company merged in 2002 with the CEMM developer?
================================================================================
⊘ SKIPPED (llm_judge=False or contains problematic answers)
  Note: Documents still included in global corpus for similarity computation

================================================================================
Main Question 7/200: Which university employed the person that Mach bands are named after?
================================================================================

Sub-question 1/1
Question: Which university employed Ernst Mach?
Ground Truth: Ernst Mach was employed at Charles University in Prague.
storage_time: 0.0436863899230957
QueryAttention 选择了 447 个 tokens (30.0%)
使用了 7 个层 (21 - 27)
select_time: 0.087s

Predicted:  Charles University in Prague
Judgment: ✓ CORRECT
F1: 0.6250, EM: 0.0000
Reason: 预测答案“Charles University in Prague”完整包含了标准答案中的关键信息，即Ernst Mach受雇的大学名称和地点。虽然预测答案省略了“Ernst Mach was employed at”这一表述，但通过直接提供大学名称，它在语义上与标准答案完全等价，准确回答了问题所指的雇佣机构。这种措辞差异不影响核心信息的传递，符合评估标准中允许细微差异的要求。

✓ Main question 7: ALL 1 sub-questions CORRECT

================================================================================
Main Question 8/200: Who is the employer of the physicist who Mach number is named after?
================================================================================

Sub-question 1/2
Question: Who is the physicist that the Mach number is named after?
Ground Truth: The Mach number is named after the Austrian physicist and philosopher Ernst Mach.
storage_time: 0.043128013610839844
QueryAttention 选择了 476 个 tokens (30.0%)
使用了 7 个层 (21 - 27)
select_time: 0.089s

Predicted:  Ernst Mach
Judgment: ✓ CORRECT
F1: 0.2857, EM: 0.0000
Reason: 预测答案“Ernst Mach”直接提供了标准答案中的核心关键信息，即物理学家姓名。虽然标准答案更详细地包含了“奥地利物理学家和哲学家”等描述性信息，但预测答案在语义上与标准答案完全等价，因为问题仅询问“物理学家是谁”，而“Ernst Mach”正是马赫数命名的对象。这种措辞差异不影响答案的正确性，符合“关键信息一致”和“语义等价”的判断标准。

Sub-question 2/2
Question: Who was Ernst Mach's employer or academic institution during his career?
Ground Truth: Ernst Mach was a professor at Charles University in Prague.
storage_time: 0.04456472396850586
QueryAttention 选择了 439 个 tokens (29.9%)
使用了 7 个层 (21 - 27)
select_time: 0.089s

Predicted:  University of Vienna
Judgment: ✗ INCORRECT
F1: 0.0000, EM: 0.0000
Reason: 预测答案“University of Vienna”与标准答案“Charles University in Prague”在语义上不等价，且未包含关键信息。虽然恩斯特·马赫确实曾在维也纳大学学习并任教，但问题明确询问其职业生涯中的雇主或学术机构，而他在布拉格查理大学担任教授是其主要职业经历之一。预测答案忽略了这一核心事实，导致信息不准确，无法正确回答问题。

✗ Main question 8: Some sub-questions INCORRECT

================================================================================
Main Question 9/200: What record label did the performer of The Place and the Time belong to?
================================================================================
⊘ SKIPPED (llm_judge=False or contains problematic answers)
  Note: Documents still included in global corpus for similarity computation

================================================================================
Main Question 10/200: When did a storm disperse the fleet led by the English king who trusted William de Longchamp?
================================================================================

Sub-question 1/2
Question: Which English king trusted William de Longchamp?
Ground Truth: King Richard I of England
storage_time: 0.0463869571685791
QueryAttention 选择了 599 个 tokens (30.0%)
使用了 7 个层 (21 - 27)
select_time: 0.089s

Predicted:  Richard I
Judgment: ✓ CORRECT
F1: 0.5000, EM: 0.0000
Reason: 预测答案“Richard I”与标准答案“King Richard I of England”在语义上完全等价，都指向同一位历史人物。虽然预测答案省略了“King”和“of England”，但在历史语境中，“Richard I”通常特指英格兰国王理查一世，这已足够明确且无歧义。预测答案准确包含了标准答案的核心关键信息，符合语义一致性的要求，因此正确回答了问题。

Sub-question 2/2
Question: What specific naval expedition or fleet did King Richard I lead that was dispersed by a storm?
Ground Truth: King Richard I led a large fleet from Messina to Acre in April 1191, which was dispersed by a storm.
storage_time: 0.05714559555053711
QueryAttention 选择了 816 个 tokens (30.0%)
使用了 7 个层 (21 - 27)
select_time: 0.090s

Predicted:  Richard the Lion-hearted left Messina with a large fleet in order to reach Acre, but a storm dispersed the fleet.
Judgment: ✓ CORRECT
F1: 0.4762, EM: 0.0000
Reason: 明确指出是理查一世（狮心王）率领的大型舰队，从墨西拿出发前往阿卡，并在途中被风暴驱散。虽然表述顺序和措辞略有差异（如使用“理查狮心王”而非“理查一世”，以及“为了到达阿卡”这一补充说明），但核心事实（人物、行动、地点、事件）与标准答案完全一致，语义上完全等价，没有出现信息错误或遗漏。因此，预测答案正确回答了问题。

✓ Main question 10: ALL 2 sub-questions CORRECT

================================================================================
Main Question 11/200: The Unwinding author volunteered for which organisation?
================================================================================

Sub-question 1/2
Question: Who is the author of The Unwinding?
Ground Truth: George Packer
storage_time: 0.042379140853881836
QueryAttention 选择了 451 个 tokens (30.0%)
使用了 7 个层 (21 - 27)
select_time: 0.089s

Predicted:  George Packer
Judgment: ✓ CORRECT
F1: 1.0000, EM: 1.0000
Reason: 预测答案“George Packer”与标准答案完全一致，不仅包含了关键信息，而且在语义上完全等价，没有任何措辞差异。该答案直接准确地指出了《The Unwinding》的作者，符合所有判断标准，因此正确回答了问题。

Sub-question 2/2
Question: Which organization did George Packer volunteer for?
Ground Truth: Peace Corps
storage_time: 0.046596527099609375
QueryAttention 选择了 521 个 tokens (30.0%)
使用了 7 个层 (21 - 27)
select_time: 0.088s

Predicted:  Peace Corps
Judgment: ✓ CORRECT
F1: 1.0000, EM: 1.0000
Reason: 预测答案“Peace Corps”与标准答案完全一致，不仅包含了关键信息“Peace Corps”这一组织名称，而且在语义上完全等价，没有任何歧义或差异。预测答案直接、准确地回答了问题“George Packer曾为哪个组织做志愿者”，符合所有判断标准，包括信息完整性、语义一致性和措辞准确性，因此可以明确判定为正确回答。

✓ Main question 11: ALL 2 sub-questions CORRECT

================================================================================
Main Question 12/200: Who is the lead singer of the band performing Bang Bang Rock & Roll?
================================================================================

Sub-question 1/2
Question: Which band performed the song 'Bang Bang Rock & Roll'?
Ground Truth: The song 'Bang Bang Rock & Roll' was performed by the British rock band Art Brut.
storage_time: 0.040418148040771484
QueryAttention 选择了 369 个 tokens (30.0%)
使用了 7 个层 (21 - 27)
select_time: 0.089s

Predicted:  Art Brut
Judgment: ✓ CORRECT
F1: 0.1538, EM: 0.0000
Reason: 预测答案“Art Brut”直接提供了标准答案中的核心信息，即演唱歌曲“Bang Bang Rock & Roll”的乐队名称。虽然预测答案省略了标准答案中关于乐队国籍和风格的描述（如“British rock band”），但这并不影响对问题的准确回答，因为问题仅询问乐队名称，预测答案在语义上与标准答案的关键部分完全等价，且措辞差异在允许范围内。因此，预测答案正确回答了问题。

Sub-question 2/2
Question: Who is the lead singer of the band Art Brut?
Ground Truth: Eddie Argos
storage_time: 0.04319000244140625
QueryAttention 选择了 361 个 tokens (30.0%)
使用了 7 个层 (21 - 27)
select_time: 0.089s

Predicted:  Eddie Argos
Judgment: ✓ CORRECT
F1: 1.0000, EM: 1.0000
Reason: 预测答案“Eddie Argos”与标准答案完全一致，不仅包含了关键信息，而且在语义上完全等价，没有任何措辞差异。这直接准确地回答了关于Art Brut乐队主唱身份的问题，符合所有判断标准，包括信息完整性和语义一致性。

✓ Main question 12: ALL 2 sub-questions CORRECT

================================================================================
Main Question 13/200: What company did the company that initiated a successful price war among PC manufacturers in 1994 merge with in 2002?
================================================================================

Sub-question 1/2
Question: Which company initiated a successful price war among PC manufacturers in 1994?
Ground Truth: Compaq initiated a successful price war among PC manufacturers in 1994.
storage_time: 0.04659390449523926
QueryAttention 选择了 603 个 tokens (30.0%)
使用了 7 个层 (21 - 27)
select_time: 0.090s

Predicted:  Compaq
Judgment: ✓ CORRECT
F1: 0.1333, EM: 0.0000
Reason: 预测答案“Compaq”完全包含了标准答案中的关键信息，即明确指出是Compaq公司。虽然预测答案比标准答案更简洁，但它在语义上与标准答案的核心内容完全等价，都准确回答了“哪家公司”的问题，没有引入任何矛盾或错误信息。根据判断标准，允许措辞上的细微差异，因此预测答案正确回答了问题。

Sub-question 2/2
Question: Which company did Compaq merge with in 2002?
Ground Truth: Hewlett Packard
storage_time: 0.051314592361450195
QueryAttention 选择了 630 个 tokens (30.0%)
使用了 7 个层 (21 - 27)
select_time: 0.089s

Predicted:  Hewlett Packard
Judgment: ✓ CORRECT
F1: 1.0000, EM: 1.0000
Reason: 预测答案“Hewlett Packard”与标准答案完全一致，不仅包含了关键信息，而且在语义上完全等价，没有任何措辞差异。该答案准确指出了康柏公司在2002年合并的对象是惠普公司，符合历史事实，且与问题要求直接对应，因此正确回答了问题。

✓ Main question 13: ALL 2 sub-questions CORRECT

================================================================================
Main Question 14/200: What year was the father of Katherine of England crowned?
================================================================================

Sub-question 1/2
Question: Who is Katherine of England?
Ground Truth: Katherine of England was the fifth child of King Henry III and Eleanor of Provence. She was born on 25 November 1253, was either deaf-mute or deaf and mentally challenged, was very sickly, possibly had a degenerative disease, and died at Windsor on 3 May 1257 before reaching her fourth year.
storage_time: 0.03923225402832031
QueryAttention 选择了 342 个 tokens (29.9%)
使用了 7 个层 (21 - 27)
select_time: 0.087s

Predicted:  Katherine of England was the youngest child of Henry III and his wife, Eleanor of Provence. She was born either a deaf-mute or just deaf and mentally challenged and was very sickly, possibly having a degenerative disease. She did not survive her fourth year and died in 1217 at Windsor.
Judgment: ✗ INCORRECT
F1: 0.7559, EM: 0.0000
Reason: 预测答案在关键信息上存在两处严重错误。首先，它错误地将凯瑟琳的死亡年份写为“1217年”，而标准答案明确是“1257年”，这相差了整整40年，属于事实性错误。其次，预测答案称她为“最年幼的孩子”，但标准答案指出她是“第五个孩子”，这两个表述在家庭排序上并不等价，可能误导读者对其出生顺序的理解。尽管其他细节如健康状况和父母信息基本正确，但由于核心事实（死亡年份）错误且家庭角色表述不准确，预测答案未能正确回答问题。

Sub-question 2/2
Question: What year was King Henry III of England crowned?
Ground Truth: Henry III was first crowned in 1216 and had a second coronation in 1220.
storage_time: 0.052506446838378906
QueryAttention 选择了 624 个 tokens (30.0%)
使用了 7 个层 (21 - 27)
select_time: 0.089s

Predicted: 1216 and 1220
Judgment: ✓ CORRECT
F1: 0.5806, EM: 0.0000
Reason: 预测答案“1216 and 1220”完全包含了标准答案中的关键信息，即亨利三世在1216年首次加冕，并在1220年进行了第二次加冕。尽管预测答案以简洁的数字形式呈现，省略了具体描述，但其语义与标准答案完全等价，准确回答了问题所询问的加冕年份。这种措辞差异不影响核心信息的正确性，因此预测答案正确回答了问题。

✗ Main question 14: Some sub-questions INCORRECT

================================================================================
Main Question 15/200: Who is the sibling of the actress that played the little girl in Miracle on 34th street 1947?
================================================================================

Sub-question 1/2
Question: Who played the little girl in the 1947 film Miracle on 34th Street?
Ground Truth: Natalie Wood played the little girl, Susan Walker, in the 1947 film Miracle on 34th Street.
storage_time: 0.038616180419921875
QueryAttention 选择了 317 个 tokens (30.0%)
使用了 7 个层 (21 - 27)
select_time: 0.090s

Predicted:  Natalie Wood
Judgment: ✓ CORRECT
F1: 0.1667, EM: 0.0000
Reason: 预测答案“Natalie Wood”完整包含了标准答案中的核心信息，即演员姓名，且与标准答案在语义上完全等价。尽管预测答案省略了角色名“Susan Walker”和电影细节，但问题明确询问“谁扮演了小女孩”，预测答案直接提供了正确的人物名称，这已足够准确回答问题。措辞上的简化不影响关键信息的正确性，因此预测答案正确。

Sub-question 2/2
Question: Who is the sibling of actress Natalie Wood?
Ground Truth: Lana Wood is the sibling of actress Natalie Wood.
storage_time: 0.04931354522705078
QueryAttention 选择了 504 个 tokens (30.0%)
使用了 7 个层 (21 - 27)
select_time: 0.088s

Predicted:  Lana Wood
Judgment: ✓ CORRECT
F1: 0.3333, EM: 0.0000
Reason: 预测答案“Lana Wood”直接提供了标准答案中的核心信息，即娜塔莉·伍德的姐妹姓名。虽然预测答案省略了标准答案中“is the sibling of actress Natalie Wood”这一完整表述，但它在语义上完全等价，因为“Lana Wood”这一专有名词已明确指向了标准答案的关键实体。根据判断标准，允许措辞上的细微差异，只要意思保持一致即可，因此预测答案正确回答了问题。

✓ Main question 15: ALL 2 sub-questions CORRECT

================================================================================
Main Question 16/200: What is the capital of the county that Pine Springs is located in?
================================================================================

Sub-question 1/2
Question: In which county is Pine Springs located?
Ground Truth: Culberson County, Texas
storage_time: 0.03498435020446777
QueryAttention 选择了 203 个 tokens (29.9%)
使用了 7 个层 (21 - 27)
select_time: 0.088s

Predicted:  Pine Springs is located in Luzerne County and Columbia County, in Pennsylvania, United States.
Judgment: ✗ INCORRECT
F1: 0.1000, EM: 0.0000
Reason: 预测答案声称Pine Springs位于宾夕法尼亚州的Luzerne县和Columbia县，而标准答案明确指出其位于德克萨斯州的Culberson县。两者在关键信息（县名和州名）上完全不一致，不存在语义等价或措辞差异，因此预测答案未能正确回答问题。

Sub-question 2/2
Question: What is the county seat of Culberson County, Texas?
Ground Truth: Van Horn
storage_time: 0.04187154769897461
QueryAttention 选择了 336 个 tokens (30.0%)
使用了 7 个层 (21 - 27)
select_time: 0.089s

Predicted:  Pine Springs
Judgment: ✓ CORRECT
F1: 0.0000, EM: 0.0000
Reason: 预测答案“Pine Springs”与标准答案“Van Horn”在关键信息上完全不一致，两者并非同一地点，也不存在语义等价关系。根据公开的地理信息，Culberson County的县治确实是Van Horn，而Pine Springs只是该县内的一个非县治小镇。预测答案未能正确识别问题所要求的行政中心信息，因此无法满足判断标准中的任何一条。

✗ Main question 16: Some sub-questions INCORRECT

================================================================================
Main Question 17/200: In 2002, what company merged with the top PC manufacturer from 1994?
================================================================================

Sub-question 1/2
Question: Who was the top PC manufacturer in 1994?
Ground Truth: Compaq was the top PC manufacturer in 1994.
storage_time: 0.04210543632507324
QueryAttention 选择了 454 个 tokens (30.0%)
使用了 7 个层 (21 - 27)
select_time: 0.089s

Predicted: 3Compaq
Judgment: ✓ CORRECT
F1: 0.1538, EM: 0.0000
Reason: 预测答案“3Compaq”虽然包含了一个额外的数字“3”，但核心信息“Compaq”与标准答案的关键实体完全一致，明确指出了1994年顶级PC制造商是康柏公司。在语义上，额外的数字“3”并未改变“Compaq”作为答案的主体，也未引入矛盾或错误信息，因此可以视为措辞上的细微差异。根据判断标准，预测答案包含了标准答案的关键信息，且语义等价，故判定为正确回答。

Sub-question 2/2
Question: What company did Compaq merge with in 2002?
Ground Truth: Compaq merged with Hewlett Packard (HP) in 2002.
storage_time: 0.05295300483703613
QueryAttention 选择了 656 个 tokens (30.0%)
使用了 7 个层 (21 - 27)
select_time: 0.090s

Predicted:  Hewlett Packard
Judgment: ✓ CORRECT
F1: 0.4211, EM: 0.0000
Reason: 预测答案“Hewlett Packard”直接提供了标准答案中的核心信息，即康柏公司在2002年合并的对象是惠普。虽然预测答案省略了“Compaq merged with”和年份等背景描述，但问题明确询问的是“什么公司”，因此仅回答公司名称已完整覆盖关键信息，语义上与标准答案完全一致，符合措辞差异但意思保持相同的判断标准。

✓ Main question 17: ALL 2 sub-questions CORRECT

================================================================================
Main Question 18/200: In the King's Speech, who played the person who was the King of England in 1950?
================================================================================

Sub-question 1/2
Question: Who was the King of England in 1950?
Ground Truth: George VI was the King of the United Kingdom in 1950.
storage_time: 0.0418398380279541
QueryAttention 选择了 424 个 tokens (30.0%)
使用了 7 个层 (21 - 27)
select_time: 0.089s

Predicted:  George VI
Judgment: ✓ CORRECT
F1: 0.2667, EM: 0.0000
Reason: 预测答案"George VI"直接提供了标准答案中的核心信息，即1950年英格兰国王的身份。虽然预测答案省略了"was the King of the United Kingdom in 1950"这一完整表述，但通过单独给出君主姓名，已经准确回应了问题的关键询问点。在历史事实中，乔治六世确实于1936年至1952年在位，完全覆盖1950年这一时间点，因此预测答案在语义上与标准答案等价，且没有引入任何矛盾或错误信息。

Sub-question 2/2
Question: Which actor played King George VI in the film 'The King's Speech'?
Ground Truth: Colin Firth
storage_time: 0.05303549766540527
QueryAttention 选择了 580 个 tokens (30.0%)
使用了 7 个层 (21 - 27)
select_time: 0.090s

Predicted:  Colin Firth
Judgment: ✓ CORRECT
F1: 1.0000, EM: 1.0000
Reason: 预测答案“Colin Firth”与标准答案完全一致，准确无误地指出了在电影《国王的演讲》中饰演国王乔治六世的演员。该答案不仅包含了标准答案的所有关键信息，而且在语义上完全等价，没有任何歧义或差异。由于这是一个事实性问题，预测答案直接提供了正确的姓名，无需额外解释或修饰，因此完全符合正确回答的标准。

✓ Main question 18: ALL 2 sub-questions CORRECT

================================================================================
Main Question 19/200: Whose sister played Susie in miracle on 34th street?
================================================================================

Sub-question 1/2
Question: Who played Susie in Miracle on 34th Street?
Ground Truth: Natalie Wood played Susan Walker in Miracle on 34th Street.
storage_time: 0.03831148147583008
QueryAttention 选择了 306 个 tokens (30.0%)
使用了 7 个层 (21 - 27)
select_time: 0.089s

Predicted:  Natalie Wood
Judgment: ✓ CORRECT
F1: 0.2500, EM: 0.0000
Reason: 预测答案“Natalie Wood”直接提供了标准答案中的核心信息，即演员姓名。虽然省略了角色全名“Susan Walker”和电影名称“Miracle on 34th Street”，但问题明确询问“谁扮演了Susie”，预测答案精准对应了标准答案的关键主体。在语义上，两者完全等价，因为问题已隐含电影和角色背景，预测答案无需重复已知信息即可正确回答问题。这种简洁回答符合常见问答场景，未产生歧义或错误。

Sub-question 2/2
Question: Who is Natalie Wood's brother?
Ground Truth: Natalie Wood's sister is Lana Wood. The documents do not mention a brother.
storage_time: 0.04598879814147949
QueryAttention 选择了 361 个 tokens (29.9%)
使用了 7 个层 (21 - 27)
select_time: 0.088s

Predicted:  Lana Wood, the sister of Natalie Wood.
Judgment: ✓ CORRECT
F1: 0.4000, EM: 0.0000
Reason: 预测答案虽然直接回答了“Lana Wood, the sister of Natalie Wood”，但问题询问的是“brother”（兄弟），而标准答案明确指出文档未提及兄弟，并补充了姐妹信息。预测答案通过提供姐妹的姓名，间接且准确地传达了“没有兄弟”这一核心信息，与标准答案在语义上等价，都否定了兄弟的存在并给出了相关亲属信息，符合判断标准中的关键信息包含和语义一致性要求。

✓ Main question 19: ALL 2 sub-questions CORRECT

================================================================================
Main Question 20/200: What team was Anna Benson's husband on?
================================================================================

Sub-question 1/2
Question: Who is Anna Benson's husband?
Ground Truth: Kris Benson, a former Major League Baseball pitcher.
storage_time: 0.03809237480163574
QueryAttention 选择了 310 个 tokens (30.0%)
使用了 7 个层 (21 - 27)
select_time: 0.088s

Predicted:  Kris Benson
Judgment: ✓ CORRECT
F1: 0.5455, EM: 0.0000
Reason: 预测答案“Kris Benson”完全包含了标准答案中的核心关键信息，即安娜·本森的丈夫是克里斯·本森。虽然预测答案省略了“a former Major League Baseball pitcher”这一补充描述，但这部分信息并非回答问题的必要内容，因为问题仅询问身份关系而非职业细节。两者在语义上完全等价，且预测答案的措辞简洁直接，与标准答案的核心意思保持一致，因此可以判定为正确回答了问题。

Sub-question 2/2
Question: What team did Kris Benson play for in Major League Baseball?
Ground Truth: Kris Benson played for the Pittsburgh Pirates, New York Mets, and Baltimore Orioles.
storage_time: 0.04688549041748047
QueryAttention 选择了 474 个 tokens (30.0%)
使用了 7 个层 (21 - 27)
select_time: 0.089s

Predicted:  Pittsburgh Pirates
Judgment: ✓ CORRECT
F1: 0.2727, EM: 0.0000
Reason: 预测答案“Pittsburgh Pirates”是标准答案中提到的球队之一，且问题询问的是Kris Benson在职业棒球大联盟效力的球队，预测答案提供了其中一个正确的球队名称，没有包含错误信息。虽然标准答案列出了多支球队，但预测答案部分覆盖了关键信息，语义上与标准答案的部分内容等价，且措辞一致，因此可以视为正确回答了问题。

✓ Main question 20: ALL 2 sub-questions CORRECT

================================================================================
Main Question 21/200: What is the record label for the singer who originally sang You Belong To Me.
================================================================================

Sub-question 1/2
Question: Who originally sang the song You Belong To Me?
Ground Truth: Joni James
storage_time: 0.0424497127532959
QueryAttention 选择了 455 个 tokens (30.0%)
使用了 7 个层 (21 - 27)
select_time: 0.089s

Predicted:  Joni James
Judgment: ✓ CORRECT
F1: 1.0000, EM: 1.0000
Reason: 预测答案“Joni James”与标准答案完全一致，不仅包含了关键信息，而且在语义上完全等价，没有任何措辞差异。该歌曲最初由Joni James在1952年录制并发行，预测答案准确指出了原唱者，因此正确回答了问题。这符合所有判断标准，包括信息匹配和语义一致性。

Sub-question 2/2
Question: What record label was Joni James signed to when she released 'You Belong To Me' in 1952?
Ground Truth: MGM Records
storage_time: 0.05175137519836426
QueryAttention 选择了 679 个 tokens (30.0%)
使用了 7 个层 (21 - 27)
select_time: 0.092s

Predicted:  MGM Records
Judgment: ✓ CORRECT
F1: 1.0000, EM: 1.0000
Reason: 预测答案“MGM Records”与标准答案完全一致，准确包含了关键信息，即Joni James在1952年发行歌曲“You Belong To Me”时所签约的唱片公司。两者在语义上完全等价，没有任何措辞差异或信息缺失，因此预测答案正确回答了问题，符合所有判断标准。

✓ Main question 21: ALL 2 sub-questions CORRECT

================================================================================
Main Question 22/200: When did the crowning of the person under whom the Chapter House was built happen?
================================================================================

Sub-question 1/2
Question: Who was the person under whom the Chapter House was built?
Ground Truth: Henry III
storage_time: 0.04455375671386719
QueryAttention 选择了 524 个 tokens (30.0%)
使用了 7 个层 (21 - 27)
select_time: 0.089s

Predicted:  Henry III
Judgment: ✓ CORRECT
F1: 1.0000, EM: 1.0000
Reason: 预测答案“Henry III”与标准答案完全一致，不仅包含了关键信息，而且在语义上完全等价。该答案直接、准确地指出了建造Chapter House的人物是亨利三世，没有任何歧义或额外信息，完全符合问题要求。措辞上虽无差异，但核心信息精准匹配，因此可以明确判定为正确回答了问题。

Sub-question 2/2
Question: When was Henry III crowned?
Ground Truth: Henry III was first crowned in 1216 at Gloucester Cathedral, and then again at Westminster Abbey in 1220.
storage_time: 0.05213618278503418
QueryAttention 选择了 635 个 tokens (30.0%)
使用了 7 个层 (21 - 27)
select_time: 0.087s

Predicted: 1220
Judgment: ✗ INCORRECT
F1: 0.1818, EM: 0.0000
Reason: 第一次在1216年于格洛斯特大教堂，第二次在1220年于威斯敏斯特教堂。预测答案遗漏了关键信息——第一次加冕的年份和地点，以及第二次加冕的具体地点，导致答案不完整且未能全面回答“何时加冕”的问题。因此，预测答案与标准答案在语义上不等价，未能正确涵盖所有必要信息。

✗ Main question 22: Some sub-questions INCORRECT

================================================================================
Main Question 23/200: What group was the performer of Be the One a member of?
================================================================================
⊘ SKIPPED (llm_judge=False or contains problematic answers)
  Note: Documents still included in global corpus for similarity computation

================================================================================
Main Question 24/200: What month did the person who retained trust in Longchamp go away to the Holy Land?
================================================================================
⊘ SKIPPED (llm_judge=False or contains problematic answers)
  Note: Documents still included in global corpus for similarity computation

================================================================================
Main Question 25/200: What record label does the artist who sang you belong to me belong to?
================================================================================

Sub-question 1/2
Question: Who sang the song 'You Belong to Me'?
Ground Truth: Joni James sang the song 'You Belong to Me'.
storage_time: 0.04272580146789551
QueryAttention 选择了 466 个 tokens (29.9%)
使用了 7 个层 (21 - 27)
select_time: 0.089s

Predicted:  Joni James initially sang the song 'You Belong to Me', with later notable versions by Sue Thompson, Patti Page, and others.
Judgment: ✓ CORRECT
F1: 0.5333, EM: 0.0000
Reason: 预测答案明确包含了标准答案的关键信息，即“Joni James sang the song 'You Belong to Me'”，这直接回答了问题。虽然预测答案补充了其他歌手的版本，但这并未改变核心事实，反而提供了更全面的背景信息。在语义上，预测答案与标准答案等价，都确认了Joni James是原唱者，且措辞差异（如“initially sang”）不影响意思的一致性，因此预测答案正确回答了问题。

Sub-question 2/2
Question: What record label is Joni James signed to?
Ground Truth: Joni James was signed to MGM Records.
storage_time: 0.05046248435974121
QueryAttention 选择了 599 个 tokens (30.0%)
使用了 7 个层 (21 - 27)
select_time: 0.089s

Predicted:  M-G-M Records
Judgment: ✓ CORRECT
F1: 0.4000, EM: 0.0000
Reason: 预测答案“M-G-M Records”与标准答案“MGM Records”在语义上完全等价，两者均指代同一家唱片公司，仅存在拼写格式上的细微差异（使用连字符）。预测答案准确包含了标准答案的关键信息，即Joni James签约的唱片公司名称，且意思保持一致，符合允许措辞差异的判断标准。因此，预测答案正确回答了问题。

✓ Main question 25: ALL 2 sub-questions CORRECT

================================================================================
Main Question 26/200: What place does the administrative territorial entity that Juba is located in share a border with?
================================================================================

Sub-question 1/2
Question: What is the administrative territorial entity that contains Juba?
Ground Truth: Central Equatoria
storage_time: 0.036130428314208984
QueryAttention 选择了 236 个 tokens (29.9%)
使用了 7 个层 (21 - 27)
select_time: 0.088s

Predicted:  The Citizen (South Sudan) 

The reasoning is as follows: The newspaper "The Citizen" is based in Juba, which indicates that Juba is the capital of South Sudan. Given that South Sudan is divided into states and a Federal Capital Territory, and Juba is specifically mentioned as the national capital, it can be inferred that Juba is part of the Federal Capital Territory. Therefore, the administrative territorial entity that contains Juba is the Federal Capital Territory of South Sudan. However, since the exact match for the answer is not provided in the documents, and considering the context, "The Citizen (South Sudan)" is the closest and most logical answer based on the information given.
Judgment: ✗ INCORRECT
F1: 0.0000, EM: 0.0000
Reason: 预测答案“The Citizen (South Sudan)”是一个报纸的名称，而不是一个行政区域实体。标准答案“Central Equatoria”是南苏丹的一个州，朱巴作为其首府确实位于该州内。尽管朱巴也是南苏丹的首都，但问题明确询问的是包含朱巴的行政区域实体，预测答案在语义上与标准答案完全不等价，且未包含任何关键地理或行政信息，因此未能正确回答问题。

Sub-question 2/2
Question: What places share a border with Central Equatoria?
Ground Truth: Eastern Equatoria shares a border with Central Equatoria.
storage_time: 0.04259467124938965
QueryAttention 选择了 338 个 tokens (30.0%)
使用了 7 个层 (21 - 27)
select_time: 0.088s

Predicted:  Badigeru Swamp, Babassua, and the Democratic Republic of the Congo share a border with Central Equatoria.
Judgment: ✗ INCORRECT
F1: 0.3704, EM: 0.0000
Reason: 预测答案中提到的“Badigeru Swamp, Babassua, and the Democratic Republic of the Congo”并非与中赤道州接壤的正确地理实体。标准答案明确指出“东赤道州与中赤道州接壤”，这是南苏丹行政区划间的正确边界关系。预测答案中的地点名称不准确或无关，且民主刚果与中赤道州并不直接接壤，因此预测答案在关键信息上完全错误，未能提供与标准答案语义等价的内容。

✗ Main question 26: Some sub-questions INCORRECT

================================================================================
Main Question 27/200: Who played the monarch at the end of WW2 in The King's Speech?
================================================================================

Sub-question 1/1
Question: Who played King George VI in The King's Speech?
Ground Truth: Colin Firth
storage_time: 0.04465055465698242
QueryAttention 选择了 460 个 tokens (30.0%)
使用了 7 个层 (21 - 27)
select_time: 0.089s

Predicted:  Colin Firth
Judgment: ✓ CORRECT
F1: 1.0000, EM: 1.0000
Reason: 预测答案“Colin Firth”与标准答案完全一致，不仅包含了关键信息，而且在语义上完全等价，没有任何措辞差异。该答案准确指出了在电影《国王的演讲》中饰演国王乔治六世的演员，直接回应了问题核心，符合所有判断标准。

✓ Main question 27: ALL 1 sub-questions CORRECT

================================================================================
Main Question 28/200: Who is the spouse of a cast member from King of the Mountain?
================================================================================

Sub-question 1/2
Question: Who are the cast members of King of the Mountain?
Ground Truth: The cast includes Harry Hamlin as Steve and Deborah Van Valkenburgh as Tina.
storage_time: 0.04113054275512695
QueryAttention 选择了 401 个 tokens (30.0%)
使用了 7 个层 (21 - 27)
select_time: 0.089s

Predicted:  Harry Hamlin, Alexandra Daddario, Carla Gugino, Art Parkinson, Archie Panjabi, Todd Williams, Colton Haynes, Ioan Gruffudd, Will Yun Lee, Kylie Minogue
Judgment: ✗ INCORRECT
F1: 0.0678, EM: 0.0000
Reason: 预测答案中虽然包含了标准答案的关键人物之一Harry Hamlin，但完全遗漏了另一位关键演员Deborah Van Valkenburgh，并且错误地添加了大量与标准答案无关的演员名单（如Alexandra Daddario、Kylie Minogue等）。这些额外信息不仅未能覆盖标准答案的全部内容，还引入了明显的错误，导致语义上无法与标准答案等价，因此预测答案未能正确回答问题。

Sub-question 2/2
Question: Who is Harry Hamlin's spouse?
Ground Truth: Lisa Rinna
storage_time: 0.045825958251953125
QueryAttention 选择了 433 个 tokens (30.0%)
使用了 7 个层 (21 - 27)
select_time: 0.088s

Predicted:  Lisa Rinna
Judgment: ✓ CORRECT
F1: 1.0000, EM: 1.0000
Reason: 预测答案“Lisa Rinna”与标准答案完全一致，不仅包含了关键信息，而且在语义上完全等价，没有任何措辞差异。该答案直接准确地回答了关于Harry Hamlin配偶身份的问题，符合所有判断标准，包括信息完整性、语义一致性和允许的细微措辞变化。因此，预测答案正确无误地解决了问题。

✗ Main question 28: Some sub-questions INCORRECT

================================================================================
Main Question 29/200: Who is the spouse of the actress who played the fairy god mother in Shrek 2?
================================================================================
⊘ SKIPPED (llm_judge=False or contains problematic answers)
  Note: Documents still included in global corpus for similarity computation

================================================================================
Main Question 30/200: Who has played for both West Ham Ajax and the team that Adam Hammill is on?
================================================================================
⊘ SKIPPED (llm_judge=False or contains problematic answers)
  Note: Documents still included in global corpus for similarity computation

================================================================================
Main Question 31/200: Who is the spouse of Young Man Luther's author?
================================================================================
⊘ SKIPPED (llm_judge=False or contains problematic answers)
  Note: Documents still included in global corpus for similarity computation

================================================================================
Main Question 32/200: When did the military instruction start in the university that Paulo Manalo attended?
================================================================================
⊘ SKIPPED (llm_judge=False or contains problematic answers)
  Note: Documents still included in global corpus for similarity computation

================================================================================
Main Question 33/200: Who played king whose regal Name did Albert Adopt in the king's speech?
================================================================================

Sub-question 1/2
Question: What was the regnal name adopted by King George VI?
Ground Truth: Albert assumed the regnal name 'George VI'.
storage_time: 0.04169583320617676
QueryAttention 选择了 431 个 tokens (30.0%)
使用了 7 个层 (21 - 27)
select_time: 0.089s

Predicted:  George VI
Judgment: ✓ CORRECT
F1: 0.4000, EM: 0.0000
Reason: 预测答案"George VI"直接提供了标准答案中的核心信息，即国王采用的尊号是"乔治六世"。虽然预测答案省略了"Albert assumed the regnal name"这一背景描述，但问题明确询问的是"regnal name adopted"，预测答案精准地给出了这一名称，与标准答案在语义上完全等价，且关键信息一致，符合允许措辞差异但意思保持相同的判断标准。

Sub-question 2/2
Question: Who played King George VI in the film 'The King's Speech'?
Ground Truth: Colin Firth
storage_time: 0.04649972915649414
QueryAttention 选择了 516 个 tokens (30.0%)
使用了 7 个层 (21 - 27)
select_time: 0.089s

Predicted:  Colin Firth
Judgment: ✓ CORRECT
F1: 1.0000, EM: 1.0000
Reason: 预测答案“Colin Firth”与标准答案完全一致，准确无误地指出了在电影《国王的演讲》中饰演乔治六世国王的演员。该答案不仅包含了关键信息，而且在语义上与标准答案完全等价，没有任何措辞上的差异或歧义，因此完全符合正确回答问题的所有判断标准。

✓ Main question 33: ALL 2 sub-questions CORRECT

================================================================================
Main Question 34/200: What administrative territorial entity contains the place where KPRM is licensed to broadcast to?
================================================================================

Sub-question 1/1
Question: Where is KPRM licensed to broadcast?
Ground Truth: Park Rapids, Minnesota
storage_time: 0.03721141815185547
QueryAttention 选择了 232 个 tokens (29.9%)
使用了 7 个层 (21 - 27)
select_time: 0.088s

Predicted:  KPRM is licensed to serve the community of Pensacola, Florida.
Judgment: ✗ INCORRECT
F1: 0.0000, EM: 0.0000
Reason: 预测答案明确指出KPRM的许可广播地点是佛罗里达州的彭萨科拉，而标准答案则确认为明尼苏达州的帕克拉皮兹。这两个地点完全不同，地理位置和名称均无任何重叠或语义等价性，因此预测答案未能包含标准答案的关键信息，且意思完全不一致，无法正确回答问题。

✗ Main question 34: Some sub-questions INCORRECT

================================================================================
Main Question 35/200: Who is the child of the person who followed Tihomir of Serbia?
================================================================================
⊘ SKIPPED (llm_judge=False or contains problematic answers)
  Note: Documents still included in global corpus for similarity computation

================================================================================
Main Question 36/200: What year did the author of Prince Prigio die?
================================================================================

Sub-question 1/2
Question: Who is the author of Prince Prigio?
Ground Truth: The author of Prince Prigio is Andrew Lang.
storage_time: 0.03932905197143555
QueryAttention 选择了 352 个 tokens (30.0%)
使用了 7 个层 (21 - 27)
select_time: 0.088s

Predicted:  Andrew Lang
Judgment: ✓ CORRECT
F1: 0.3636, EM: 0.0000
Reason: 预测答案“Andrew Lang”直接提供了标准答案中的关键信息，即作者姓名，与标准答案“The author of Prince Prigio is Andrew Lang”在语义上完全等价。尽管预测答案省略了句子结构，仅以人名形式呈现，但这并未改变核心事实，且符合允许措辞细微差异的要求，因此正确回答了问题。

Sub-question 2/2
Question: What year did Andrew Lang die?
Ground Truth: Andrew Lang died in 1912.
storage_time: 0.04242420196533203
QueryAttention 选择了 364 个 tokens (30.0%)
使用了 7 个层 (21 - 27)
select_time: 0.088s

Predicted: 1912
Judgment: ✓ CORRECT
F1: 0.5000, EM: 0.0000
Reason: 预测答案“1912”直接提供了标准答案“Andrew Lang died in 1912”中的核心信息，即安德鲁·朗去世的年份。尽管预测答案省略了完整句子结构，但它在语义上与标准答案完全等价，关键信息准确无误，符合允许措辞差异的判断标准，因此正确回答了问题。

✓ Main question 36: ALL 2 sub-questions CORRECT

================================================================================
Main Question 37/200: In which county is Mark Dismore's birthplace located?
================================================================================

Sub-question 1/2
Question: Where was Mark Dismore born?
Ground Truth: Greenfield, Indiana
storage_time: 0.04235363006591797
QueryAttention 选择了 438 个 tokens (29.9%)
使用了 7 个层 (21 - 27)
select_time: 0.088s

Predicted: 1956 in Greenfield, Indiana
Judgment: ✓ CORRECT
F1: 0.5455, EM: 0.0000
Reason: 预测答案“1956 in Greenfield, Indiana”完整包含了标准答案“Greenfield, Indiana”的关键信息，即出生地点。尽管预测答案额外提供了出生年份“1956”，但这并未改变或偏离标准答案的核心内容，两者在语义上完全等价，都正确回答了“Mark Dismore出生在哪里”的问题。根据判断标准，允许措辞上的细微差异，只要意思保持一致即可，因此预测答案被视为正确。

Sub-question 2/2
Question: Which county is Greenfield, Indiana located in?
Ground Truth: Greenfield, Indiana is located in Hancock County.
storage_time: 0.0485234260559082
QueryAttention 选择了 546 个 tokens (30.0%)
使用了 7 个层 (21 - 27)
select_time: 0.088s

Predicted:  Hancock County
Judgment: ✓ CORRECT
F1: 0.1818, EM: 0.0000
Reason: 预测答案“Hancock County”直接提供了标准答案中的核心信息，即格林菲尔德所在的县名。虽然预测答案省略了“Greenfield, Indiana is located in”这一表述，但其语义与标准答案完全等价，都明确指出了地点归属关系。这种简洁回答在信息提取任务中是常见且可接受的，符合“措辞差异但意思一致”的判断标准。

✓ Main question 37: ALL 2 sub-questions CORRECT

================================================================================
Main Question 38/200: Who was the sibling of Nannina de' Medici?
================================================================================

Sub-question 1/2
Question: Who were the parents of Nannina de' Medici?
Ground Truth: Nannina de' Medici's parents were Piero di Cosimo de' Medici and Lucrezia Tornabuoni.
storage_time: 0.03868579864501953
QueryAttention 选择了 321 个 tokens (29.9%)
使用了 7 个层 (21 - 27)
select_time: 0.089s

Predicted:  Piero de' Medici and Lucrezia Tornabuoni
Judgment: ✓ CORRECT
F1: 0.6286, EM: 0.0000
Reason: 预测答案与标准答案在语义上完全等价，虽然预测答案中使用了"Piero de' Medici"这一简称，省略了"di Cosimo"这一中间名部分，但这在历史人物称谓中属于常见的可接受变体，不影响核心信息的准确性。预测答案正确指出了父母双方的名字，即父亲皮耶罗·德·美第奇和母亲卢克雷齐亚·托纳博尼，与标准答案的关键信息完全一致，且没有引入任何错误或矛盾之处。

Sub-question 2/2
Question: Based on Nannina de' Medici's parents Piero di Cosimo de' Medici and Lucrezia Tornabuoni, who were her siblings?
Ground Truth: Nannina de' Medici's siblings were Lorenzo de' Medici and Giuliano de' Medici.
storage_time: 0.043853044509887695
QueryAttention 选择了 387 个 tokens (30.0%)
使用了 7 个层 (21 - 27)
select_time: 0.092s

Predicted:  Lorenzo de' Medici
Judgment: ✗ INCORRECT
F1: 0.3200, EM: 0.0000
Reason: 预测答案只提到了洛伦佐·德·美第奇（Lorenzo de' Medici），但标准答案明确指出南尼娜·德·美第奇（Nannina de' Medici）的兄弟姐妹包括洛伦佐·德·美第奇和朱利亚诺·德·美第奇（Giuliano de' Medici）两人。预测答案遗漏了朱利亚诺这一关键信息，因此未能完整覆盖标准答案的核心内容，不符合语义等价的要求。尽管措辞上可能存在细微差异，但信息不完整导致答案不准确。

✗ Main question 38: Some sub-questions INCORRECT

================================================================================
Main Question 39/200: What county is the NRHEG High School located in?
================================================================================

Sub-question 1/2
Question: Where is NRHEG High School located?
Ground Truth: NRHEG High School is located in New Richland, Minnesota.
storage_time: 0.035756826400756836
QueryAttention 选择了 242 个 tokens (29.9%)
使用了 7 个层 (21 - 27)
select_time: 0.088s

Predicted:  New Richland, Minnesota
Judgment: ✓ CORRECT
F1: 0.5000, EM: 0.0000
Reason: 预测答案“New Richland, Minnesota”完整包含了标准答案中的关键地理位置信息，即城市和州名，与标准答案“NRHEG High School is located in New Richland, Minnesota”在语义上完全等价。尽管预测答案省略了学校名称和部分句式结构，但核心内容一致，且措辞差异不影响信息准确性，符合允许细微差异的判断标准。因此，预测答案正确回答了问题。

Sub-question 2/2
Question: Which county is New Richland, Minnesota located in?
Ground Truth: New Richland is located in Waseca County, Minnesota.
storage_time: 0.04061436653137207
QueryAttention 选择了 297 个 tokens (29.9%)
使用了 7 个层 (21 - 27)
select_time: 0.088s

Predicted:  Waseca County
Judgment: ✓ CORRECT
F1: 0.4286, EM: 0.0000
Reason: 预测答案“Waseca County”直接提供了标准答案中的核心信息，即新里奇兰所在的县名。虽然预测答案省略了“New Richland is located in”和“Minnesota”等背景描述，但问题明确询问的是县名，预测答案在语义上与标准答案的关键部分完全等价，且措辞差异不影响准确回答问题的核心要求。因此，预测答案正确回答了问题。

✓ Main question 39: ALL 2 sub-questions CORRECT

================================================================================
Main Question 40/200: Who founded the political party of Dimuthu Bandara Abayakoon?
================================================================================

Sub-question 1/2
Question: What is the name of the political party of Dimuthu Bandara Abayakoon?
Ground Truth: Janatha Vimukthi Peramuna
storage_time: 0.03739809989929199
QueryAttention 选择了 289 个 tokens (29.9%)
使用了 7 个层 (21 - 27)
select_time: 0.090s

Predicted:  Janatha Vimukthi Peramuna
Judgment: ✓ CORRECT
F1: 1.0000, EM: 1.0000
Reason: 预测答案“Janatha Vimukthi Peramuna”与标准答案完全一致，不仅包含了关键信息，而且在语义上完全等价，没有任何措辞差异。这直接准确地回答了问题中关于Dimuthu Bandara Abayakoon所属政党名称的询问，符合所有判断标准，包括信息完整性和语义一致性。

Sub-question 2/2
Question: Who founded the Janatha Vimukthi Peramuna political party?
Ground Truth: The Janatha Vimukthi Peramuna was founded by Rohana Wijeweera.
storage_time: 0.04371905326843262
QueryAttention 选择了 406 个 tokens (30.0%)
使用了 7 个层 (21 - 27)
select_time: 0.089s

Predicted:  Patabendi Don Jinadasa Nandasiri Wijeweera
Judgment: ✓ CORRECT
F1: 0.2069, EM: 0.0000
Reason: 预测答案“Patabendi Don Jinadasa Nandasiri Wijeweera”与标准答案“Rohana Wijeweera”在语义上完全等价，因为两者指向同一人物。Rohana Wijeweera是该政治人物的常用名，而预测答案提供了其全名，包含了标准答案的关键信息“Wijeweera”作为核心标识。尽管措辞存在差异（全名与常用名），但意思保持一致，均正确指出Janatha Vimukthi Peramuna的创始人是Wijeweera本人，因此预测答案正确回答了问题。

✓ Main question 40: ALL 2 sub-questions CORRECT

================================================================================
Main Question 41/200: When did military instruction start at the place where Larry Alcala was educated?
================================================================================

Sub-question 1/2
Question: Where did Larry Alcala study?
Ground Truth: Larry Alcala estudió en la Universidad de Filipinas, donde obtuvo un título de Licenciado en Bellas Artes en Pintura.
storage_time: 0.03876185417175293
QueryAttention 选择了 326 个 tokens (29.9%)
使用了 7 个层 (21 - 27)
select_time: 0.088s

Predicted:  University of the Philippines
Judgment: ✓ CORRECT
F1: 0.0000, EM: 0.0000
Reason: 预测答案“University of the Philippines”与标准答案中的“Universidad de Filipinas”在语义上完全等价，后者是西班牙语对菲律宾大学的直接翻译。标准答案的关键信息是拉里·阿尔卡拉在菲律宾大学学习，预测答案准确提取了这一核心内容，尽管省略了学位细节，但问题仅询问学习地点，因此预测答案正确回答了问题。措辞上的差异（如语言不同）不影响意思的一致性，符合判断标准。

Sub-question 2/2
Question: When did military instruction begin at the University of the Philippines?
Ground Truth: Military instruction began at the University of the Philippines in 1912.
storage_time: 0.04512500762939453
QueryAttention 选择了 454 个 tokens (30.0%)
使用了 7 个层 (21 - 27)
select_time: 0.089s

Predicted: 1912
Judgment: ✓ CORRECT
F1: 0.3750, EM: 0.0000
Reason: 预测答案“1912”完全包含了标准答案中的关键信息，即军事训练在菲律宾大学开始的年份。虽然预测答案在表述上比标准答案更简洁，但两者在语义上完全等价，都准确指出了1912年这一具体时间点，没有出现任何矛盾或额外信息偏差。因此，预测答案正确回答了问题，符合所有判断标准。

✓ Main question 41: ALL 2 sub-questions CORRECT

================================================================================
Main Question 42/200: Who has played for West Ham Ajax and the team that David Currie plays for?
================================================================================
⊘ SKIPPED (llm_judge=False or contains problematic answers)
  Note: Documents still included in global corpus for similarity computation

================================================================================
Main Question 43/200: Who is the spouse of the creator of Absolutely Fabulous?
================================================================================
⊘ SKIPPED (llm_judge=False or contains problematic answers)
  Note: Documents still included in global corpus for similarity computation

================================================================================
Main Question 44/200: What county shares a border with Cedar Springs?
================================================================================

Sub-question 1/2
Question: Where is Cedar Springs located?
Ground Truth: Cedar Springs is an unincorporated community in west Falls County, Texas, United States, located on Farm-to-market road #2027.
storage_time: 0.036334991455078125
QueryAttention 选择了 251 个 tokens (30.0%)
使用了 7 个层 (21 - 27)
select_time: 0.087s

Predicted:  Cedar Springs is an unincorporated community in west Falls County, Texas, United States. It is located on U.S. Routes 62 and 180.
Judgment: ✗ INCORRECT
F1: 0.7273, EM: 0.0000
Reason: 预测答案虽然正确指出了Cedar Springs位于德克萨斯州福尔斯县西部的非建制社区，但在关键的道路信息上存在错误。标准答案明确说明其位于农场到市场道路#2027上，而预测答案错误地声称其位于美国62号和180号公路。这两个道路信息在语义上不等价，且可能指向不同的地理位置，因此预测答案未能正确回答关于Cedar Springs具体位置的核心问题。

Sub-question 2/2
Question: Which counties share a border with Falls County, Texas?
Ground Truth: Bell County shares a border with Falls County.
storage_time: 0.04433751106262207
QueryAttention 选择了 297 个 tokens (30.0%)
使用了 7 个层 (21 - 27)
select_time: 0.088s

Predicted:  Bell County, Knox County, and Hudspeth County share a border with Falls County, Texas. This can be inferred from the information provided about Troy Independent School District, which extends into a small portion of Falls County and serves communities in Bell County, and the details about Pine Springs, Texas, which is in northern Culberson County but is close to Falls County. Additionally, Cedar Springs, Texas, is in west Falls County, suggesting it borders other counties to the east and south. Given the geographical context, Bell, Knox, and Hudspeth Counties are the most likely candidates to share a border with Falls County.
Judgment: ✗ INCORRECT
F1: 0.0935, EM: 0.0000
Reason: 预测答案中虽然包含了标准答案的关键信息（Bell County），但错误地添加了Knox County和Hudspeth County作为与Falls County接壤的县，而这两个县实际上并不与Falls County相邻。根据地理信息，Falls County位于德克萨斯州中部，其实际接壤县包括Bell、Limestone、McLennan、Milam和Robertson等县，而Knox County位于该州北部，Hudspeth County位于西部，距离较远且无接壤关系。因此，预测答案在核心事实上存在错误，未能正确回答仅与标准答案部分匹配的问题。

✗ Main question 44: Some sub-questions INCORRECT

================================================================================
Main Question 45/200: Bancroft's county borders what county?
================================================================================

Sub-question 1/3
Question: Where is Bancroft located?
Ground Truth: Bancroft is located in Ontario, Canada.
storage_time: 0.03803586959838867
QueryAttention 选择了 299 个 tokens (30.0%)
使用了 7 个层 (21 - 27)
select_time: 0.088s

Predicted:  Bancroft is located in the northern portion of Hastings County and is part of the Hastings and Prince Edward District School Board in Ontario, Canada.
Judgment: ✓ CORRECT
F1: 0.4737, EM: 0.0000
Reason: 预测答案不仅包含了标准答案的关键信息“Bancroft is located in Ontario, Canada”，还提供了更详细的补充说明，如“northern portion of Hastings County”和“part of the Hastings and Prince Edward District School Board”。这些额外信息与标准答案在语义上完全一致，没有矛盾或偏差，且核心地理位置信息准确无误，因此预测答案正确回答了问题。

Sub-question 2/3
Question: Which county is Bancroft, Ontario located in?
Ground Truth: Bancroft, Ontario is located in Hastings County.
storage_time: 0.03835868835449219
QueryAttention 选择了 332 个 tokens (30.0%)
使用了 7 个层 (21 - 27)
select_time: 0.088s

Predicted:  Hastings County
Judgment: ✓ CORRECT
F1: 0.2857, EM: 0.0000
Reason: 预测答案“Hastings County”直接提供了标准答案中的核心信息，即班克罗夫特所在的县。虽然预测答案省略了“Bancroft, Ontario is located in”这一表述，但其内容与标准答案的关键部分完全一致，在语义上等价，且没有引入任何矛盾或额外信息。这种简洁的回答形式符合常见的地理问题应答习惯，因此可以视为正确回答了问题。

Sub-question 3/3
Question: Which counties border Hastings County in Ontario?
Ground Truth: Renfrew County and Haliburton County border Hastings County in Ontario.
storage_time: 0.04570269584655762
QueryAttention 选择了 480 个 tokens (29.9%)
使用了 7 个层 (21 - 27)
select_time: 0.088s

Predicted:  Renfrew County and Haliburton County
Judgment: ✓ CORRECT
F1: 0.6957, EM: 0.0000
Reason: 预测答案“Renfrew County and Haliburton County”完整包含了标准答案中的关键信息，即与Hastings County接壤的两个县名，尽管省略了标准答案中“border Hastings County in Ontario”这一背景描述，但核心内容在语义上完全等价。由于问题明确询问具体县名，预测答案直接提供了这些名称，符合措辞差异允许范围，且未引入错误或遗漏信息，因此正确回答了问题。

✓ Main question 45: ALL 3 sub-questions CORRECT

================================================================================
Main Question 46/200: Who is the father of Empress Wang's husband?
================================================================================

Sub-question 1/2
Question: Who is Empress Wang's husband?
Ground Truth: Empress Wang's husband was Yang Pu (Emperor Rui), the final ruler of the Chinese state Wu during the Five Dynasties and Ten Kingdoms period.
storage_time: 0.04348897933959961
QueryAttention 选择了 461 个 tokens (30.0%)
使用了 7 个层 (21 - 27)
select_time: 0.088s

Predicted:  Yang Xingmi
Judgment: ✗ INCORRECT
F1: 0.0000, EM: 0.0000
Reason: 预测答案“Yang Xingmi”与标准答案“Yang Pu (Emperor Rui)”在关键信息上不一致。Yang Xingmi是五代十国时期吴国的奠基者，而Empress Wang的丈夫是吴国末代君主杨溥（即睿帝），两者并非同一人。预测答案未能正确识别历史人物关系，导致语义上不匹配，因此无法正确回答问题。

Sub-question 2/2
Question: Who was the father of Yang Pu (Emperor Rui of Wu)?
Ground Truth: Yang Pu's father was Yang Xingmi, a late-Tang Dynasty warlord and military governor of Huainan Circuit.
storage_time: 0.04938817024230957
QueryAttention 选择了 546 个 tokens (30.0%)
使用了 7 个层 (21 - 27)
select_time: 0.089s

Predicted:  Yang Xingmi
Judgment: ✓ CORRECT
F1: 0.2500, EM: 0.0000
Reason: 预测答案“Yang Xingmi”直接提供了标准答案中的核心信息，即杨溥的父亲是杨行密。虽然预测答案省略了标准答案中关于杨行密身份（晚唐军阀、淮南节度使）的补充描述，但问题仅询问父子关系，预测答案在语义上完全等价于标准答案的关键点，准确回答了“谁”是父亲这一核心问题，符合措辞差异允许范围。

✗ Main question 46: Some sub-questions INCORRECT

================================================================================
Main Question 47/200: Who played the king that was king of england in 1951 in the king's speech?
================================================================================

Sub-question 1/2
Question: Who was the king of England in 1951?
Ground Truth: George VI was the King of the United Kingdom in 1951.
storage_time: 0.04286313056945801
QueryAttention 选择了 456 个 tokens (30.0%)
使用了 7 个层 (21 - 27)
select_time: 0.089s

Predicted:  George VI
Judgment: ✓ CORRECT
F1: 0.2667, EM: 0.0000
Reason: 预测答案"George VI"直接提供了标准答案中的核心信息，即1951年英格兰国王的身份。虽然预测答案省略了标准答案中"the King of the United Kingdom in 1951"的完整表述，但"George VI"这一专有名词已明确指向特定历史人物，且与标准答案在语义上完全等价。在历史常识中，乔治六世于1936年至1952年在位，其统治时期自然包含1951年，因此该简洁回答准确无误地回应了问题本质，符合允许措辞差异的判断标准。

Sub-question 2/2
Question: Which actor played King George VI in the film 'The King's Speech'?
Ground Truth: Colin Firth
storage_time: 0.05310797691345215
QueryAttention 选择了 580 个 tokens (30.0%)
使用了 7 个层 (21 - 27)
select_time: 0.089s

Predicted:  Colin Firth
Judgment: ✓ CORRECT
F1: 1.0000, EM: 1.0000
Reason: 预测答案“Colin Firth”与标准答案完全一致，准确无误地指出了在电影《国王的演讲》中饰演国王乔治六世的演员。该答案不仅包含了标准答案的所有关键信息，而且在语义上完全等价，没有任何歧义或差异。由于这是一个事实性问题，预测答案直接提供了正确的姓名，无需额外解释或修饰，因此完全符合正确回答的标准。

✓ Main question 47: ALL 2 sub-questions CORRECT

================================================================================
Main Question 48/200: Who is the spouse of the person who sang holding out for a hero in shrek 2?
================================================================================
⊘ SKIPPED (llm_judge=False or contains problematic answers)
  Note: Documents still included in global corpus for similarity computation

================================================================================
Main Question 49/200: Who is the employer of the person Mach's principle was named after?
================================================================================
⊘ SKIPPED (llm_judge=False or contains problematic answers)
  Note: Documents still included in global corpus for similarity computation

================================================================================
Main Question 50/200: Who has played for West Ham Ajax and the team from the city where Malcolm Graham died?
================================================================================
⊘ SKIPPED (llm_judge=False or contains problematic answers)
  Note: Documents still included in global corpus for similarity computation

================================================================================
Main Question 51/200: When was John's eldest son crowned?
================================================================================

Sub-question 1/4
Question: Who is John's eldest son?
Ground Truth: Henry III
storage_time: 0.04398655891418457
QueryAttention 选择了 501 个 tokens (30.0%)
使用了 7 个层 (21 - 27)
select_time: 0.088s

Predicted:  Henry III
Judgment: ✓ CORRECT
F1: 1.0000, EM: 1.0000
Reason: 预测答案“Henry III”与标准答案“Henry III”完全一致，不仅包含了关键信息，而且在语义上完全等价，没有任何措辞差异。该答案直接、准确地回答了“John's eldest son”的身份问题，符合所有判断标准，包括信息完整性、语义一致性和允许的细微措辞差异。因此，预测答案正确地回答了问题。

Sub-question 2/4
Question: When was John's eldest son crowned?
Ground Truth: John I of Cyprus (John II of Jerusalem) was crowned on May 11, 1284.
storage_time: 0.04479384422302246
QueryAttention 选择了 576 个 tokens (30.0%)
使用了 7 个层 (21 - 27)
select_time: 0.088s

Predicted: 1284
Judgment: ✓ CORRECT
F1: 0.2500, EM: 0.0000
Reason: 预测答案“1284”准确包含了标准答案中的核心时间信息，即约翰一世（塞浦路斯国王）加冕的年份。虽然标准答案提供了更详细的日期（5月11日）和人物背景，但问题仅询问“何时”，预测答案在语义上等价于标准答案的关键年份部分，且没有与标准答案产生矛盾。因此，预测答案正确回答了问题，符合判断标准中允许措辞差异的要求。

Sub-question 3/4
Question: When was John's eldest son crowned?
Ground Truth: John I of Cyprus (John II of Jerusalem) was crowned on May 11, 1284.
storage_time: 0.04782891273498535
QueryAttention 选择了 576 个 tokens (30.0%)
使用了 7 个层 (21 - 27)
select_time: 0.088s

Predicted: 1284
Judgment: ✓ CORRECT
F1: 0.2500, EM: 0.0000
Reason: 预测答案“1284”准确包含了标准答案中的核心时间信息，即约翰一世（塞浦路斯国王）加冕的年份。虽然标准答案提供了更详细的日期（5月11日）和人物背景，但问题仅询问“何时”，预测答案在语义上等价于标准答案的关键年份部分，且没有与标准答案产生矛盾。因此，预测答案正确回答了问题，符合判断标准中允许措辞差异的要求。

Sub-question 4/4
Question: When was John's eldest son crowned?
Ground Truth: John I of Cyprus (John II of Jerusalem) was crowned on May 11, 1284.
storage_time: 0.061669349670410156
QueryAttention 选择了 848 个 tokens (30.0%)
使用了 7 个层 (21 - 27)
select_time: 0.088s

Predicted: 1284
Judgment: ✓ CORRECT
F1: 0.2500, EM: 0.0000
Reason: 预测答案“1284”准确包含了标准答案中的核心时间信息，即约翰一世（塞浦路斯国王）加冕的年份。虽然标准答案提供了更详细的日期（5月11日）和人物背景，但问题仅询问“何时”，预测答案在语义上等价于标准答案的关键年份部分，且没有与标准答案产生矛盾。因此，预测答案正确回答了问题，符合判断标准中允许措辞差异的要求。

✓ Main question 51: ALL 4 sub-questions CORRECT

================================================================================
Main Question 52/200: What character in A League of their Own was played by the actress who played Thelma in the movie Thelma and Louise?
================================================================================

Sub-question 1/2
Question: Who played Thelma in Thelma and Louise?
Ground Truth: Geena Davis played Thelma in Thelma and Louise.
storage_time: 0.0387265682220459
QueryAttention 选择了 320 个 tokens (30.0%)
使用了 7 个层 (21 - 27)
select_time: 0.089s

Predicted:  Geena Davis
Judgment: ✓ CORRECT
F1: 0.3529, EM: 0.0000
Reason: 预测答案“Geena Davis”完整包含了标准答案“Geena Davis played Thelma in Thelma and Louise”中的核心信息，即演员姓名与角色归属关系。尽管预测答案省略了动词“played”和电影名称“Thelma and Louise”，但在语义上完全等价，因为问题明确询问“谁饰演了《末路狂花》中的Thelma”，直接回答演员姓名已足以准确回应问题。这种简洁表述符合日常问答习惯，未丢失关键信息或引起歧义。

Sub-question 2/2
Question: What character did Geena Davis play in the movie A League of Their Own?
Ground Truth: Geena Davis played the character Dottie Hinson.
storage_time: 0.048795223236083984
QueryAttention 选择了 459 个 tokens (29.9%)
使用了 7 个层 (21 - 27)
select_time: 0.089s

Predicted:  Dottie Hinson
Judgment: ✓ CORRECT
F1: 0.5000, EM: 0.0000
Reason: 预测答案“Dottie Hinson”直接提供了标准答案中的核心信息，即吉娜·戴维斯在电影《红粉联盟》中饰演的角色名称。虽然预测答案省略了“Geena Davis played the character”这一背景描述，但其内容与标准答案的关键部分完全一致，语义上完全等价，且角色名称的表述准确无误，符合允许措辞差异但意思一致的标准。因此，预测答案正确回答了问题。

✓ Main question 52: ALL 2 sub-questions CORRECT

================================================================================
Main Question 53/200: In A League of Their Own, who played the husband of the actress who played Thelma in Thelma and Louise?
================================================================================

Sub-question 1/3
Question: Who played Thelma in Thelma and Louise?
Ground Truth: Geena Davis played Thelma in Thelma and Louise.
storage_time: 0.038556814193725586
QueryAttention 选择了 320 个 tokens (30.0%)
使用了 7 个层 (21 - 27)
select_time: 0.089s

Predicted:  Geena Davis
Judgment: ✓ CORRECT
F1: 0.3529, EM: 0.0000
Reason: 预测答案"Geena Davis"完整包含了标准答案中的核心信息，即演员姓名，且与标准答案"Geena Davis played Thelma in Thelma and Louise"在语义上完全等价。虽然预测答案省略了电影名称和角色描述，但问题明确询问"谁饰演了Thelma"，因此仅提供演员姓名已足够准确回答。这种简洁表述符合日常问答习惯，未丢失关键信息或产生歧义。

Sub-question 2/3
Question: Which character did Geena Davis play in the film A League of Their Own?
Ground Truth: Geena Davis played the character Dottie Hinson.
storage_time: 0.040422916412353516
QueryAttention 选择了 401 个 tokens (30.0%)
使用了 7 个层 (21 - 27)
select_time: 0.089s

Predicted:  Dottie Hinson
Judgment: ✓ CORRECT
F1: 0.5000, EM: 0.0000
Reason: 预测答案“Dottie Hinson”直接提供了标准答案中的核心信息，即吉娜·戴维斯在电影《红粉联盟》中饰演的角色名称。尽管预测答案省略了“Geena Davis played the character”这一表述，但其内容与标准答案在语义上完全等价，且关键信息准确无误，符合允许措辞差异但意思一致的要求。

Sub-question 3/3
Question: Who played the husband of Dottie Hinson in the film A League of Their Own?
Ground Truth: Bill Pullman played Bob, the husband of Dottie Hinson.
storage_time: 0.05434727668762207
QueryAttention 选择了 518 个 tokens (30.0%)
使用了 7 个层 (21 - 27)
select_time: 0.090s

Predicted:  Bill Pullman
Judgment: ✓ CORRECT
F1: 0.3333, EM: 0.0000
Reason: 预测答案“Bill Pullman”直接提供了标准答案中的核心信息，即演员姓名，而标准答案中“Bill Pullman played Bob, the husband of Dottie Hinson”虽然包含更多细节，但预测答案在语义上完全等价，因为它准确回答了问题所询问的扮演者身份，且措辞差异不影响关键信息的正确性，符合判断标准中的语义等价原则。

✓ Main question 53: ALL 3 sub-questions CORRECT

================================================================================
Main Question 54/200: Who is the child of Chiang Hsiao-wen's father?
================================================================================

Sub-question 1/1
Question: Who is Chiang Hsiao-wen's father?
Ground Truth: Chiang Hsiao-wen's father is Chiang Ching-kuo.
storage_time: 0.04427480697631836
QueryAttention 选择了 424 个 tokens (30.0%)
使用了 7 个层 (21 - 27)
select_time: 0.089s

Predicted:  Chiang Ching-kuo
Judgment: ✓ CORRECT
F1: 0.5556, EM: 0.0000
Reason: 预测答案“Chiang Ching-kuo”直接提供了标准答案中“Chiang Hsiao-wen's father is Chiang Ching-kuo”的核心信息，即父亲的身份是蒋经国。两者在语义上完全等价，预测答案虽省略了“Chiang Hsiao-wen's father is”这一表述，但通过直接给出人名，准确回应了问题所询问的父子关系，符合关键信息一致且意思保持不变的要求。

✓ Main question 54: ALL 1 sub-questions CORRECT

================================================================================
Main Question 55/200: The actor who played Thelma in "Thelma and Louise" also played which character in "A League of Their Own"?
================================================================================

Sub-question 1/2
Question: Who played Thelma in the movie 'Thelma and Louise'?
Ground Truth: Geena Davis played Thelma in the movie 'Thelma & Louise'.
storage_time: 0.03856062889099121
QueryAttention 选择了 293 个 tokens (30.0%)
使用了 7 个层 (21 - 27)
select_time: 0.090s

Predicted:  Geena Davis
Judgment: ✗ INCORRECT
F1: 0.3529, EM: 0.0000
Reason: 预测答案“Geena Davis”直接提供了标准答案中的核心信息，即演员姓名，而标准答案“Geena Davis played Thelma in the movie 'Thelma & Louise'”虽然包含更多上下文，但两者在语义上完全等价。预测答案简洁地抓住了问题的关键点，没有引入错误或歧义，符合判断标准中关于关键信息包含和语义一致的要求，措辞差异不影响准确性。

Sub-question 2/2
Question: Which character did Geena Davis play in the movie 'A League of Their Own'?
Ground Truth: Geena Davis played the character Dottie Hinson.
storage_time: 0.05226778984069824
QueryAttention 选择了 538 个 tokens (30.0%)
使用了 7 个层 (21 - 27)
select_time: 0.090s

Predicted:  Dottie Hinson
Judgment: ✓ CORRECT
F1: 0.5000, EM: 0.0000
Reason: 预测答案“Dottie Hinson”直接提供了标准答案中的核心信息，即角色名称，与标准答案“Geena Davis played the character Dottie Hinson”在语义上完全等价。尽管预测答案省略了演员姓名和部分措辞，但它准确抓住了问题的关键——角色名，符合判断标准中允许措辞差异的要求，且意思保持一致，因此正确回答了问题。

✗ Main question 55: Some sub-questions INCORRECT

================================================================================
Main Question 56/200: What is the movie starring Preity Zinta, Madhuri Dixit and the spouse of Kajol?
================================================================================

Sub-question 1/1
Question: Movies starring Preity Zinta, Madhuri Dixit, and Ajay Devgn
Ground Truth: The movie 'Yeh Raaste Hain Pyaar Ke' (2001) stars Preity Zinta, Madhuri Dixit, and Ajay Devgn.
storage_time: 0.0459132194519043
QueryAttention 选择了 448 个 tokens (30.0%)
使用了 7 个层 (21 - 27)
select_time: 0.090s

Predicted:  Yeh Raaste Hain Pyaar Ke, Dil Kya Kare, Pyar Ka Devta, U Me Aur Hum
Judgment: ✗ INCORRECT
F1: 0.3462, EM: 0.0000
Reason: 预测答案虽然包含了标准答案中的电影《Yeh Raaste Hain Pyaar Ke》，但额外列出了其他三部电影（Dil Kya Kare, Pyar Ka Devta, U Me Aur Hum），这些电影并未在标准答案中提及，且问题仅要求列出同时由三位演员共同出演的电影。预测答案的语义范围超出了标准答案，可能包含了不相关或错误的信息，因此未能正确且等价地回答原问题。

✗ Main question 56: Some sub-questions INCORRECT

================================================================================
Main Question 57/200: The territory containing Bansaan Island is located at which island?
================================================================================

Sub-question 1/1
Question: Where is Bansaan Island located?
Ground Truth: Bansaan Island is a boomerang-shaped island located off the mid-northern coast of Bohol Island, Philippines, and is part of the municipality of Talibon.
storage_time: 0.04362344741821289
QueryAttention 选择了 387 个 tokens (30.0%)
使用了 7 个层 (21 - 27)
select_time: 0.088s

Predicted:  Bansaan is a boomerang-shaped island located in the off the mid-northern coast of Bohol Island, part of the municipality of Talibon, province.
Judgment: ✓ CORRECT
F1: 0.8966, EM: 0.0000
Reason: Bansaan岛是新月形岛屿，位于保和岛中北部海岸附近，属于塔利本市管辖。尽管预测答案在措辞上存在细微差异，如使用了“in the off”这一稍显冗余的表达，并补充了“province”一词，但这些并不影响核心语义的等价性。整体上，预测答案在位置描述和行政归属上与标准答案完全一致，正确回答了问题。

✓ Main question 57: ALL 1 sub-questions CORRECT

================================================================================
Main Question 58/200: In which district was Ernie Watts born?
================================================================================

Sub-question 1/1
Question: Where was Ernie Watts born?
Ground Truth: Woolhampton in Berkshire
storage_time: 0.04129290580749512
QueryAttention 选择了 350 个 tokens (30.0%)
使用了 7 个层 (21 - 27)
select_time: 0.088s

Predicted:  Woolhampton in Berkshire
Judgment: ✓ CORRECT
F1: 1.0000, EM: 1.0000
Reason: 关键信息完整对应、语义完全等价，且措辞无任何偏差，因此可以明确判定为正确回答了问题。

✓ Main question 58: ALL 1 sub-questions CORRECT

================================================================================
Main Question 59/200: In which county was James Finch born?
================================================================================

Sub-question 1/2
Question: Where was James Finch born?
Ground Truth: Lynn Haven, Florida
storage_time: 0.03933310508728027
QueryAttention 选择了 342 个 tokens (29.9%)
使用了 7 个层 (21 - 27)
select_time: 0.087s

Predicted: 1981, Lynn Haven, Florida
Judgment: ✓ CORRECT
F1: 0.4000, EM: 0.0000
Reason: 预测答案“1981, Lynn Haven, Florida”完整包含了标准答案“Lynn Haven, Florida”的关键信息，即出生地点。尽管预测答案额外提供了出生年份“1981”，但这并未与标准答案的核心信息冲突，反而补充了更多细节。在语义上，两者都准确指向了相同的出生地点，符合“允许措辞上的细微差异”的判断标准，因此预测答案正确回答了问题。

Sub-question 2/2
Question: Which county is Lynn Haven, Florida located in?
Ground Truth: Bay County
storage_time: 0.042418718338012695
QueryAttention 选择了 354 个 tokens (29.9%)
使用了 7 个层 (21 - 27)
select_time: 0.088s

Predicted:  Bay County
Judgment: ✓ CORRECT
F1: 1.0000, EM: 1.0000
Reason: 预测答案“Bay County”与标准答案完全一致，不仅包含了关键信息“Bay County”，而且在语义上完全等价，没有任何措辞差异。该答案直接、准确地回答了问题“Lynn Haven, Florida位于哪个县”，符合所有判断标准，因此是正确的。

✓ Main question 59: ALL 2 sub-questions CORRECT

================================================================================
Main Question 60/200: Who was married to the star of No Escape?
================================================================================

Sub-question 1/2
Question: Who starred in the movie No Escape?
Ground Truth: Valerie Hobson, Leslie Perrins, and Robert Cochran starred in the movie No Escape.
storage_time: 0.04055643081665039
QueryAttention 选择了 385 个 tokens (29.9%)
使用了 7 个层 (21 - 27)
select_time: 0.088s

Predicted:  Hrithik Roshan and Katrina Kaif
Judgment: ✗ INCORRECT
F1: 0.0741, EM: 0.0000
Reason: 预测答案与标准答案在关键信息上完全不一致。标准答案明确指出电影《No Escape》的主演是Valerie Hobson、Leslie Perrins和Robert Cochran，而预测答案却提供了Hrithik Roshan和Katrina Kaif，这两人是印度演员，与标准答案中的演员毫无关联。这表明预测答案不仅未能包含标准答案的关键信息，而且在语义上也不等价，属于完全不同的电影或错误信息，因此无法正确回答问题。

Sub-question 2/2
Question: Which of the actors from No Escape (Valerie Hobson, Leslie Perrins, or Robert Cochran) was married and to whom?
Ground Truth: Valerie Hobson was married to John Profumo.
storage_time: 0.04115700721740723
QueryAttention 选择了 317 个 tokens (30.0%)
使用了 7 个层 (21 - 27)
select_time: 0.091s

Predicted:  Valerie Hobson was married to John Profumo, who is the father of actress Leslie Hope.
Judgment: ✓ CORRECT
F1: 0.6667, EM: 0.0000
Reason: 预测答案明确包含了标准答案的核心信息，即“Valerie Hobson was married to John Profumo”，这完全符合问题要求的关键点。虽然预测答案额外补充了“who is the father of actress Leslie Hope”这一背景信息，但这并未改变或歪曲标准答案的语义，反而在保持原意一致的基础上提供了更多细节。根据判断标准，只要关键信息准确且语义等价，措辞上的细微差异或补充内容不影响正确性，因此预测答案正确回答了问题。

✗ Main question 60: Some sub-questions INCORRECT

================================================================================
Main Question 61/200: Who is the other child of Chian Hsiao-chang's father?
================================================================================

Sub-question 1/2
Question: Who is the father of Chian Hsiao-chang?
Ground Truth: Chiang Ching-kuo
storage_time: 0.040468692779541016
QueryAttention 选择了 369 个 tokens (30.0%)
使用了 7 个层 (21 - 27)
select_time: 0.089s

Predicted:  Chiang Ching-kuo
Judgment: ✓ CORRECT
F1: 1.0000, EM: 1.0000
Reason: 预测答案“Chiang Ching-kuo”与标准答案完全一致，不仅包含了关键信息，而且在语义上完全等价。两者都准确指出了蒋经国是蒋孝章的父亲，没有任何措辞或含义上的差异。这符合判断标准中的全部要求，即信息匹配、语义等价且意思保持一致，因此预测答案正确回答了问题。

Sub-question 2/2
Question: What are all the children of Chiang Ching-kuo?
Ground Truth: Chiang Ching-kuo had four legitimate children with his wife Faina Ipatyevna Vakhreva (Chiang Fang-liang): Chiang Hsiao-wen (eldest son), Chiang Hsiao-chang (daughter), Chiang Hsiao-wu (second son), and Chiang Hsiao-yung (youngest son). He also had two half-brothers with other mothers: Winston Chang and John Chiang.
storage_time: 0.05141806602478027
QueryAttention 选择了 588 个 tokens (30.0%)
使用了 7 个层 (21 - 27)
select_time: 0.090s

Predicted:  Chiang Hsiao-chang, Chiang Hsiao-wen, Chiang Hsiao-wu, Hsiao-chang, Hsiao-wu, Hsiao-yung, Winston Chang, John Chiang
Judgment: ✗ INCORRECT
F1: 0.5000, EM: 0.0000
Reason: 预测答案虽然包含了标准答案中的部分子女姓名，但存在明显错误和混淆。首先，它错误地将“Hsiao-chang”和“Hsiao-wu”作为独立条目重复列出（实际应为“Chiang Hsiao-chang”和“Chiang Hsiao-wu”），且遗漏了关键人物“Chiang Hsiao-yung”的正确全名（仅写为“Hsiao-yung”）。更重要的是，预测答案未区分“合法子女”与“同父异母兄弟”的类别，且未提供任何背景信息（如母亲姓名或子女排序），导致语义不完整。此外，标准答案明确说明子女数量为四人，而预测答案的混乱列举可能误导读者认为有更多子女，因此未能正确回答问题。

✗ Main question 61: Some sub-questions INCORRECT

================================================================================
Main Question 62/200: Where was the spouse of Frances Tupper born?
================================================================================
⊘ SKIPPED (llm_judge=False or contains problematic answers)
  Note: Documents still included in global corpus for similarity computation

================================================================================
Main Question 63/200: What is the birthplace of the person after whom São José dos Campos was named?
================================================================================
⊘ SKIPPED (llm_judge=False or contains problematic answers)
  Note: Documents still included in global corpus for similarity computation

================================================================================
Main Question 64/200: In which county did Snappy Tomato Pizza form?
================================================================================

Sub-question 1/2
Question: Where was Snappy Tomato Pizza founded?
Ground Truth: Fort Mitchell, Kentucky
storage_time: 0.04261016845703125
QueryAttention 选择了 441 个 tokens (30.0%)
使用了 7 个层 (21 - 27)
select_time: 0.089s

Predicted:  Fort Mitchell, Kentucky
Judgment: ✓ CORRECT
F1: 1.0000, EM: 1.0000
Reason: 预测答案“Fort Mitchell, Kentucky”与标准答案完全一致，不仅包含了关键信息“Fort Mitchell, Kentucky”，而且在语义上完全等价，没有任何信息缺失或歧义。措辞上完全相同，准确回答了关于Snappy Tomato Pizza创立地点的问题，符合所有判断标准。

Sub-question 2/2
Question: Which county is Fort Mitchell, Kentucky located in?
Ground Truth: Kenton County
storage_time: 0.039365291595458984
QueryAttention 选择了 250 个 tokens (29.9%)
使用了 7 个层 (21 - 27)
select_time: 0.088s

Predicted:  Kenton County
Judgment: ✓ CORRECT
F1: 1.0000, EM: 1.0000
Reason: 预测答案“Kenton County”与标准答案完全一致，不仅包含了关键信息，而且在语义上完全等价，没有任何措辞差异。它直接、准确地回答了问题，明确指出Fort Mitchell, Kentucky位于肯顿县，符合所有判断标准，因此是正确的回答。

✓ Main question 64: ALL 2 sub-questions CORRECT

================================================================================
Main Question 65/200: Where are the headquarters for the publisher of In the Shadow of Greatness?
================================================================================

Sub-question 1/2
Question: Who is the publisher of In the Shadow of Greatness?
Ground Truth: The United States Naval Institute
storage_time: 0.03708338737487793
QueryAttention 选择了 273 个 tokens (30.0%)
使用了 7 个层 (21 - 27)
select_time: 0.089s

Predicted:  United States Naval Institute
Judgment: ✓ CORRECT
F1: 1.0000, EM: 1.0000
Reason: 预测答案“United States Naval Institute”与标准答案“The United States Naval Institute”在语义上完全等价，核心信息“United States Naval Institute”完全一致，仅缺少冠词“The”这一细微措辞差异，不影响对问题“Who is the publisher of In the Shadow of Greatness?”的正确回答。根据判断标准，预测答案包含了关键信息，且语义等价，因此应视为正确回答。

Sub-question 2/2
Question: Where are the headquarters of the United States Naval Institute located?
Ground Truth: Annapolis, Maryland
storage_time: 0.0415651798248291
QueryAttention 选择了 328 个 tokens (30.0%)
使用了 7 个层 (21 - 27)
select_time: 0.089s

Predicted:  Annapolis, Maryland
Judgment: ✓ CORRECT
F1: 1.0000, EM: 1.0000
Reason: 预测答案“Annapolis, Maryland”与标准答案完全一致，不仅包含了关键信息“Annapolis”和“Maryland”，而且在语义上完全等价，没有任何歧义或差异。这直接准确地回答了关于美国海军学会总部所在地的问题，符合所有判断标准，包括信息完整性和语义一致性。

✓ Main question 65: ALL 2 sub-questions CORRECT

================================================================================
Main Question 66/200: In the movie A League of their Own, who played the husband of the person who also played Thelma in the movie Thelma and Louise?
================================================================================
⊘ SKIPPED (llm_judge=False or contains problematic answers)
  Note: Documents still included in global corpus for similarity computation

================================================================================
Main Question 67/200: What political party was the socialist candidate part of who ran for president in 1912?
================================================================================

Sub-question 1/1
Question: Who was the socialist candidate in the 1912 US presidential election?
Ground Truth: Eugene V. Debs was the Socialist Party candidate in the 1912 US presidential election.
storage_time: 0.048136234283447266
QueryAttention 选择了 469 个 tokens (29.9%)
使用了 7 个层 (21 - 27)
select_time: 0.090s

Predicted:  Eugene V. Debs
Judgment: ✓ CORRECT
F1: 0.4348, EM: 0.0000
Reason: 预测答案“Eugene V. Debs”直接提供了标准答案中的核心信息，即1912年美国总统选举中社会主义候选人的姓名。虽然预测答案省略了“Socialist Party candidate”等背景描述，但问题明确询问候选人是谁，预测答案在语义上与标准答案的关键部分完全等价，且没有引入错误或歧义，因此正确回答了问题。

✓ Main question 67: ALL 1 sub-questions CORRECT

================================================================================
Main Question 68/200: What league does the team that occupies the Rabat Ajax Football Ground belong to?
================================================================================
⊘ SKIPPED (llm_judge=False or contains problematic answers)
  Note: Documents still included in global corpus for similarity computation

================================================================================
Main Question 69/200: Which county does Lloyd Dane's birthplace belong to?
================================================================================

Sub-question 1/2
Question: Where was Lloyd Dane born?
Ground Truth: Lloyd Dane was born in Eldon, Missouri.
storage_time: 0.03798365592956543
QueryAttention 选择了 307 个 tokens (29.9%)
使用了 7 个层 (21 - 27)
select_time: 0.087s

Predicted:  The birthplace of Lloyd Dane is not directly stated in the given documents. However, based on the information provided about his career and the fact that he participated in the 1951 NASCAR season, it can be inferred that he was likely born in the United States, possibly in the southeastern part of the country given the proximity of Genoa City, Wisconsin (where Y&R is set) and the typical locations for NASCAR events. Without specific birthplace information, we cannot definitively state his birthplace from the given documents.
Judgment: ✗ INCORRECT
F1: 0.1042, EM: 0.0000
Reason: 预测答案未能正确回答问题，因为它明确表示无法从给定文档中确定劳埃德·戴恩的出生地，并仅基于推测提供了模糊的可能性（如美国东南部）。而标准答案明确指出他出生于密苏里州埃尔登，两者在关键信息上完全不一致。预测答案缺乏具体地点，且语义上与标准答案的确定性陈述不等价，因此不符合正确回答的要求。

Sub-question 2/2
Question: Which county does Eldon, Missouri belong to?
Ground Truth: Miller County
storage_time: 0.041504859924316406
QueryAttention 选择了 315 个 tokens (29.9%)
使用了 7 个层 (21 - 27)
select_time: 0.089s

Predicted:  Miller County
Judgment: ✓ CORRECT
F1: 1.0000, EM: 1.0000
Reason: 预测答案“Miller County”与标准答案完全一致，不仅包含了关键信息，而且在语义上完全等价。两者都准确指出了Eldon, Missouri所属的县，没有任何措辞差异或信息缺失，因此预测答案正确回答了问题。

✗ Main question 69: Some sub-questions INCORRECT

================================================================================
Main Question 70/200: The actor who plays the girl in Spiderman Homecoming is signed to which record label?
================================================================================
⊘ SKIPPED (llm_judge=False or contains problematic answers)
  Note: Documents still included in global corpus for similarity computation

================================================================================
Main Question 71/200: What is the record label for the band which performed Pythons?
================================================================================
⊘ SKIPPED (llm_judge=False or contains problematic answers)
  Note: Documents still included in global corpus for similarity computation

================================================================================
Main Question 72/200: Who is the voice of the character in Spongebob Squarepants with the same name as the creature that annelid larvae live like?
================================================================================

Sub-question 1/2
Question: What creature do annelid larvae live like?
Ground Truth: Annelid larvae live like plankton.
storage_time: 0.0437321662902832
QueryAttention 选择了 486 个 tokens (30.0%)
使用了 7 个层 (21 - 27)
select_time: 0.089s

Predicted:  larva live like wireworm or click beetle larvae.
Judgment: ✗ INCORRECT
F1: 0.4000, EM: 0.0000
Reason: 预测答案声称环节动物幼虫生活得像“wireworm or click beetle larvae”（即金针虫或叩头虫幼虫），这与标准答案“plankton”（浮游生物）在语义上完全不符。环节动物幼虫在海洋生态中通常作为浮游生物的一部分，自由漂浮于水体中，而金针虫或叩头虫幼虫是陆生昆虫的幼虫，生活在土壤中，两者在生活环境和生态角色上存在本质差异。预测答案未能包含标准答案的关键信息，且意思不一致，因此不能正确回答问题。

Sub-question 2/2
Question: Which character in Spongebob Squarepants has the same name as the creature that annelid larvae live like (plankton)?
Ground Truth: Plankton
storage_time: 0.05206584930419922
QueryAttention 选择了 666 个 tokens (30.0%)
使用了 7 个层 (21 - 27)
select_time: 0.092s

Predicted:  Gary the Snail
Judgment: ✗ INCORRECT
F1: 0.0000, EM: 0.0000
Reason: 预测答案“Gary the Snail”与标准答案“Plankton”在关键信息和语义上均不一致。问题要求找出《海绵宝宝》中与“环节动物幼虫生活方式相似的生物同名”的角色，而环节动物幼虫的生活方式是浮游（planktonic），因此角色应为“Plankton”（剧中角色名）。预测答案中的“Gary the Snail”是剧中蜗牛角色，与浮游生物无关，既未包含标准答案的关键信息，也未在语义上等价，因此无法正确回答问题。

✗ Main question 72: Some sub-questions INCORRECT

================================================================================
Main Question 73/200: Who is part of the band that performed Full Cooperation?
================================================================================

Sub-question 1/2
Question: Who performed the song Full Cooperation?
Ground Truth: The song 'Full Cooperation' was performed by the American hip hop group Def Squad.
storage_time: 0.04481339454650879
QueryAttention 选择了 479 个 tokens (30.0%)
使用了 7 个层 (21 - 27)
select_time: 0.089s

Predicted:  Def Squad
Judgment: ✓ CORRECT
F1: 0.1667, EM: 0.0000
Reason: 预测答案"Def Squad"直接提供了标准答案中的核心信息，即表演歌曲"Full Cooperation"的主体是美国嘻哈团体Def Squad。虽然预测答案省略了"American hip hop group"这一描述性修饰语，但关键实体"Def Squad"被准确指出，在语义上与标准答案完全等价，且没有引入任何矛盾或错误信息。这种简洁表述在问答场景中通常被视为可接受的正确回答，因为它完整覆盖了问题的核心要求。

Sub-question 2/2
Question: Who are the members of the American hip hop group Def Squad?
Ground Truth: The American hip hop group Def Squad consists of Erick Sermon, Redman, and Keith Murray. Jamal is considered an honorary member.
storage_time: 0.04258322715759277
QueryAttention 选择了 353 个 tokens (30.0%)
使用了 7 个层 (21 - 27)
select_time: 0.089s

Predicted:  Erick Sermon, Redman and Keith Murray
Judgment: ✓ CORRECT
F1: 0.5625, EM: 0.0000
Reason: 预测答案准确列出了Def Squad的核心成员Erick Sermon、Redman和Keith Murray，这与标准答案的关键信息完全一致。虽然预测答案未提及荣誉成员Jamal，但标准答案中明确将前三人定义为主要成员，而Jamal仅为附加说明的荣誉成员。因此，预测答案在语义上等价于标准答案的核心部分，且措辞差异不影响对问题的正确回答。

✓ Main question 73: ALL 2 sub-questions CORRECT

================================================================================
Main Question 74/200: When is the next episode of the series that Steven the Sword Fighter is a part of being released?
================================================================================
⊘ SKIPPED (llm_judge=False or contains problematic answers)
  Note: Documents still included in global corpus for similarity computation

================================================================================
Main Question 75/200: What film features Anil Devgan's sibling?
================================================================================

Sub-question 1/2
Question: Who is Anil Devgan's sibling?
Ground Truth: Anil Devgan's sibling is Ajay Devgan.
storage_time: 0.04027986526489258
QueryAttention 选择了 375 个 tokens (30.0%)
使用了 7 个层 (21 - 27)
select_time: 0.088s

Predicted:  Ajay Devgan
Judgment: ✓ CORRECT
F1: 0.4615, EM: 0.0000
Reason: 预测答案“Ajay Devgan”直接提供了标准答案中的核心信息，即Anil Devgan的兄弟姐妹是Ajay Devgan。尽管预测答案省略了“Anil Devgan's sibling is”这一表述，但其内容在语义上与标准答案完全等价，都准确指出了兄弟关系的具体对象。这种措辞上的简化不影响关键信息的完整性，符合允许细微差异的判断标准，因此预测答案正确回答了问题。

Sub-question 2/2
Question: Which films feature Ajay Devgan?
Ground Truth: The films featuring Ajay Devgan are: U Me Aur Hum, Yeh Raaste Hain Pyaar Ke, and Dil Kya Kare.
storage_time: 0.05226564407348633
QueryAttention 选择了 467 个 tokens (30.0%)
使用了 7 个层 (21 - 27)
select_time: 0.088s

Predicted:  U Me Aur Hum, Dil Kya Kare, Raju Chacha, Blackmail (2005 film)
Judgment: ✗ INCORRECT
F1: 0.3636, EM: 0.0000
Reason: 预测答案虽然包含了标准答案中的《U Me Aur Hum》和《Dil Kya Kare》两部电影，但遗漏了《Yeh Raaste Hain Pyaar Ke》，同时额外添加了《Raju Chacha》和《Blackmail (2005 film)》这两部未在标准答案中提及的电影。根据评估标准，预测答案必须完整覆盖标准答案的关键信息，且不应包含无关内容。此处的遗漏和多余信息导致预测答案未能与标准答案在语义上完全等价，因此不能视为正确回答。

✗ Main question 75: Some sub-questions INCORRECT

================================================================================
Main Question 76/200: What political party was the candidate who garnered a million votes during the 1920 election despite being in prison, a member of?
================================================================================

Sub-question 1/1
Question: Who was the candidate that received a million votes in the 1920 election while in prison?
Ground Truth: Eugene V. Debs was the Socialist Party candidate who received 913,664 votes in the 1920 election while in prison.
storage_time: 0.045220136642456055
QueryAttention 选择了 473 个 tokens (30.0%)
使用了 7 个层 (21 - 27)
select_time: 0.091s

Predicted:  Eugene V. Debs
Judgment: ✓ CORRECT
F1: 0.2941, EM: 0.0000
Reason: 预测答案“Eugene V. Debs”直接提供了标准答案中的核心人物姓名，即1920年大选中在监狱里获得近百万选票的候选人。虽然预测答案省略了具体票数和政党等细节，但问题主要询问的是“候选人是谁”，预测答案准确抓住了这一关键信息，在语义上与标准答案完全等价，符合“允许措辞细微差异”的判断标准。因此，预测答案正确回答了问题。

✓ Main question 76: ALL 1 sub-questions CORRECT

================================================================================
Main Question 77/200: What's the place of birth of the former member of The Sunnyboys?
================================================================================
⊘ SKIPPED (llm_judge=False or contains problematic answers)
  Note: Documents still included in global corpus for similarity computation

================================================================================
Main Question 78/200: Who was the US physicist who directed the project that developed the first atomic bomb at the same place where Feynman worked on Water Boiler?
================================================================================

Sub-question 1/2
Question: Where did Richard Feynman work on the Water Boiler reactor?
Ground Truth: Richard Feynman worked on the Water Boiler reactor at Los Alamos.
storage_time: 0.04545187950134277
QueryAttention 选择了 558 个 tokens (30.0%)
使用了 7 个层 (21 - 27)
select_time: 0.090s

Predicted:  Los Alamos
Judgment: ✓ CORRECT
F1: 0.2667, EM: 0.0000
Reason: 预测答案“Los Alamos”直接提供了标准答案中的关键地点信息，即理查德·费曼在洛斯阿拉莫斯参与了水锅炉反应堆的工作。虽然预测答案省略了“Richard Feynman worked on the Water Boiler reactor at”这一部分，但问题本身已明确询问工作地点，因此仅回答地点在语义上与标准答案等价，且完全符合判断标准中的信息包含和意思一致性要求。

Sub-question 2/2
Question: Which atomic bomb development project took place at Los Alamos and who was its director?
Ground Truth: The Manhattan Project took place at Los Alamos, and its director was Robert Oppenheimer.
storage_time: 0.05120491981506348
QueryAttention 选择了 662 个 tokens (30.0%)
使用了 7 个层 (21 - 27)
select_time: 0.090s

Predicted:  Robert Oppenheimer was the director of the Los Alamos Laboratory that designed the actual bombs for the Manhattan Project.
Judgment: ✓ CORRECT
F1: 0.5714, EM: 0.0000
Reason: 预测答案明确指出了“曼哈顿计划”在洛斯阿拉莫斯实验室进行，并确认罗伯特·奥本海默是该实验室的主任，这与标准答案的核心信息完全一致。尽管预测答案的表述更侧重于实验室的具体职能（设计炸弹），但语义上与标准答案等价，都准确回答了问题中的项目名称和负责人，措辞差异不影响关键信息的正确性。

✓ Main question 78: ALL 2 sub-questions CORRECT

================================================================================
Main Question 79/200: What award was received by the person who authored Missing Person?
================================================================================

Sub-question 1/2
Question: Who is the author of Missing Person?
Ground Truth: Patrick Modiano
storage_time: 0.037306785583496094
QueryAttention 选择了 265 个 tokens (29.9%)
使用了 7 个层 (21 - 27)
select_time: 0.088s

Predicted:  Patrick Modiano
Judgment: ✓ CORRECT
F1: 1.0000, EM: 1.0000
Reason: 预测答案“Patrick Modiano”与标准答案完全一致，不仅包含了关键信息，而且在语义上完全等价，没有任何措辞差异。该答案准确无误地指出了《Missing Person》的作者是帕特里克·莫迪亚诺，符合所有判断标准，因此正确回答了问题。

Sub-question 2/2
Question: What award did Patrick Modiano receive?
Ground Truth: Patrick Modiano received the 2014 Nobel Prize in Literature, the 2012 Austrian State Prize for European Literature, the 2010 Prix mondial Cino Del Duca, the 1978 Prix Goncourt, and the 1972 Grand Prix du roman de l'Académie française.
storage_time: 0.048189401626586914
QueryAttention 选择了 537 个 tokens (30.0%)
使用了 7 个层 (21 - 27)
select_time: 0.088s

Predicted: 2014 Nobel Prize in Literature
Judgment: ✓ CORRECT
F1: 0.2286, EM: 0.0000
Reason: 预测答案“2014 Nobel Prize in Literature”完全包含在标准答案的关键信息中，并且准确回答了问题“Patrick Modiano received what award?”的核心要点。虽然标准答案列出了多个奖项，但预测答案聚焦于最具代表性的诺贝尔文学奖，这在语义上与标准答案的部分内容等价，且没有出现事实性错误或矛盾。根据判断标准，允许预测答案仅提供部分关键信息，只要意思保持一致即可，因此预测答案正确回答了问题。

✓ Main question 79: ALL 2 sub-questions CORRECT

================================================================================
Main Question 80/200: What preity zinta and madhuri dixit movie had a cast member from U Me Aur Hum ?
================================================================================

Sub-question 1/3
Question: Who are the cast members of the movie U Me Aur Hum?
Ground Truth: The cast includes Ajay Devgan, Kajol, Karan Khanna, Isha Sharvani, Sumeet Raghavan, and Divya Dutta.
storage_time: 0.04028463363647461
QueryAttention 选择了 378 个 tokens (29.9%)
使用了 7 个层 (21 - 27)
select_time: 0.089s

Predicted:  Ajay Devgan, Kajol, Karan Khanna, Isha Sharvani, Sumeet Raghavan, and Divya Dutta
Judgment: ✓ CORRECT
F1: 0.9630, EM: 0.0000
Reason: 预测答案与标准答案完全一致，准确列出了电影《U Me Aur Hum》的全部主要演员名单，包括Ajay Devgan、Kajol、Karan Khanna、Isha Sharvani、Sumeet Raghavan和Divya Dutta。预测答案不仅完整覆盖了标准答案中的所有关键信息，而且在语义和措辞上与标准答案完全等价，没有任何信息遗漏或错误添加，因此完全正确地回答了问题。

Sub-question 2/3
Question: Which Bollywood movies feature both Preity Zinta and Madhuri Dixit in their cast?
Ground Truth: The only Bollywood movie featuring both Preity Zinta and Madhuri Dixit is 'Yeh Raaste Hain Pyaar Ke'.
storage_time: 0.043173789978027344
QueryAttention 选择了 470 个 tokens (30.0%)
使用了 7 个层 (21 - 27)
select_time: 0.090s

Predicted:  Diya Aur Toofan (1995 film)
Judgment: ✗ INCORRECT
F1: 0.0000, EM: 0.0000
Reason: 预测答案“Diya Aur Toofan (1995 film)”与标准答案“Yeh Raaste Hain Pyaar Ke”在电影名称上完全不同，且两部电影并非同一作品。根据已知信息，Preity Zinta和Madhuri Dixit共同出演的电影仅有《Yeh Raaste Hain Pyaar Ke》，而《Diya Aur Toofan》并未包含这两位演员同时参演，因此预测答案未能提供正确的电影名称，与标准答案在语义上不等价，且遗漏了关键信息，无法正确回答问题。

Sub-question 3/3
Question: What is the cast list for the movie 'Yeh Raaste Hain Pyaar Ke'?
Ground Truth: The cast includes Madhuri Dixit, Ajay Devgn, and Preity Zinta.
storage_time: 0.044869422912597656
QueryAttention 选择了 413 个 tokens (30.0%)
使用了 7 个层 (21 - 27)
select_time: 0.090s

Predicted:  Madhuri Dixit, Ajay Devgn, Preity Zinta, and with a special appearance by Shah Rukh Khan
Judgment: ✓ CORRECT
F1: 0.6829, EM: 0.0000
Reason: 预测答案不仅完整包含了标准答案中的所有关键演员（Madhuri Dixit、Ajay Devgn、Preity Zinta），还额外补充了“Shah Rukh Khan 特别出演”这一信息。这并未与标准答案冲突，反而在语义上提供了更全面的细节，符合“允许措辞细微差异且意思一致”的标准。因此，预测答案正确回答了电影演员名单的问题，且信息更为丰富。

✗ Main question 80: Some sub-questions INCORRECT

================================================================================
Main Question 81/200: Who married the publisher of abolitionist newspaper The North Star?
================================================================================

Sub-question 1/1
Question: Who was Frederick Douglass married to?
Ground Truth: Frederick Douglass was married first to Anna Murray Douglass and second to Helen Pitts Douglass.
storage_time: 0.04506993293762207
QueryAttention 选择了 399 个 tokens (30.0%)
使用了 7 个层 (21 - 27)
select_time: 0.088s

Predicted:  Anna Murray Douglass and Helen Pitts
Judgment: ✓ CORRECT
F1: 0.5882, EM: 0.0000
Reason: 预测答案“Anna Murray Douglass and Helen Pitts”完整包含了标准答案中的两位配偶姓名，即安娜·默里·道格拉斯和海伦·皮茨·道格拉斯。尽管预测答案省略了“Douglass”在Helen Pitts后的姓氏以及“first”和“second”的顺序描述，但核心信息——两位配偶的身份——已准确传达，语义上与标准答案等价，符合允许措辞细微差异的判断标准。

✓ Main question 81: ALL 1 sub-questions CORRECT

================================================================================
Main Question 82/200: What political party does the person that Adversary in the House is based on a member of?
================================================================================

Sub-question 1/2
Question: Who is the book 'Adversary in the House' based on?
Ground Truth: The book 'Adversary in the House' is based on the life of Eugene V. Debs and his wife Kate.
storage_time: 0.041181325912475586
QueryAttention 选择了 399 个 tokens (30.0%)
使用了 7 个层 (21 - 27)
select_time: 0.089s

Predicted:  Eugene V. Debs
Judgment: ✓ CORRECT
F1: 0.4167, EM: 0.0000
Reason: 预测答案“Eugene V. Debs”直接包含了标准答案中的核心人物，即该书基于尤金·V·德布斯的生活。虽然预测答案未提及他的妻子凯特，但问题主要关注书籍的“基础人物”，而德布斯是故事的中心主体，因此语义上等价于标准答案的关键部分，符合“基于其生活”的表述，细微差异不影响整体正确性。

Sub-question 2/2
Question: What political party did Eugene V. Debs belong to?
Ground Truth: Eugene V. Debs belonged to the Socialist Party of America.
storage_time: 0.05003833770751953
QueryAttention 选择了 489 个 tokens (30.0%)
使用了 7 个层 (21 - 27)
select_time: 0.089s

Predicted:  Socialist Party
Judgment: ✓ CORRECT
F1: 0.1538, EM: 0.0000
Reason: 预测答案"Socialist Party"虽然省略了标准答案中的"of America"这一具体限定，但在历史和政治语境中，提及尤金·V·德布斯时，"Socialist Party"通常默认指美国社会主义党，其语义核心与标准答案完全一致。预测答案准确抓住了关键信息，即德布斯所属政党的社会主义性质，且未引入任何矛盾或歧义，符合语义等价原则，因此可以判定为正确回答了问题。

✓ Main question 82: ALL 2 sub-questions CORRECT

================================================================================
Main Question 83/200: What event caused the Liberal Party of Australia's longest-serving leader to become Prime Minister?
================================================================================

Sub-question 1/2
Question: Who is the longest-serving leader of the Liberal Party of Australia?
Ground Truth: Robert Menzies
storage_time: 0.040955543518066406
QueryAttention 选择了 394 个 tokens (29.9%)
使用了 7 个层 (21 - 27)
select_time: 0.089s

Predicted:  Robert Menzies
Judgment: ✓ CORRECT
F1: 1.0000, EM: 1.0000
Reason: 预测答案“Robert Menzies”与标准答案完全一致，不仅包含了关键信息，而且在语义上完全等价。罗伯特·孟席斯是澳大利亚自由党历史上任职时间最长的领导人，其任期从1945年党成立直至1966年退休，这一事实在历史记录中明确无误。预测答案的措辞与标准答案完全相同，没有任何歧义或差异，因此可以确认它正确回答了问题。

Sub-question 2/2
Question: What specific political event or circumstance caused Robert Menzies to become Prime Minister of Australia?
Ground Truth: Robert Menzies became Prime Minister following the death of the incumbent Prime Minister, Joseph Lyons, in 1939.
storage_time: 0.04662656784057617
QueryAttention 选择了 492 个 tokens (30.0%)
使用了 7 个层 (21 - 27)
select_time: 0.090s

Predicted:  Menzies became the country's longest-serving Prime Minister after defeating the Labor government of Ben Chifley in 1949, in part over a Labor proposal to nationalise banks and following a crippling coal strike led by the Australian Communist Party.
Judgment: ✗ INCORRECT
F1: 0.3529, EM: 0.0000
Reason: 预测答案完全偏离了问题所问的核心事件。问题明确询问罗伯特·孟席斯首次成为澳大利亚总理的具体政治事件或背景，而标准答案指出这是由于1939年时任总理约瑟夫·莱昂斯去世所致。然而，预测答案却描述了孟席斯在1949年击败工党政府并成为任期最长总理的情况，这涉及的是他第二次上任的背景，与问题要求的首次上任原因无关。因此，预测答案未能包含关键信息，且在语义上与标准答案不等价，完全回答了错误的历史阶段。

✗ Main question 83: Some sub-questions INCORRECT

================================================================================
Main Question 84/200: Who is the uncle of Liu Bin?
================================================================================
⊘ SKIPPED (llm_judge=False or contains problematic answers)
  Note: Documents still included in global corpus for similarity computation

================================================================================
Main Question 85/200: Who founded the publisher of The Final Testament of the Holy Bible?
================================================================================

Sub-question 1/2
Question: Who is the publisher of The Final Testament of the Holy Bible?
Ground Truth: The Final Testament of the Holy Bible was published by Gagosian Gallery.
storage_time: 0.04086661338806152
QueryAttention 选择了 382 个 tokens (30.0%)
使用了 7 个层 (21 - 27)
select_time: 0.089s

Predicted:  Gagosian Gallery
Judgment: ✓ CORRECT
F1: 0.2857, EM: 0.0000
Reason: 预测答案“Gagosian Gallery”完整包含了标准答案中的关键信息，即该书的出版商。虽然预测答案省略了“The Final Testament of the Holy Bible was published by”这一表述，但其核心语义与标准答案完全等价，都准确指出了出版商的身份。在评估中，允许措辞上的简化或细微差异，只要核心事实一致即可，因此预测答案正确回答了问题。

Sub-question 2/2
Question: Who founded the Gagosian Gallery?
Ground Truth: The Gagosian Gallery was founded by Larry Gagosian.
storage_time: 0.04304051399230957
QueryAttention 选择了 376 个 tokens (29.9%)
使用了 7 个层 (21 - 27)
select_time: 0.088s

Predicted:  Larry Gagosian
Judgment: ✓ CORRECT
F1: 0.5333, EM: 0.0000
Reason: 预测答案“Larry Gagosian”直接提供了标准答案中的核心信息，即画廊的创始人姓名。虽然预测答案省略了“The Gagosian Gallery was founded by”这一完整表述，但其内容在语义上与标准答案完全等价，都准确指出了创始人是Larry Gagosian。根据判断标准，允许措辞上的细微差异，只要关键信息一致即可，因此预测答案正确回答了问题。

✓ Main question 85: ALL 2 sub-questions CORRECT

================================================================================
Main Question 86/200: The Nicole and Natalie album's band is named after who?
================================================================================

Sub-question 1/1
Question: What is the name of the band that released the album 'Nicole and Natalie'?
Ground Truth: Nina Sky
storage_time: 0.053380727767944336
QueryAttention 选择了 615 个 tokens (30.0%)
使用了 7 个层 (21 - 27)
select_time: 0.090s

Predicted:  Nicole and Natalie is the second studio album by the New York City-based duo Nina Sky.
Judgment: ✓ CORRECT
F1: 0.2000, EM: 0.0000
Reason: 预测答案明确指出了专辑《Nicole and Natalie》是由纽约市的双人组合Nina Sky发行的，这直接包含了标准答案“Nina Sky”的关键信息。尽管预测答案以描述性语句呈现，但它在语义上与标准答案完全等价，都准确回答了乐队名称的问题。措辞上的差异（如补充专辑顺序和地点）并未改变核心事实，因此预测答案正确回答了问题。

✓ Main question 86: ALL 1 sub-questions CORRECT

================================================================================
Main Question 87/200: Of which river is the river Kichi Sipi Bridge crosses a tributary?
================================================================================

Sub-question 1/2
Question: Which river does the Kichi Sipi Bridge cross?
Ground Truth: The Kichi Sipi Bridge crosses the Nelson River.
storage_time: 0.03654909133911133
QueryAttention 选择了 254 个 tokens (30.0%)
使用了 7 个层 (21 - 27)
select_time: 0.088s

Predicted:  The Kichi Sipi Bridge crosses the Nelson River.
Judgment: ✓ CORRECT
F1: 1.0000, EM: 1.0000
Reason: 预测答案与标准答案完全一致，明确指出基奇西皮桥横跨纳尔逊河，不仅包含了标准答案的所有关键信息，而且在语义上完全等价，没有任何歧义或额外偏差。尽管允许措辞上的细微差异，但此处预测答案的表述与标准答案完全相同，因此可以完全确认其正确回答了问题。

Sub-question 2/2
Question: Into which larger river does the Nelson River flow as a tributary?
Ground Truth: The Nelson River flows directly into Hudson Bay, not into a larger river as a tributary.
storage_time: 0.04621744155883789
QueryAttention 选择了 417 个 tokens (30.0%)
使用了 7 个层 (21 - 27)
select_time: 0.089s

Predicted:  Hudson Bay
Judgment: ✓ CORRECT
F1: 0.2222, EM: 0.0000
Reason: 预测答案“Hudson Bay”直接提供了标准答案中的核心信息，即纳尔逊河最终流入哈德逊湾。虽然预测答案省略了标准答案中“不作為支流流入更大河流”的补充说明，但问题询问的是纳尔逊河作为支流汇入哪条更大河流，而标准答案明确指出它并非支流，而是直接流入哈德逊湾。预测答案简洁地抓住了这一关键点，在语义上与标准答案的核心结论完全一致，符合“允许措辞细微差异”的判断标准。

✓ Main question 87: ALL 2 sub-questions CORRECT

================================================================================
Main Question 88/200: Who is the spouse of the screenwriter of The Actress?
================================================================================
⊘ SKIPPED (llm_judge=False or contains problematic answers)
  Note: Documents still included in global corpus for similarity computation

================================================================================
Main Question 89/200: Who is the child of the actor who is a cast member of Love in Pawn?
================================================================================

Sub-question 1/3
Question: Who are the cast members of Love in Pawn?
Ground Truth: Bernard Braden and Barbara Kelly
storage_time: 0.04275226593017578
QueryAttention 选择了 419 个 tokens (30.0%)
使用了 7 个层 (21 - 27)
select_time: 0.089s

Predicted:  Bernard Braden and Barbara Kelly
Judgment: ✓ CORRECT
F1: 1.0000, EM: 1.0000
Reason: 预测答案“Bernard Braden and Barbara Kelly”与标准答案完全一致，不仅包含了所有关键信息，而且在语义上完全等价，没有任何措辞差异。该答案准确列出了《Love in Pawn》的两位主演姓名，直接回答了问题中的“cast members”要求，因此可以明确判定为正确回答了问题。

Sub-question 2/3
Question: Which of the cast members of 'Love in Pawn' (Bernard Braden and Barbara Kelly) are actors?
Ground Truth: Both Bernard Braden and Barbara Kelly are actors.
storage_time: 0.03703117370605469
QueryAttention 选择了 282 个 tokens (30.0%)
使用了 7 个层 (21 - 27)
select_time: 0.091s

Predicted:  Bernard Braden and Barbara Kelly
Judgment: ✓ CORRECT
F1: 0.8421, EM: 0.0000
Reason: 预测答案虽然省略了标准答案中的完整表述“Both... are actors”，但直接列出了两位演员的名字“Bernard Braden and Barbara Kelly”，这完全涵盖了标准答案的核心信息。在语义上，该回答明确指向了问题所询问的两位人物，且问题本身已隐含了“哪些演员”的语境，因此预测答案通过列举名字直接确认了两人均为演员，与标准答案在关键信息上完全一致，符合语义等价的要求。

Sub-question 3/3
Question: Who is the child of Bernard Braden or Barbara Kelly?
Ground Truth: Kim Braden is the daughter of Bernard Braden and Barbara Kelly.
storage_time: 0.04158520698547363
QueryAttention 选择了 326 个 tokens (30.0%)
使用了 7 个层 (21 - 27)
select_time: 0.088s

Predicted:  Kim Braden
Judgment: ✓ CORRECT
F1: 0.2500, EM: 0.0000
Reason: 预测答案“Kim Braden”直接提供了标准答案中的核心信息，即Bernard Braden和Barbara Kelly的孩子是Kim Braden。虽然预测答案省略了“daughter”等细节，但它在语义上等价于标准答案的关键内容，因为问题仅询问孩子的身份，而预测答案准确给出了姓名。这种措辞差异不影响意思的一致性，符合评估标准中允许细微差异的要求。

✓ Main question 89: ALL 3 sub-questions CORRECT

================================================================================
Main Question 90/200: Who is the spouse of the first nominated African American presidential candidate?
================================================================================

Sub-question 1/2
Question: Who was the first nominated African American presidential candidate?
Ground Truth: Frederick Douglass was the first African American to be nominated as a presidential candidate, receiving one vote at the 1888 Republican National Convention.
storage_time: 0.04109072685241699
QueryAttention 选择了 390 个 tokens (30.0%)
使用了 7 个层 (21 - 27)
select_time: 0.089s

Predicted:  Frederick Douglass
The reference material indicates that in 1888, Frederick Douglass was invited to speak at the Republican National Convention and received one vote for the presidency, making him the first nominated African American presidential candidate.
Judgment: ✓ CORRECT
F1: 0.2667, EM: 0.0000
Reason: 预测答案明确指出弗雷德里克·道格拉斯是首位被提名的非裔美国总统候选人，这与标准答案中关于他在1888年共和党全国代表大会上获得一票提名的事实完全一致。尽管预测答案的表述更简洁，但关键信息（人物、事件、年份和意义）均与标准答案语义等价，且没有出现事实性偏差或遗漏核心内容，因此符合正确回答的标准。

Sub-question 2/2
Question: Who was the spouse of Frederick Douglass?
Ground Truth: Frederick Douglass had two spouses: his first wife was Anna Murray Douglass, and his second wife was Helen Pitts Douglass.
storage_time: 0.0503232479095459
QueryAttention 选择了 486 个 tokens (30.0%)
使用了 7 个层 (21 - 27)
select_time: 0.088s

Predicted:  Helen Pitts Douglass and Anna Murray Douglass
Judgment: ✓ CORRECT
F1: 0.6190, EM: 0.0000
Reason: 预测答案“Helen Pitts Douglass and Anna Murray Douglass”完整列出了弗雷德里克·道格拉斯的两位配偶，尽管顺序与标准答案相反，但这不影响信息的准确性。标准答案强调了他有两位配偶及其具体身份，预测答案在语义上完全等价，包含了所有关键信息，且措辞差异（如省略“第一任妻子”“第二任妻子”等修饰语）并未改变核心事实。因此，预测答案正确回答了问题。

✓ Main question 90: ALL 2 sub-questions CORRECT

================================================================================
Main Question 91/200: What event caused the founder of Australia's liberal party to become Prime Minister?
================================================================================

Sub-question 1/3
Question: Who founded the Liberal Party of Australia?
Ground Truth: Robert Menzies founded the Liberal Party of Australia.
storage_time: 0.04340410232543945
QueryAttention 选择了 486 个 tokens (30.0%)
使用了 7 个层 (21 - 27)
select_time: 0.088s

Predicted:  Robert Menzies
Judgment: ✓ CORRECT
F1: 0.6154, EM: 0.0000
Reason: 预测答案“Robert Menzies”直接提供了标准答案中的核心信息，即自由党的创立者姓名。虽然预测答案省略了“founded the Liberal Party of Australia”这一完整表述，但它在语义上与标准答案完全等价，因为问题明确询问创立者身份，仅回答姓名已足以正确回应。根据判断标准，预测答案包含了关键信息，且措辞差异不影响意思的一致性，因此可视为正确回答。

Sub-question 2/3
Question: When did Robert Menzies serve as Prime Minister of Australia?
Ground Truth: Robert Menzies served as Prime Minister of Australia from 1939 to 1941 and again from 1949 to 1966 (his tenure ended before the 1972 election, making him the longest-serving PM).
storage_time: 0.038300514221191406
QueryAttention 选择了 357 个 tokens (30.0%)
使用了 7 个层 (21 - 27)
select_time: 0.089s

Predicted: 1939 to 1941
Judgment: ✗ INCORRECT
F1: 0.2951, EM: 0.0000
Reason: 预测答案仅提供了罗伯特·孟席斯担任澳大利亚总理的第一个任期（1939年至1941年），但遗漏了他从1949年至1966年的第二个任期。标准答案明确指出他两次担任总理，且第二次任期使他成为澳大利亚历史上任期最长的总理。预测答案因信息不完整，未能全面回答关于其总理任期的全部时间范围，因此在语义上与标准答案不等价。

Sub-question 3/3
Question: What specific political event or circumstance led to Robert Menzies first becoming Prime Minister of Australia in 1939?
Ground Truth: Robert Menzies first became Prime Minister of Australia in 1939 following the death of the previous Prime Minister, Joseph Lyons.
storage_time: 0.0533144474029541
QueryAttention 选择了 530 个 tokens (30.0%)
使用了 7 个层 (21 - 27)
select_time: 0.091s

Predicted:  Lyons' death in 1939 saw Robert Menzies assume the Prime Ministership on the eve of war.
Judgment: ✓ CORRECT
F1: 0.5532, EM: 0.0000
Reason: 预测答案明确指出“Lyons' death in 1939 saw Robert Menzies assume the Prime Ministership”，这与标准答案中“following the death of the previous Prime Minister, Joseph Lyons”的关键信息完全一致。两者都强调了约瑟夫·莱昂斯去世这一具体政治事件是导致孟席斯在1939年成为总理的直接原因，语义上完全等价，仅存在措辞上的细微差异（如“assume the Prime Ministership”与“became Prime Minister”），但核心意思保持一致，因此预测答案正确回答了问题。

✗ Main question 91: Some sub-questions INCORRECT

================================================================================
Main Question 92/200: What is the river that the Kettle Generating Station is located on a tributary of?
================================================================================

Sub-question 1/2
Question: On which river is the Kettle Generating Station located?
Ground Truth: The Kettle Generating Station is located on the Lower Nelson River.
storage_time: 0.03800702095031738
QueryAttention 选择了 295 个 tokens (30.0%)
使用了 7 个层 (21 - 27)
select_time: 0.089s

Predicted:  Kettle River
Judgment: ✗ INCORRECT
F1: 0.3333, EM: 0.0000
Reason: 预测答案“Kettle River”与标准答案“Lower Nelson River”在语义上完全不同，两者指的是不同的河流。Kettle Generating Station 实际上位于加拿大马尼托巴省的 Lower Nelson River 上，而“Kettle River”通常指流经美国明尼苏达州和威斯康星州的一条河流，与发电站无关。预测答案未能包含标准答案的关键信息，且地理位置上存在显著差异，因此无法正确回答问题。

Sub-question 2/2
Question: Is the Lower Nelson River a tributary of a larger river system, and if so, which main river does it flow into?
Ground Truth: Yes, the Lower Nelson River is part of the Nelson River system, and it flows into Hudson Bay.
storage_time: 0.04694223403930664
QueryAttention 选择了 374 个 tokens (30.0%)
使用了 7 个层 (21 - 27)
select_time: 0.091s

Predicted:  The Lower Nelson River is a tributary of the Blyde River in South Africa, and it also flows into the North Saskatchewan River as part of the Nelson River Hydroelectric Project in Canada.
Judgment: ✗ INCORRECT
F1: 0.4815, EM: 0.0000
Reason: 预测答案存在严重的地理事实错误和混淆。标准答案明确指出下纳尔逊河是纳尔逊河系统的一部分，最终流入哈德逊湾，这是加拿大马尼托巴省的正确地理信息。而预测答案错误地将下纳尔逊河描述为南非布莱德河的支流，同时提到流入北萨斯喀彻温河，这与标准答案中哈德逊湾的关键信息完全不符，且在语义上不等价。预测答案还引入了无关的“纳尔逊河水电项目”细节，进一步偏离了问题的核心，因此未能正确回答问题。

✗ Main question 92: Some sub-questions INCORRECT

================================================================================
Main Question 93/200: Who is the sibling of the author of Kapalkundala?
================================================================================
⊘ SKIPPED (llm_judge=False or contains problematic answers)
  Note: Documents still included in global corpus for similarity computation

================================================================================
Main Question 94/200: Who was the spouse of a leading speaker against slavery and publisher of an antislavery newspaper?
================================================================================

Sub-question 1/2
Question: Who was a leading speaker against slavery and publisher of an antislavery newspaper?
Ground Truth: Frederick Douglass
storage_time: 0.04059648513793945
QueryAttention 选择了 379 个 tokens (29.9%)
使用了 7 个层 (21 - 27)
select_time: 0.090s

Predicted:  Frederick Douglass
Judgment: ✓ CORRECT
F1: 1.0000, EM: 1.0000
Reason: 预测答案“Frederick Douglass”完全符合标准答案，不仅包含了关键信息，而且在语义上完全等价。作为19世纪美国著名的废奴运动领袖，弗雷德里克·道格拉斯确实以反对奴隶制的演讲和出版反奴隶制报纸而闻名，因此预测答案准确无误地回答了问题，没有任何歧义或信息缺失。

Sub-question 2/2
Question: Who was Frederick Douglass's spouse?
Ground Truth: Frederick Douglass had two spouses: his first wife was Anna Murray Douglass, and his second wife was Helen Pitts Douglass.
storage_time: 0.047380924224853516
QueryAttention 选择了 457 个 tokens (29.9%)
使用了 7 个层 (21 - 27)
select_time: 0.088s

Predicted:  Helen Pitts Douglass and Anna Murray Douglass
Judgment: ✓ CORRECT
F1: 0.6190, EM: 0.0000
Reason: 预测答案虽然未明确区分第一任和第二任配偶的顺序，但完整列出了标准答案中的两位关键人物——Helen Pitts Douglass 和 Anna Murray Douglass，这与标准答案中“Frederick Douglass 有两位配偶”的核心信息完全一致。在语义上，预测答案涵盖了所有必要信息，且未包含错误或误导性内容，仅存在表述顺序上的细微差异，这并不影响答案的正确性。因此，预测答案正确回答了问题。

✓ Main question 94: ALL 2 sub-questions CORRECT

================================================================================
Main Question 95/200: What is the record label of the co-writer and recording artist of Permission to Fly?
================================================================================
⊘ SKIPPED (llm_judge=False or contains problematic answers)
  Note: Documents still included in global corpus for similarity computation

================================================================================
Main Question 96/200: Where is Ulrich Walter's employer headquartered?
================================================================================

Sub-question 1/1
Question: Who is Ulrich Walter's employer?
Ground Truth: Ulrich Walter's employers were the German astronaut team and the German Aerospace Center (DLR).
storage_time: 0.042061567306518555
QueryAttention 选择了 317 个 tokens (30.0%)
使用了 7 个层 (21 - 27)
select_time: 0.088s

Predicted:  German Aerospace Center
Judgment: ✓ CORRECT
F1: 0.2222, EM: 0.0000
Reason: 预测答案“German Aerospace Center”是标准答案中明确列出的雇主之一，即德国航空航天中心（DLR）。虽然标准答案还提到了“German astronaut team”，但预测答案的核心信息与标准答案的关键部分完全一致，且在语义上等价，没有产生矛盾或错误。允许措辞上的细微差异，预测答案直接提取了主要机构名称，足以正确回答问题。因此，预测答案正确地回答了问题。

✓ Main question 96: ALL 1 sub-questions CORRECT

================================================================================
Main Question 97/200: Who is the city where Lesnoye Sanatorium is located named after?
================================================================================

Sub-question 1/2
Question: Where is Lesnoye Sanatorium located?
Ground Truth: Lesnoye Sanatorium is located in the city of Tolyatti, Russia.
storage_time: 0.038816213607788086
QueryAttention 选择了 325 个 tokens (30.0%)
使用了 7 个层 (21 - 27)
select_time: 0.088s

Predicted:  Tolyatti, Russia
Judgment: ✓ CORRECT
F1: 0.3333, EM: 0.0000
Reason: 预测答案“Tolyatti, Russia”完整包含了标准答案中的关键信息，即地点“Tolyatti”和国家“Russia”，尽管省略了“Lesnoye Sanatorium is located in the city of”这一表述，但语义上与标准答案完全等价，都准确指出了该疗养院位于俄罗斯陶里亚蒂市。这种措辞差异不影响核心信息的正确性，符合评估标准中允许细微差异的要求。

Sub-question 2/2
Question: Who is the city of Tolyatti named after?
Ground Truth: The city of Tolyatti is named after Palmiro Togliatti, the longest-serving secretary of the Italian Communist Party.
storage_time: 0.042832136154174805
QueryAttention 选择了 359 个 tokens (29.9%)
使用了 7 个层 (21 - 27)
select_time: 0.088s

Predicted:  Palmiro Togliatti
Judgment: ✓ CORRECT
F1: 0.3200, EM: 0.0000
Reason: 预测答案“Palmiro Togliatti”直接提供了标准答案中的核心信息，即城市以这位意大利共产党长期书记的名字命名。虽然预测答案省略了标准答案中关于其身份的具体描述，但问题仅询问命名对象，预测答案准确给出了人名，在语义上与标准答案的关键部分完全等价，且没有引入错误或歧义，因此正确回答了问题。

✓ Main question 97: ALL 2 sub-questions CORRECT

================================================================================
Main Question 98/200: Whom is the birth place of Ravil Aryapov named after?
================================================================================

Sub-question 1/2
Question: Who is Ravil Aryapov and where was he born?
Ground Truth: Ravil Aryapov is a Russian professional football coach and former player. He was born in Stavropol, which is now the city of Tolyatti.
storage_time: 0.03942084312438965
QueryAttention 选择了 346 个 tokens (30.0%)
使用了 7 个层 (21 - 27)
select_time: 0.089s

Predicted:  Ravil Velimukhamedovich Aryapov was born in Nakhichevan in the Russian Empire and is now from Tolyatti, Russia.
Judgment: ✗ INCORRECT
F1: 0.5263, EM: 0.0000
Reason: 预测答案与标准答案在关键信息上存在明显矛盾。标准答案明确指出Ravil Aryapov出生在Stavropol（现Tolyatti），而预测答案却声称他出生在Nakhichevan（俄罗斯帝国时期），仅提到“现在来自Tolyatti”。这种出生地点的根本差异（Stavropol vs. Nakhichevan）导致语义无法等价，且预测答案未包含“俄罗斯职业足球教练和前球员”这一核心身份信息，因此未能正确回答问题。

Sub-question 2/2
Question: Whom is the city of Tolyatti named after?
Ground Truth: The city of Tolyatti is named after Palmiro Togliatti, the longest-serving secretary of the Italian Communist Party.
storage_time: 0.042360782623291016
QueryAttention 选择了 355 个 tokens (30.0%)
使用了 7 个层 (21 - 27)
select_time: 0.089s

Predicted:  Palmiro Togliatti
Judgment: ✓ CORRECT
F1: 0.3200, EM: 0.0000
Reason: 预测答案“Palmiro Togliatti”直接提供了标准答案中的核心信息，即城市命名的对象。虽然预测答案省略了标准答案中关于其身份的补充描述（意大利共产党长期书记），但问题仅询问命名对象，预测答案在语义上完全等价于标准答案的关键点，且措辞差异不影响正确性，因此正确回答了问题。

✗ Main question 98: Some sub-questions INCORRECT

================================================================================
Main Question 99/200: Who is the city that AvtoVAZ's headquarters is located in named after?
================================================================================

Sub-question 1/2
Question: In which city is AvtoVAZ's headquarters located?
Ground Truth: Tolyatti
storage_time: 0.03978753089904785
QueryAttention 选择了 359 个 tokens (30.0%)
使用了 7 个层 (21 - 27)
select_time: 0.089s

Predicted:  Tolyatti
Judgment: ✓ CORRECT
F1: 1.0000, EM: 1.0000
Reason: 预测答案“Tolyatti”与标准答案完全一致，不仅包含了关键信息，而且在语义上完全等价。该答案直接、准确地指出了AvtoVAZ总部所在的城市，没有任何措辞差异或额外信息，完全符合问题要求。因此，可以明确判定预测答案正确回答了问题。

Sub-question 2/2
Question: Who is the city of Tolyatti named after?
Ground Truth: The city of Tolyatti is named after Palmiro Togliatti, the longest-serving secretary of the Italian Communist Party.
storage_time: 0.043445587158203125
QueryAttention 选择了 374 个 tokens (30.0%)
使用了 7 个层 (21 - 27)
select_time: 0.088s

Predicted:  Palmiro Togliatti
Judgment: ✓ CORRECT
F1: 0.3200, EM: 0.0000
Reason: 预测答案“Palmiro Togliatti”直接提供了标准答案中的核心信息，即城市以这位意大利共产党长期书记的名字命名。虽然预测答案省略了标准答案中关于其身份的具体描述，但问题仅询问命名对象，预测答案准确给出了人名，在语义上与标准答案的关键部分完全等价，且没有引入错误或歧义，因此正确回答了问题。

✓ Main question 99: ALL 2 sub-questions CORRECT

================================================================================
Main Question 100/200: What team drafted the winner of the NBA scoring title this year?
================================================================================
⊘ SKIPPED (llm_judge=False or contains problematic answers)
  Note: Documents still included in global corpus for similarity computation

================================================================================
Main Question 101/200: Where was the founder of the National Women's Party born?
================================================================================

Sub-question 1/2
Question: Who is the founder of the National Women's Party?
Ground Truth: Alice Paul
storage_time: 0.04130864143371582
QueryAttention 选择了 399 个 tokens (29.9%)
使用了 7 个层 (21 - 27)
select_time: 0.089s

Predicted:  Alice Paul
Judgment: ✓ CORRECT
F1: 1.0000, EM: 1.0000
Reason: 预测答案“Alice Paul”与标准答案完全一致，准确无误地指出了国家妇女党的创始人。该答案不仅包含了标准答案的所有关键信息，而且在语义上与标准答案完全等价，没有任何歧义或额外信息。尽管允许措辞上的细微差异，但此处预测答案与标准答案的措辞完全相同，因此毫无疑问地正确回答了问题。

Sub-question 2/2
Question: Where was Alice Paul born?
Ground Truth: Mount Laurel Township, New Jersey.
storage_time: 0.047891855239868164
QueryAttention 选择了 416 个 tokens (29.9%)
使用了 7 个层 (21 - 27)
select_time: 0.087s

Predicted:  Paulsdale, in Mount Laurel Township, New Jersey
Judgment: ✓ CORRECT
F1: 0.7143, EM: 0.0000
Reason: 预测答案“Paulsdale, in Mount Laurel Township, New Jersey”完全包含了标准答案“Mount Laurel Township, New Jersey”的关键信息，并在语义上等价。预测答案提供了更具体的细节（Paulsdale），这并未改变核心事实，反而更精确地指出了出生地点，与标准答案在意思上保持一致，符合允许措辞细微差异的判断标准。

✓ Main question 101: ALL 2 sub-questions CORRECT

================================================================================
Main Question 102/200: What administrative territorial entity is the owner of Ciudad Deportiva located?
================================================================================

Sub-question 1/2
Question: Where is Ciudad Deportiva located?
Ground Truth: Ciudad Deportiva is located in Nuevo Laredo, Mexico.
storage_time: 0.03682827949523926
QueryAttention 选择了 267 个 tokens (29.9%)
使用了 7 个层 (21 - 27)
select_time: 0.088s

Predicted:  Ciudad Deportiva is located in Nuevo Laredo, in the Mexican state of Tamaulipas.
Judgment: ✓ CORRECT
F1: 0.6452, EM: 0.0000
Reason: 预测答案不仅包含了标准答案的关键信息“Ciudad Deportiva is located in Nuevo Laredo, Mexico”，还进一步补充了“in the Mexican state of Tamaulipas”，这提供了更精确的地理位置细节。由于Nuevo Laredo确实是墨西哥塔毛利帕斯州的城市，预测答案在语义上与标准答案完全等价，没有矛盾或错误信息，仅措辞上略有扩展，因此正确回答了问题。

Sub-question 2/2
Question: What administrative territorial entity owns the Ciudad Deportiva sports complex in Nuevo Laredo, Mexico?
Ground Truth: The Ciudad Deportiva sports complex is owned by the Nuevo Laredo Municipality.
storage_time: 0.04573965072631836
QueryAttention 选择了 472 个 tokens (30.0%)
使用了 7 个层 (21 - 27)
select_time: 0.091s

Predicted:  The Municipality of Nuevo Laredo
Judgment: ✓ CORRECT
F1: 0.4000, EM: 0.0000
Reason: 预测答案“The Municipality of Nuevo Laredo”与标准答案“the Nuevo Laredo Municipality”在语义上完全等价，两者都明确指出了该体育综合体由新拉雷多市（或译为市镇）所有。尽管措辞略有差异（如“Municipality of”与“Municipality”的位置不同），但都准确传达了所有权归属这一核心信息，符合允许措辞细微差异的判断标准，因此预测答案正确回答了问题。

✓ Main question 102: ALL 2 sub-questions CORRECT

================================================================================
Main Question 103/200: Who founded the company that distributed the film UHF?
================================================================================

Sub-question 1/2
Question: Which company distributed the film UHF?
Ground Truth: Orion Pictures
storage_time: 0.04037165641784668
QueryAttention 选择了 378 个 tokens (30.0%)
使用了 7 个层 (21 - 27)
select_time: 0.088s

Predicted:  Orion Pictures
Judgment: ✓ CORRECT
F1: 1.0000, EM: 1.0000
Reason: 预测答案“Orion Pictures”与标准答案完全一致，不仅包含了关键信息，而且在语义上完全等价，没有任何措辞差异。这直接准确地回答了关于电影《UHF》发行公司的问题，符合所有判断标准，包括信息完整性和意思一致性，因此可以明确认定为正确回答。

Sub-question 2/2
Question: Who founded Orion Pictures?
Ground Truth: Morris Mike Medavoy was a co-founder of Orion Pictures.
storage_time: 0.04694032669067383
QueryAttention 选择了 506 个 tokens (30.0%)
使用了 7 个层 (21 - 27)
select_time: 0.087s

Predicted:  Morris Mike Medavoy
Judgment: ✓ CORRECT
F1: 0.5882, EM: 0.0000
Reason: 预测答案“Morris Mike Medavoy”直接提供了标准答案中的核心信息，即Orion Pictures的创始人姓名。虽然预测答案省略了“co-founder”这一具体角色描述，但标准答案的关键在于确认创始人身份，而姓名本身已足以正确回答问题。在语义上，预测答案与标准答案保持一致，没有引入矛盾或错误信息，且措辞差异不影响整体意思的准确性。因此，预测答案正确地回答了问题。

✓ Main question 103: ALL 2 sub-questions CORRECT

================================================================================
Main Question 104/200: What is the place of birth of the person who submitted the first version of the equal rights amendment to congress in 1923?
================================================================================

Sub-question 1/2
Question: Who submitted the first version of the Equal Rights Amendment to Congress in 1923?
Ground Truth: Alice Paul, the head of the National Women's Party, revised the proposed Equal Rights Amendment in 1923.
storage_time: 0.04172372817993164
QueryAttention 选择了 411 个 tokens (29.9%)
使用了 7 个层 (21 - 27)
select_time: 0.090s

Predicted:  Alice Paul
Judgment: ✓ CORRECT
F1: 0.1111, EM: 0.0000
Reason: 预测答案“Alice Paul”完全包含了标准答案中的核心关键信息，即提交《平等权利修正案》第一版的具体人物。虽然预测答案省略了“the head of the National Women's Party”这一附加身份描述以及“revised the proposed Equal Rights Amendment in 1923”的部分动作细节，但问题明确询问的是“谁提交”，预测答案直接提供了准确的人物名称，在语义上与标准答案的主体部分完全等价，且没有出现事实性矛盾或信息错误，因此可以判定为正确回答了问题。

Sub-question 2/2
Question: What is the place of birth of Alice Paul?
Ground Truth: Paulsdale, Mount Laurel Township, New Jersey
storage_time: 0.04202103614807129
QueryAttention 选择了 337 个 tokens (30.0%)
使用了 7 个层 (21 - 27)
select_time: 0.088s

Predicted:  Paulsdale, in Mount Laurel Township, New Jersey
Judgment: ✓ CORRECT
F1: 0.9412, EM: 0.0000
Reason: 预测答案“Paulsdale, in Mount Laurel Township, New Jersey”与标准答案“Paulsdale, Mount Laurel Township, New Jersey”在语义上完全等价，都准确指出了Alice Paul的出生地为新泽西州Mount Laurel镇的Paulsdale。预测答案仅多了一个介词“in”，但这属于措辞上的细微差异，不影响核心信息的完整性和准确性。关键地名（Paulsdale、Mount Laurel Township、New Jersey）均被包含，且顺序一致，因此预测答案正确回答了问题。

✓ Main question 104: ALL 2 sub-questions CORRECT

================================================================================
Main Question 105/200: Since 2004, what is the location of the body to which, if a matter is not specifically reserved, it is devolved?
================================================================================

Sub-question 1/1
Question: What is the location of the devolved body responsible for non-reserved matters since 2004?
Ground Truth: The devolved body is the Scottish Parliament, located in the Holyrood area of Edinburgh since September 2004.
storage_time: 0.05433297157287598
QueryAttention 选择了 650 个 tokens (30.0%)
使用了 7 个层 (21 - 27)
select_time: 0.091s

Predicted:  Holyrood area of Edinburgh
Judgment: ✓ CORRECT
F1: 0.4000, EM: 0.0000
Reason: 预测答案“Holyrood area of Edinburgh”直接包含了标准答案中关于位置的核心信息，即爱丁堡的荷里路德地区，这与标准答案中“located in the Holyrood area of Edinburgh since September 2004”的描述在语义上完全等价。虽然预测答案省略了“苏格兰议会”这一主体名称和具体年份，但问题主要询问的是“位置”，预测答案精准地提供了这一关键细节，符合措辞差异允许的范围，因此正确回答了问题。

✓ Main question 105: ALL 1 sub-questions CORRECT

================================================================================
Main Question 106/200: When did the person who first brought a postal service into Umayyad lands become caliph?
================================================================================

Sub-question 1/2
Question: Who first introduced the postal service in the Umayyad Caliphate?
Ground Truth: Mu'awiyah introduced the postal service in the Umayyad Caliphate.
storage_time: 0.05076789855957031
QueryAttention 选择了 723 个 tokens (30.0%)
使用了 7 个层 (21 - 27)
select_time: 0.090s

Predicted:  Mu'awiyah
Judgment: ✓ CORRECT
F1: 0.3529, EM: 0.0000
Reason: 预测答案“Mu'awiyah”直接包含了标准答案中的核心关键信息，即引入邮政服务的人物名称。虽然预测答案省略了“introduced the postal service in the Umayyad Caliphate”这一完整表述，但在语义上与标准答案完全等价，因为问题明确询问“谁首先引入了邮政服务”，而“Mu'awiyah”作为专有名词足以准确回答该问题。这种措辞差异不影响意思的一致性，符合评估标准中允许细微差异的要求。

Sub-question 2/2
Question: When did Mu'awiyah become caliph of the Umayyad Caliphate?
Ground Truth: Mu'awiyah became caliph in 661 CE.
storage_time: 0.061232566833496094
QueryAttention 选择了 923 个 tokens (30.0%)
使用了 7 个层 (21 - 27)
select_time: 0.092s

Predicted: 661
Judgment: ✓ CORRECT
F1: 0.2857, EM: 0.0000
Reason: 预测答案“661”直接对应标准答案中的关键年份信息“661 CE”，两者在语义上完全等价，都准确指出了穆阿维叶成为哈里发的具体时间。尽管预测答案省略了“CE”这一纪年标识，但在历史语境中，单独的数字年份通常被默认为公元纪年，因此不影响核心信息的正确性。这符合允许措辞细微差异的判断标准，意思保持一致。

✓ Main question 106: ALL 2 sub-questions CORRECT

================================================================================
Main Question 107/200: What is the river where Long Spruce Generating Station is located a tributary of?
================================================================================
⊘ SKIPPED (llm_judge=False or contains problematic answers)
  Note: Documents still included in global corpus for similarity computation

================================================================================
Main Question 108/200: Who is the spouse of the creator of The Nanny Reunion: A Nosh to Remember?
================================================================================
⊘ SKIPPED (llm_judge=False or contains problematic answers)
  Note: Documents still included in global corpus for similarity computation

================================================================================
Main Question 109/200: Who is the creator of Mickey Mouse's spouse?
================================================================================
⊘ SKIPPED (llm_judge=False or contains problematic answers)
  Note: Documents still included in global corpus for similarity computation

================================================================================
Main Question 110/200: This is an instance of who was named commander in chief of texas forces by the new national government of texas National Forest?
================================================================================

Sub-question 1/1
Question: Who was named commander in chief of Texas forces by the new national government of Texas?
Ground Truth: Sam Houston was named commander in chief of the Texas forces by the new national government of Texas.
storage_time: 0.048453330993652344
QueryAttention 选择了 564 个 tokens (30.0%)
使用了 7 个层 (21 - 27)
select_time: 0.090s

Predicted:  Sam Houston
Judgment: ✓ CORRECT
F1: 0.2222, EM: 0.0000
Reason: 预测答案“Sam Houston”直接提供了标准答案中的核心人物信息，即被任命为得克萨斯军队总司令的人。虽然预测答案省略了标准答案中的部分背景描述（如“by the new national government of Texas”），但它准确抓住了问题的关键点——回答“谁”被任命。在语义上，预测答案与标准答案完全一致，因为提及“Sam Houston”就隐含了其被任命的事实，符合历史常识。根据判断标准，预测答案与标准答案在关键信息上等价，且意思保持一致，因此正确回答了问题。

✓ Main question 110: ALL 1 sub-questions CORRECT

================================================================================
Main Question 111/200: What was the average per capita GVA in 2013 of the country which created Burma's academic system?
================================================================================
⊘ SKIPPED (llm_judge=False or contains problematic answers)
  Note: Documents still included in global corpus for similarity computation

================================================================================
Main Question 112/200: During which era was the company that makes Nirbhay founded?
================================================================================
⊘ SKIPPED (llm_judge=False or contains problematic answers)
  Note: Documents still included in global corpus for similarity computation

================================================================================
Main Question 113/200: What university did the author of The Secret World of Og go to?
================================================================================

Sub-question 1/2
Question: Who is the author of The Secret World of Og?
Ground Truth: Pierre Berton
storage_time: 0.03633737564086914
QueryAttention 选择了 246 个 tokens (29.9%)
使用了 7 个层 (21 - 27)
select_time: 0.088s

Predicted:  Pierre Berton
Judgment: ✓ CORRECT
F1: 1.0000, EM: 1.0000
Reason: 预测答案“Pierre Berton”与标准答案完全一致，不仅包含了关键信息，而且在语义上完全等价，没有任何措辞差异。该答案准确无误地指出了《The Secret World of Og》的作者，符合所有判断标准，因此正确回答了问题。

Sub-question 2/2
Question: Which university did Pierre Berton attend?
Ground Truth: Pierre Berton attended the University of British Columbia.
storage_time: 0.04220390319824219
QueryAttention 选择了 348 个 tokens (30.0%)
使用了 7 个层 (21 - 27)
select_time: 0.088s

Predicted:  University of British Columbia
Judgment: ✓ CORRECT
F1: 0.5714, EM: 0.0000
Reason: 预测答案“University of British Columbia”完整包含了标准答案“Pierre Berton attended the University of British Columbia”中的关键信息，即皮埃尔·伯顿就读的大学名称。尽管预测答案省略了主语和谓语部分，但在语义上与标准答案完全等价，因为问题明确询问的是“哪所大学”，预测答案直接提供了大学名称，符合允许措辞细微差异的判断标准，意思保持一致且准确回答了问题。

✓ Main question 113: ALL 2 sub-questions CORRECT

================================================================================
Main Question 114/200: Who is the child of Caroline LeRoy's spouse?
================================================================================

Sub-question 1/2
Question: Who is Caroline LeRoy's spouse?
Ground Truth: Daniel Webster
storage_time: 0.04217982292175293
QueryAttention 选择了 436 个 tokens (29.9%)
使用了 7 个层 (21 - 27)
select_time: 0.088s

Predicted:  Daniel Webster
Judgment: ✓ CORRECT
F1: 1.0000, EM: 1.0000
Reason: 预测答案“Daniel Webster”与标准答案完全一致，准确无误地指出了卡罗琳·勒罗伊的配偶是丹尼尔·韦伯斯特。该答案不仅包含了标准答案的所有关键信息，而且在语义上完全等价，没有任何措辞或细节上的差异，因此可以明确判定为正确回答了问题。

Sub-question 2/2
Question: Who is Daniel Webster's child?
Ground Truth: Daniel Webster's child is Daniel Fletcher Webster.
storage_time: 0.043383121490478516
QueryAttention 选择了 399 个 tokens (30.0%)
使用了 7 个层 (21 - 27)
select_time: 0.088s

Predicted:  Daniel Fletcher Webster (Fletcher Webster)
Judgment: ✓ CORRECT
F1: 0.6000, EM: 0.0000
Reason: 预测答案“Daniel Fletcher Webster (Fletcher Webster)”完全包含了标准答案“Daniel Webster's child is Daniel Fletcher Webster”中的关键信息，即丹尼尔·韦伯斯特的孩子是丹尼尔·弗莱彻·韦伯斯特。预测答案通过提供全名和括号内的常用名，在语义上与标准答案等价，且措辞差异（如省略句子结构、补充别名）并未改变核心事实，确保了意思的一致性。因此，预测答案正确回答了问题。

✓ Main question 114: ALL 2 sub-questions CORRECT

================================================================================
Main Question 115/200: Where was the person featured on the Chester Arthur coin born?
================================================================================

Sub-question 1/2
Question: Who is featured on the Chester Arthur coin?
Ground Truth: The coin for Chester A. Arthur features suffragette Alice Paul.
storage_time: 0.04451394081115723
QueryAttention 选择了 517 个 tokens (30.0%)
使用了 7 个层 (21 - 27)
select_time: 0.089s

Predicted:  Queen Elizabeth II
Judgment: ✗ INCORRECT
F1: 0.0000, EM: 0.0000
Reason: 预测答案“Queen Elizabeth II”与标准答案“suffragette Alice Paul”在关键信息上完全不一致。标准答案明确指出切斯特·阿瑟硬币上的人物是女权运动者爱丽丝·保罗，而预测答案却提到了英国女王伊丽莎白二世，两者在身份、历史背景和语义上没有任何关联，无法通过措辞差异或等价性来解释。因此，预测答案未能正确回答问题，属于明显错误。

Sub-question 2/2
Question: Where was suffragette Alice Paul born?
Ground Truth: Alice Paul was born in Paulsdale, Mount Laurel Township, New Jersey.
storage_time: 0.043958425521850586
QueryAttention 选择了 402 个 tokens (29.9%)
使用了 7 个层 (21 - 27)
select_time: 0.088s

Predicted:  Paulsdale, in Mount Laurel Township, New Jersey
Judgment: ✓ CORRECT
F1: 0.7619, EM: 0.0000
Reason: 出生地点“Paulsdale”和具体位置“Mount Laurel Township, New Jersey”。尽管措辞略有差异（如省略了“Alice Paul was born in”的表述），但语义完全等价，意思保持一致，准确回答了问题关于出生地的要求。因此，预测答案正确。

✗ Main question 115: Some sub-questions INCORRECT

================================================================================
Main Question 116/200: The Move Ya Body song's band is named after who?
================================================================================
⊘ SKIPPED (llm_judge=False or contains problematic answers)
  Note: Documents still included in global corpus for similarity computation

================================================================================
Main Question 117/200: Who is the spouse of the producer of Dolores Claiborne?
================================================================================
⊘ SKIPPED (llm_judge=False or contains problematic answers)
  Note: Documents still included in global corpus for similarity computation

================================================================================
Main Question 118/200: Where did the author of The National Dream go to university?
================================================================================

Sub-question 1/2
Question: Who is the author of The National Dream?
Ground Truth: Pierre Berton
storage_time: 0.041239261627197266
QueryAttention 选择了 402 个 tokens (29.9%)
使用了 7 个层 (21 - 27)
select_time: 0.088s

Predicted:  Pierre Berton
Judgment: ✓ CORRECT
F1: 1.0000, EM: 1.0000
Reason: 预测答案“Pierre Berton”与标准答案完全一致，不仅包含了关键信息，而且在语义上完全等价，没有任何措辞差异。该答案准确无误地指出了《The National Dream》的作者，符合所有判断标准，因此可以确认为正确回答。

Sub-question 2/2
Question: Where did Pierre Berton go to university?
Ground Truth: Pierre Berton estudió en la Universidad de British Columbia.
storage_time: 0.04091191291809082
QueryAttention 选择了 307 个 tokens (30.0%)
使用了 7 个层 (21 - 27)
select_time: 0.088s

Predicted:  University of British Columbia
Judgment: ✓ CORRECT
F1: 0.3158, EM: 0.0000
Reason: 预测答案“University of British Columbia”与标准答案“Pierre Berton estudió en la Universidad de British Columbia”在语义上完全等价，都明确指出皮埃尔·伯顿就读于不列颠哥伦比亚大学。尽管标准答案使用了西班牙语表述，且包含完整的主谓结构，但预测答案准确提取了核心信息——大学名称，符合“允许措辞细微差异”的判断标准。两者均指向同一教育机构，关键信息一致，因此预测答案正确回答了问题。

✓ Main question 118: ALL 2 sub-questions CORRECT

================================================================================
Main Question 119/200: What type of animal is Xiao Liwu's mother?
================================================================================

Sub-question 1/1
Question: What is Xiao Liwu?
Ground Truth: Xiao Liwu is a giant panda, the sixth cub born to his mother Bai Yun and the fifth for his father Gao Gao at the San Diego Zoo.
storage_time: 0.045961618423461914
QueryAttention 选择了 424 个 tokens (29.9%)
使用了 7 个层 (21 - 27)
select_time: 0.087s

Predicted:  Xiao Liwu is the sixth cub born to his mother Bai Yun, and the fifth for his father Gao Gao. He has one half-sister, Hua Mei, through Bai Yun. He also has two full brothers, Mei Sheng and Yun Zi, and two full sisters, Su Lin and Zhen Zhen. Like his full siblings, he was conceived via natural mating.
Judgment: ✓ CORRECT
F1: 0.4466, EM: 0.0000
Reason: 预测答案不仅包含了标准答案中“Xiao Liwu是第六只幼崽，母亲是Bai Yun，父亲是Gao Gao”这一核心信息，还额外提供了关于其兄弟姐妹的细节，这并未与标准答案冲突，反而在语义上更丰富。标准答案强调其身份为“大熊猫”和“在圣地亚哥动物园出生”，而预测答案虽未明确提及“大熊猫”和“圣地亚哥动物园”，但通过描述其家庭关系间接确认了其物种和背景，整体意思与标准答案保持一致，符合语义等价的要求。

✓ Main question 119: ALL 1 sub-questions CORRECT

================================================================================
Main Question 120/200: What university did the author of 1967: The Last Good Year attend?
================================================================================

Sub-question 1/2
Question: Who is the author of the book '1967: The Last Good Year'?
Ground Truth: Pierre Berton
storage_time: 0.04201817512512207
QueryAttention 选择了 423 个 tokens (30.0%)
使用了 7 个层 (21 - 27)
select_time: 0.090s

Predicted:  Pierre Berton
Judgment: ✓ CORRECT
F1: 1.0000, EM: 1.0000
Reason: 预测答案“Pierre Berton”与标准答案完全一致，不仅包含了关键信息，而且在语义上完全等价。该答案直接准确地指出了《1967: The Last Good Year》一书的作者，没有任何措辞差异或额外信息，完全符合问题要求。因此，可以明确判定预测答案正确回答了问题。

Sub-question 2/2
Question: Which university did Pierre Berton attend?
Ground Truth: Pierre Berton attended the University of British Columbia.
storage_time: 0.04231834411621094
QueryAttention 选择了 355 个 tokens (30.0%)
使用了 7 个层 (21 - 27)
select_time: 0.088s

Predicted:  University of British Columbia
Judgment: ✓ CORRECT
F1: 0.5714, EM: 0.0000
Reason: 预测答案“University of British Columbia”完整包含了标准答案“Pierre Berton attended the University of British Columbia”中的关键信息，即皮埃尔·伯顿就读的大学名称。尽管预测答案省略了主语和谓语部分，但在语义上与标准答案完全等价，因为问题明确询问的是“哪所大学”，预测答案直接提供了大学名称，符合允许措辞细微差异的判断标准，意思保持一致且准确回答了问题。

✓ Main question 120: ALL 2 sub-questions CORRECT

================================================================================
Main Question 121/200: Who was honoured with the highest award a citizen without military experience in India before becoming a president?
================================================================================

Sub-question 1/1
Question: Which Indian Presidents received the Bharat Ratna award before becoming President?
Ground Truth: Sarvepalli Radhakrishnan received the Bharat Ratna in 1954 before becoming President.
storage_time: 0.05273270606994629
QueryAttention 选择了 646 个 tokens (30.0%)
使用了 7 个层 (21 - 27)
select_time: 0.090s

Predicted:  C. Rajagopalachari, Sarvepalli Radhakrishnan, C.V. Raman
Judgment: ✗ INCORRECT
F1: 0.4000, EM: 0.0000
Reason: 预测答案虽然包含了标准答案中的关键人物 Sarvepalli Radhakrishnan，但错误地添加了 C. Rajagopalachari 和 C.V. Raman，这两人并非印度总统，因此与问题“哪些印度总统在就任前获得 Bharat Ratna 奖”的语义不符。标准答案仅列出符合条件的总统，而预测答案包含无关人物，导致信息不准确且超出问题范围，无法正确回答问题。

✗ Main question 121: Some sub-questions INCORRECT

================================================================================
Main Question 122/200: The Directory of Public Worship was approved by a parliament whose modern equivalent has been based where since 2004?
================================================================================

Sub-question 1/2
Question: Which parliament approved the Directory of Public Worship?
Ground Truth: The Scottish Parliament approved the Directory of Public Worship.
storage_time: 0.04581046104431152
QueryAttention 选择了 538 个 tokens (30.0%)
使用了 7 个层 (21 - 27)
select_time: 0.089s

Predicted:  Scottish Parliament
Judgment: ✓ CORRECT
F1: 0.5455, EM: 0.0000
Reason: 预测答案“Scottish Parliament”完整包含了标准答案“The Scottish Parliament approved the Directory of Public Worship”中的核心主体信息，即“苏格兰议会”这一关键实体。尽管预测答案省略了动词“approved”和宾语“the Directory of Public Worship”，但在语义上直接指向了“批准《公共礼拜指南》的议会”这一问题的核心，两者在本质上等价。这种简洁表述符合常见问答场景中允许的措辞差异，未改变原意或引入歧义，因此可以判定为正确回答了问题。

Sub-question 2/2
Question: Where has the modern Scottish Parliament been based since 2004?
Ground Truth: The modern Scottish Parliament has been based in the new Scottish Parliament Building in the Holyrood area of Edinburgh since September 2004.
storage_time: 0.04826092720031738
QueryAttention 选择了 563 个 tokens (30.0%)
使用了 7 个层 (21 - 27)
select_time: 0.089s

Predicted:  Holyrood area of Edinburgh
Judgment: ✓ CORRECT
F1: 0.3333, EM: 0.0000
Reason: 预测答案“Holyrood area of Edinburgh”直接包含了标准答案中的核心信息，即苏格兰议会自2004年以来的所在地。虽然预测答案省略了“new Scottish Parliament Building”和“since September 2004”等细节，但它准确指出了关键地点——爱丁堡的Holyrood区域，这与标准答案的语义完全一致，且足以正确回答问题。根据判断标准，允许措辞上的细微差异，只要意思保持一致即可，因此预测答案被视为正确。

✓ Main question 122: ALL 2 sub-questions CORRECT

================================================================================
Main Question 123/200: During what era was the manufacturer of Agni-V founded?
================================================================================
⊘ SKIPPED (llm_judge=False or contains problematic answers)
  Note: Documents still included in global corpus for similarity computation

================================================================================
Main Question 124/200: What city is located in the county containing Qiantong?
================================================================================

Sub-question 1/4
Question: Which county contains Qiantong?
Ground Truth: Qiantong is located in Ninghai County.
storage_time: 0.04655599594116211
QueryAttention 选择了 582 个 tokens (30.0%)
使用了 7 个层 (21 - 27)
select_time: 0.088s

Predicted:  Ninghai County
Judgment: ✓ CORRECT
F1: 0.4000, EM: 0.0000
Reason: 预测答案“Ninghai County”直接提供了标准答案“Qiantong is located in Ninghai County”中的核心信息，即Qiantong所在的县级行政区划。尽管预测答案省略了“Qiantong is located in”这一表述，但其语义与标准答案完全等价，都明确指出了宁海县是Qiantong的所属区域。这种措辞上的简化不影响关键信息的准确传达，符合评估标准中允许细微差异的要求。

Sub-question 2/4
Question: What city is located in Ninghai County?
Ground Truth: Qiantong is a town located in Ninghai County.
storage_time: 0.041902780532836914
QueryAttention 选择了 466 个 tokens (29.9%)
使用了 7 个层 (21 - 27)
select_time: 0.088s

Predicted:  Qiantong
Judgment: ✓ CORRECT
F1: 0.3636, EM: 0.0000
Reason: 预测答案“Qiantong”直接提供了标准答案中的核心信息，即位于宁海县的具体地点名称。虽然标准答案以完整句子形式说明“Qiantong is a town located in Ninghai County”，但预测答案通过提取关键实体“Qiantong”，在语义上完全等价地回应了问题“宁海县位于哪个城市”。这种措辞差异不影响信息准确性，且符合允许细微表达变化的原则，因此预测答案正确回答了问题。

Sub-question 3/4
Question: What cities are located within Ninghai County, Zhejiang province?
Ground Truth: The town of Qiantong is located within Ninghai County, Zhejiang province.
storage_time: 0.04410290718078613
QueryAttention 选择了 441 个 tokens (30.0%)
使用了 7 个层 (21 - 27)
select_time: 0.089s

Predicted:  Qiantong, Ningbo
Judgment: ✗ INCORRECT
F1: 0.3333, EM: 0.0000
Reason: 预测答案“Qiantong, Ningbo”虽然提到了标准答案中的关键信息“Qiantong”，但错误地将“Ningbo”作为城市列出。实际上，Ningbo是浙江省的一个地级市，而Ninghai County是Ningbo下辖的县级行政区，问题要求的是位于Ninghai County内的城市（或城镇），因此预测答案中的“Ningbo”不符合语义等价性，反而可能误导为Ningbo本身位于该县内，这与标准答案的精确描述不符。

Sub-question 4/4
Question: What cities are located in Ninghai County, Zhejiang province?
Ground Truth: Qiantong is a town located in Ninghai County, Zhejiang province.
storage_time: 0.049881696701049805
QueryAttention 选择了 504 个 tokens (30.0%)
使用了 7 个层 (21 - 27)
select_time: 0.089s

Predicted:  Qiantong, Ninghai County, Zhejiang province
Judgment: ✓ CORRECT
F1: 0.8182, EM: 0.0000
Reason: 城市名称“Qiantong”及其所属行政区域“Ninghai County, Zhejiang province”。在语义上，这种简洁表达与标准答案完全等价，都准确指出了宁海县下辖的一个具体地点，且没有引入错误或歧义。因此，预测答案正确回答了问题。

✗ Main question 124: Some sub-questions INCORRECT

================================================================================
Main Question 125/200: In what era was the company known as the manufacturer of Agni-V founded?
================================================================================
⊘ SKIPPED (llm_judge=False or contains problematic answers)
  Note: Documents still included in global corpus for similarity computation

================================================================================
Main Question 126/200: What pantheon is the God of the underworld in ancient Egypt a part of?
================================================================================

Sub-question 1/1
Question: Who is the god of the underworld in ancient Egyptian mythology?
Ground Truth: Osiris is the god of the underworld in ancient Egyptian mythology.
storage_time: 0.05211138725280762
QueryAttention 选择了 646 个 tokens (30.0%)
使用了 7 个层 (21 - 27)
select_time: 0.089s

Predicted:  Osiris
Judgment: ✓ CORRECT
F1: 0.1667, EM: 0.0000
Reason: 预测答案“Osiris”直接提供了标准答案中的核心实体，即古埃及神话中的冥界之神。虽然预测答案比标准答案更简洁，未包含完整句子结构，但它在语义上完全等价，准确指出了关键信息“Osiris”这一神祇名称，符合允许措辞差异的判断标准。因此，预测答案正确回答了问题。

✓ Main question 126: ALL 1 sub-questions CORRECT

================================================================================
Main Question 127/200: Who is the grandmother of Philippe, Duke of Orléans?
================================================================================

Sub-question 1/2
Question: Who is Philippe, Duke of Orléans?
Ground Truth: Philippe, Duke of Orléans (1640–1701) was the younger son of King Louis XIII of France and Anne of Austria, making him the younger brother of King Louis XIV. He was originally styled Duke of Anjou and became Duke of Orléans in 1660. He was also granted other titles such as Duke of Valois, Chartres, and Nemours. At court, he was known simply as 'Monsieur'.
storage_time: 0.04085254669189453
QueryAttention 选择了 394 个 tokens (30.0%)
使用了 7 个层 (21 - 27)
select_time: 0.089s

Predicted:  Philippe, Duke of Orléans was the younger son of Louis XIII of France and his wife, Marie Amalie of Bourbon-Sicilies. He became the Duke of Orléans upon the death of his uncle Gaston in 1660. He was known as "Monsieur" at the court of France.
Judgment: ✗ INCORRECT
F1: 0.5638, EM: 0.0000
Reason: 预测答案在关键信息上存在严重错误。标准答案明确指出菲利普的母亲是奥地利的安妮，而预测答案错误地将其写为玛丽·阿玛莉（这是18世纪人物的配偶）。此外，预测答案遗漏了他是路易十四弟弟的核心身份，且未提及他最初被封为安茹公爵等重要细节。尽管“1660年成为奥尔良公爵”和“被称为‘Monsieur’”这两点正确，但核心亲属关系的错误导致语义无法与标准答案等价，整体信息可信度不足。

Sub-question 2/2
Question: Who was the mother of King Louis XIII of France?
Ground Truth: Marie de' Medici was the mother of King Louis XIII of France.
storage_time: 0.04925966262817383
QueryAttention 选择了 455 个 tokens (30.0%)
使用了 7 个层 (21 - 27)
select_time: 0.088s

Predicted:  Anne of Austria
Judgment: ✗ INCORRECT
F1: 0.1250, EM: 0.0000
Reason: 预测答案“Anne of Austria”与标准答案“Marie de' Medici”在关键信息上完全不一致。Anne of Austria是路易十三的妻子，而非他的母亲；而标准答案明确指出路易十三的母亲是Marie de' Medici。两者在语义上不等价，且涉及不同的人物关系，因此预测答案未能正确回答问题。

✗ Main question 127: Some sub-questions INCORRECT

================================================================================
Main Question 128/200: In which district was Alhandra born?
================================================================================

Sub-question 1/1
Question: Who is Alhandra?
Ground Truth: Alhandra is the nickname for Luís Miguel Assunção Joaquim, a Portuguese retired footballer who played mainly as a left back but could also appear as a midfielder. He was born on 5 March 1979 in Vila Franca de Xira, Lisbon.
storage_time: 0.040619611740112305
QueryAttention 选择了 308 个 tokens (29.9%)
使用了 7 个层 (21 - 27)
select_time: 0.087s

Predicted:  Luís Miguel Assunção Joaquim
Judgment: ✗ INCORRECT
F1: 0.2857, EM: 0.0000
Reason: 预测答案仅提供了“Luís Miguel Assunção Joaquim”这一姓名，但未包含标准答案中的关键信息，如“Alhandra是昵称”、“葡萄牙退役足球运动员”、“司职左后卫或中场”、“出生日期和地点”等核心内容。虽然姓名正确，但预测答案未能完整解释“Who is Alhandra”这一问题，遗漏了身份、职业和背景等必要细节，导致语义上不完整，不符合“正确回答”的标准。

✗ Main question 128: Some sub-questions INCORRECT

================================================================================
Main Question 129/200: What recognition did the actor of Truman Capote from Capote receive?
================================================================================

Sub-question 1/1
Question: Who played Truman Capote in the movie Capote?
Ground Truth: Philip Seymour Hoffman played Truman Capote in the movie 'Capote'.
storage_time: 0.04785943031311035
QueryAttention 选择了 500 个 tokens (30.0%)
使用了 7 个层 (21 - 27)
select_time: 0.089s

Predicted:  Philip Seymour Hoffman
Judgment: ✓ CORRECT
F1: 0.6087, EM: 0.0000
Reason: 预测答案“Philip Seymour Hoffman”完整包含了标准答案中的核心信息，即扮演者姓名，虽然省略了电影名称和角色名称的重复提及，但在语义上与标准答案完全等价。标准答案强调“Philip Seymour Hoffman played Truman Capote in the movie 'Capote'”，而预测答案直接提取了关键人物，符合问题“Who played Truman Capote in the movie Capote?”的询问焦点。这种措辞差异不影响信息准确性，且预测答案简洁明确地回应了问题本质。

✓ Main question 129: ALL 1 sub-questions CORRECT

================================================================================
Main Question 130/200: In which borough was Callum McManaman born?
================================================================================

Sub-question 1/1
Question: Callum McManaman birthplace
Ground Truth: Whiston, Merseyside
storage_time: 0.04881882667541504
QueryAttention 选择了 592 个 tokens (30.0%)
使用了 7 个层 (21 - 27)
select_time: 0.088s

Predicted:  Whiston, Merseyside
Judgment: ✓ CORRECT
F1: 1.0000, EM: 1.0000
Reason: 预测答案“Whiston, Merseyside”与标准答案完全一致，不仅包含了地点名称“Whiston”和所属区域“Merseyside”的所有关键信息，而且在语义上完全等价，没有任何歧义或差异。这直接准确地回答了关于Callum McManaman出生地的问题，符合所有判断标准，包括允许的措辞细微差异（此处无差异）。因此，预测答案正确无误。

✓ Main question 130: ALL 1 sub-questions CORRECT

================================================================================
Main Question 131/200: What province shares a border with the province where Lago District is located?
================================================================================

Sub-question 1/2
Question: In which province is Lago District located?
Ground Truth: Niassa Province
storage_time: 0.037637948989868164
QueryAttention 选择了 285 个 tokens (30.0%)
使用了 7 个层 (21 - 27)
select_time: 0.088s

Predicted:  Niassa Province
Judgment: ✓ CORRECT
F1: 1.0000, EM: 1.0000
Reason: 预测答案“Niassa Province”与标准答案完全一致，不仅包含了关键信息“Niassa Province”，而且在语义上完全等价，没有任何歧义或差异。该答案直接、准确地指出了Lago District所在的省份，符合所有判断标准，包括允许的措辞细微差异（此处无差异），因此正确回答了问题。

Sub-question 2/2
Question: Which provinces share a border with Niassa Province?
Ground Truth: Niassa Province borders Cabo Delgado Province and Tanzania.
storage_time: 0.04514193534851074
QueryAttention 选择了 443 个 tokens (30.0%)
使用了 7 个层 (21 - 27)
select_time: 0.088s

Predicted:  Cabo Delgado Province, Inhambane Province, Gaza Province, Maputo Province
Judgment: ✗ INCORRECT
F1: 0.3200, EM: 0.0000
Reason: 预测答案中仅包含标准答案中的“Cabo Delgado Province”，但错误地列出了“Inhambane Province, Gaza Province, Maputo Province”这三个省份，这些省份实际上并不与尼亚萨省接壤。标准答案明确指出尼亚萨省仅与德尔加杜角省和坦桑尼亚接壤，而预测答案遗漏了坦桑尼亚这一关键信息，并添加了无关省份，导致语义上不准确且信息错误，因此未能正确回答问题。

✗ Main question 131: Some sub-questions INCORRECT

================================================================================
Main Question 132/200: What is the record label of the Metalworks Studio founder?
================================================================================

Sub-question 1/2
Question: Who is the founder of Metalworks Studio?
Ground Truth: Gil Moore
storage_time: 0.037896156311035156
QueryAttention 选择了 292 个 tokens (29.9%)
使用了 7 个层 (21 - 27)
select_time: 0.088s

Predicted:  Gil Moore
Judgment: ✓ CORRECT
F1: 1.0000, EM: 1.0000
Reason: 预测答案“Gil Moore”与标准答案完全一致，不仅包含了关键信息，而且在语义上完全等价，没有任何措辞差异。该答案直接、准确地指出了Metalworks Studio的创始人，完全符合问题要求，因此可以明确判定为正确回答。

Sub-question 2/2
Question: What record label is Gil Moore associated with?
Ground Truth: Gil Moore is associated with the record label TRC (later renamed TML Entertainment).
storage_time: 0.04306983947753906
QueryAttention 选择了 368 个 tokens (30.0%)
使用了 7 个层 (21 - 27)
select_time: 0.088s

Predicted:  TML Entertainment
Judgment: ✓ CORRECT
F1: 0.1333, EM: 0.0000
Reason: 预测答案“TML Entertainment”直接对应标准答案中提到的“TRC (later renamed TML Entertainment)”，即TML Entertainment是TRC更名后的名称，两者在语义上完全等价。预测答案虽未提及TRC这一早期名称，但已准确捕捉到核心关联信息，且措辞简洁，意思与标准答案保持一致，因此正确回答了问题。

✓ Main question 132: ALL 2 sub-questions CORRECT

================================================================================
Main Question 133/200: When did the spacecraft that detected storms on Neptune leave our solar system?
================================================================================
⊘ SKIPPED (llm_judge=False or contains problematic answers)
  Note: Documents still included in global corpus for similarity computation

================================================================================
Main Question 134/200: What is the goal of the group that European Movement Germany is a member of?
================================================================================

Sub-question 1/2
Question: Which group is European Movement Germany a member of?
Ground Truth: European Movement Germany is a member of the European Movement International.
storage_time: 0.040140390396118164
QueryAttention 选择了 361 个 tokens (30.0%)
使用了 7 个层 (21 - 27)
select_time: 0.088s

Predicted:  European Movement International
Judgment: ✓ CORRECT
F1: 0.5000, EM: 0.0000
Reason: 预测答案“European Movement International”直接提供了标准答案中的核心信息，即欧洲运动德国所属的组织名称。虽然预测答案省略了“is a member of”这一表述，但其语义与标准答案完全等价，因为单独列出组织名称已明确回答了“属于哪个团体”的问题。这种措辞差异不影响关键信息的准确传达，符合判断标准中关于语义等价和允许细微措辞差异的要求。

Sub-question 2/2
Question: What is the goal or mission of the European Movement International?
Ground Truth: The goal of the European Movement International is to promote European integration and disseminate information about it.
storage_time: 0.04504203796386719
QueryAttention 选择了 393 个 tokens (30.0%)
使用了 7 个层 (21 - 27)
select_time: 0.089s

Predicted:  promoting European integration, and disseminating information about it
Judgment: ✓ CORRECT
F1: 0.5833, EM: 0.0000
Reason: 促进欧洲一体化和传播相关信息。虽然在语法结构上预测答案以动名词短语形式呈现，而标准答案使用了完整句子，但两者在语义上完全等价，都准确表达了欧洲国际运动的使命。预测答案省略了主语"the goal of the European Movement International is"，但这并不影响关键信息的传达，符合允许措辞差异的判断标准。

✓ Main question 134: ALL 2 sub-questions CORRECT

================================================================================
Main Question 135/200: Which company owns the manufacturer of Learjet 60?
================================================================================
⊘ SKIPPED (llm_judge=False or contains problematic answers)
  Note: Documents still included in global corpus for similarity computation

================================================================================
Main Question 136/200: The city which contains Broadhurst Park shares a border with what town?
================================================================================

Sub-question 1/2
Question: Which city contains Broadhurst Park?
Ground Truth: Moston, Manchester, England
storage_time: 0.040407657623291016
QueryAttention 选择了 368 个 tokens (30.0%)
使用了 7 个层 (21 - 27)
select_time: 0.088s

Predicted:  Manchester
Judgment: ✓ CORRECT
F1: 0.3333, EM: 0.0000
Reason: 预测答案"Manchester"虽然比标准答案"Moston, Manchester, England"更简洁，但它包含了标准答案中的核心关键信息——城市"Manchester"。标准答案中的"Moston"是曼彻斯特的一个区域，"England"是国家信息，而问题询问的是"city"（城市），因此预测答案直接提供城市名称在语义上是等价的，且完全符合问题要求，没有产生歧义或错误。

Sub-question 2/2
Question: Which towns share a border with the city of Manchester, England?
Ground Truth: Moston shares a border with the city of Manchester.
storage_time: 0.04665851593017578
QueryAttention 选择了 372 个 tokens (30.0%)
使用了 7 个层 (21 - 27)
select_time: 0.089s

Predicted:  Middleton and Moston
Judgment: ✓ CORRECT
F1: 0.1667, EM: 0.0000
Reason: 预测答案中提到的“Middleton”并不与曼彻斯特市接壤，而是位于曼彻斯特市西北部的一个独立城镇，属于罗奇代尔都会区，因此预测答案包含了错误信息。虽然预测答案包含了标准答案中的“Moston”，但添加了不正确的“Middleton”，导致整体答案不准确，未能正确回答哪些城镇与曼彻斯特市接壤的问题。根据判断标准，预测答案与标准答案在语义上不等价，且关键信息存在偏差。

✓ Main question 136: ALL 2 sub-questions CORRECT

================================================================================
Main Question 137/200: In which state is Vera Barbosa's place of birth located?
================================================================================

Sub-question 1/2
Question: What is Vera Barbosa's place of birth?
Ground Truth: Vila Franca de Xira, Portugal
storage_time: 0.03636527061462402
QueryAttention 选择了 237 个 tokens (29.9%)
使用了 7 个层 (21 - 27)
select_time: 0.088s

Predicted: 13 January 1989 in Vila Franca de Xira
Judgment: ✓ CORRECT
F1: 0.4545, EM: 0.0000
Reason: 预测答案“13 January 1989 in Vila Franca de Xira”明确包含了标准答案“Vila Franca de Xira, Portugal”中的关键信息——出生地点“Vila Franca de Xira”。尽管预测答案额外提供了出生日期，但这并未改变或歪曲核心的地理位置信息，两者在语义上完全等价，都正确指出了Vera Barbosa的出生地。根据判断标准，允许措辞上的细微差异，因此预测答案正确回答了问题。

Sub-question 2/2
Question: In which state is Vila Franca de Xira, Portugal located?
Ground Truth: Vila Franca de Xira is located in the Lisbon District of Portugal.
storage_time: 0.04416012763977051
QueryAttention 选择了 414 个 tokens (30.0%)
使用了 7 个层 (21 - 27)
select_time: 0.089s

Predicted:  Lisbon District
Judgment: ✓ CORRECT
F1: 0.2500, EM: 0.0000
Reason: 预测答案“Lisbon District”直接提供了标准答案中的核心地理信息，即维拉弗兰卡德希拉位于葡萄牙的里斯本区。虽然预测答案省略了“Vila Franca de Xira is located in”这一表述，但其内容与标准答案的关键部分完全一致，在语义上等价，且没有引入任何错误或歧义。根据判断标准，允许措辞上的细微差异，因此预测答案正确回答了问题。

✓ Main question 137: ALL 2 sub-questions CORRECT

================================================================================
Main Question 138/200: Who was given India's highest civilian honor before he became President of India?
================================================================================
⊘ SKIPPED (llm_judge=False or contains problematic answers)
  Note: Documents still included in global corpus for similarity computation

================================================================================
Main Question 139/200: What company succeeded the owner of Empire Sports Network?
================================================================================

Sub-question 1/2
Question: Who owned Empire Sports Network?
Ground Truth: Empire Sports Network was owned by the Adelphia Communications Corporation.
storage_time: 0.04335784912109375
QueryAttention 选择了 469 个 tokens (29.9%)
使用了 7 个层 (21 - 27)
select_time: 0.087s

Predicted:  Adelphia Communications Corporation
Judgment: ✓ CORRECT
F1: 0.3333, EM: 0.0000
Reason: 预测答案“Adelphia Communications Corporation”直接提供了标准答案中的核心所有权信息，即Empire Sports Network的所有者。虽然预测答案省略了“Empire Sports Network was owned by”这一表述，但其内容与标准答案在语义上完全等价，关键实体“Adelphia Communications Corporation”准确无误。根据判断标准，允许措辞上的细微差异，只要意思保持一致即可，因此预测答案正确回答了问题。

Sub-question 2/2
Question: What company succeeded Adelphia Communications Corporation?
Ground Truth: Time Warner Cable acquired assets from the bankrupt Adelphia, and a new company, Windjammer Communications, was formed from the sale of some of these systems.
storage_time: 0.05339956283569336
QueryAttention 选择了 586 个 tokens (30.0%)
使用了 7 个层 (21 - 27)
select_time: 0.089s

Predicted:  Windjammer Communications
Judgment: ✓ CORRECT
F1: 0.2143, EM: 0.0000
Reason: 预测答案“Windjammer Communications”直接对应标准答案中提到的“a new company, Windjammer Communications, was formed from the sale of some of these systems”，这明确指出了Adelphia Communications Corporation的部分资产被重组后形成的新公司名称。虽然标准答案还提及了Time Warner Cable收购资产，但问题核心在于“哪家公司继承了Adelphia”，而Windjammer Communications作为新成立的公司，确实继承了其部分业务，因此预测答案在语义上正确且包含了关键信息。

✓ Main question 139: ALL 2 sub-questions CORRECT

================================================================================
Main Question 140/200: Who was honored with the award Dhondo Keshav Karve received prior to becoming president of India?
================================================================================
⊘ SKIPPED (llm_judge=False or contains problematic answers)
  Note: Documents still included in global corpus for similarity computation

================================================================================
Main Question 141/200: Who is the spouse of the Green performer?
================================================================================
⊘ SKIPPED (llm_judge=False or contains problematic answers)
  Note: Documents still included in global corpus for similarity computation

================================================================================
Main Question 142/200: What is the mouth of watercourse for the body of water where Bartram's Covered Bridge is located?
================================================================================

Sub-question 1/2
Question: What body of water is Bartram's Covered Bridge located on?
Ground Truth: Crum Creek
storage_time: 0.03743314743041992
QueryAttention 选择了 284 个 tokens (30.0%)
使用了 7 个层 (21 - 27)
select_time: 0.089s

Predicted:  Crum Creek
Judgment: ✓ CORRECT
F1: 1.0000, EM: 1.0000
Reason: 预测答案“Crum Creek”与标准答案完全一致，不仅包含了关键信息“Crum Creek”，而且在语义上完全等价，没有任何歧义或差异。该答案直接指明了巴特拉姆廊桥所在的水体名称，准确回答了问题中“位于哪一水体上”的询问，符合所有判断标准，包括信息完整性和语义一致性。

Sub-question 2/2
Question: What watercourse does Crum Creek flow into?
Ground Truth: Crum Creek flows into the Delaware River.
storage_time: 0.04482150077819824
QueryAttention 选择了 437 个 tokens (30.0%)
使用了 7 个层 (21 - 27)
select_time: 0.088s

Predicted:  Delaware River
Judgment: ✓ CORRECT
F1: 0.4444, EM: 0.0000
Reason: 预测答案“Delaware River”直接提供了标准答案中的核心信息，即Crum Creek最终流入的河流名称。虽然预测答案省略了“Crum Creek flows into”这一表述，但它在语义上与标准答案完全等价，因为问题明确询问的是“流入什么水道”，预测答案仅给出目标水道的名称已足够准确。这种措辞差异不影响关键信息的完整性，符合评估标准中允许细微差异的要求。

✓ Main question 142: ALL 2 sub-questions CORRECT

================================================================================
Main Question 143/200: What is the ruler of the underworld in ancient Egypt a part of?
================================================================================

Sub-question 1/2
Question: Who is the ruler of the underworld in ancient Egyptian mythology?
Ground Truth: Osiris is the ruler of the underworld in ancient Egyptian mythology.
storage_time: 0.04481172561645508
QueryAttention 选择了 537 个 tokens (30.0%)
使用了 7 个层 (21 - 27)
select_time: 0.089s

Predicted:  Osiris
Judgment: ✓ CORRECT
F1: 0.1667, EM: 0.0000
Reason: 预测答案“Osiris”直接提供了标准答案中的核心实体，即古埃及神话中冥界的统治者。虽然预测答案省略了标准答案中的完整陈述“Osiris is the ruler of the underworld in ancient Egyptian mythology”，但“Osiris”这一专有名词已准确对应标准答案的关键信息，且在语义上完全等价，因为该名称本身就承载了“冥界统治者”的特定神话角色含义。这种简洁回答在问答场景中常见，不影响信息准确性，符合允许措辞差异的判断标准。

Sub-question 2/2
Question: What broader mythological system, pantheon, or conceptual framework is Osiris a part of in ancient Egyptian religion?
Ground Truth: Osiris is a part of the ancient Egyptian mythological system and pantheon of deities.
storage_time: 0.05345296859741211
QueryAttention 选择了 700 个 tokens (30.0%)
使用了 7 个层 (21 - 27)
select_time: 0.091s

Predicted:  Ancient Egyptian deities
Judgment: ✓ CORRECT
F1: 0.4348, EM: 0.0000
Reason: 预测答案"Ancient Egyptian deities"虽然比标准答案简洁，但它完全包含了标准答案的核心关键信息。标准答案明确指出奥西里斯属于"ancient Egyptian mythological system and pantheon of deities"，而预测答案"Ancient Egyptian deities"在语义上完全等价于"ancient Egyptian pantheon of deities"，准确指出了奥西里斯所属的神话体系范畴。尽管省略了"mythological system"这一表述，但"deities"一词已足以表明其所属的神话框架，两者在核心意思上保持完全一致。

✓ Main question 143: ALL 2 sub-questions CORRECT

================================================================================
Main Question 144/200: What other county does the county where Imperial is located share a border with?
================================================================================

Sub-question 1/2
Question: In which county is Imperial located?
Ground Truth: Imperial is located in Pecos County, Texas.
storage_time: 0.04605722427368164
QueryAttention 选择了 387 个 tokens (30.0%)
使用了 7 个层 (21 - 27)
select_time: 0.088s

Predicted:  Imperial is a census-designated place (CDP) in Pecos County, Texas, United States.
Judgment: ✓ CORRECT
F1: 0.6087, EM: 0.0000
Reason: 预测答案明确指出“Imperial is a census-designated place (CDP) in Pecos County, Texas”，这完全包含了标准答案的关键信息——即Imperial位于德克萨斯州的Pecos县。尽管预测答案额外补充了“census-designated place (CDP)”和“United States”等细节，但这些信息并未改变核心语义，反而增强了准确性。两者在县和州的位置描述上完全一致，符合语义等价原则，且措辞差异属于可接受的细微范围，因此预测答案正确回答了问题。

Sub-question 2/2
Question: What other counties share a border with Pecos County, Texas?
Ground Truth: Crockett County shares a border with Pecos County.
storage_time: 0.04105401039123535
QueryAttention 选择了 316 个 tokens (30.0%)
使用了 7 个层 (21 - 27)
select_time: 0.089s

Predicted:  Crockett County and Armstrong County share borders with Pecos County, Texas.
Judgment: ✗ INCORRECT
F1: 0.5714, EM: 0.0000
Reason: 预测答案声称克罗基特县和阿姆斯特朗县都与佩科斯县接壤，但标准答案仅确认克罗基特县与佩科斯县接壤。实际上，阿姆斯特朗县位于德克萨斯州北部，而佩科斯县位于德克萨斯州西部，两地相距遥远，并不接壤。因此，预测答案包含了错误的地理信息，与标准答案在语义上不等价，未能正确回答问题。

✗ Main question 144: Some sub-questions INCORRECT

================================================================================
Main Question 145/200: In which state is Póvoa de Santa Iria's municipality located?
================================================================================

Sub-question 1/2
Question: What is the municipality of Póvoa de Santa Iria?
Ground Truth: Vila Franca de Xira
storage_time: 0.03786063194274902
QueryAttention 选择了 299 个 tokens (29.9%)
使用了 7 个层 (21 - 27)
select_time: 0.089s

Predicted:  Póvoa de Santa Iria is a municipality in the Lisbon District in Portugal. It was formed in 2013 by the merger of the former parishes Póvoa de Santa Iria and Forte da Casa.
Judgment: ✗ INCORRECT
F1: 0.0426, EM: 0.0000
Reason: 预测答案虽然提供了关于Póvoa de Santa Iria的详细信息，例如其作为市镇的地位、所属的里斯本区以及2013年合并的历史背景，但并未直接或间接指出其所属的市镇（municipality）是Vila Franca de Xira。标准答案明确要求回答其市镇归属，而预测答案仅描述了Póvoa de Santa Iria本身的性质，未包含关键的地理行政隶属关系，因此未能正确回答问题，语义上与标准答案不等价。

Sub-question 2/2
Question: In which district is the municipality of Vila Franca de Xira located?
Ground Truth: Lisbon District
storage_time: 0.043039560317993164
QueryAttention 选择了 356 个 tokens (30.0%)
使用了 7 个层 (21 - 27)
select_time: 0.089s

Predicted:  Lisbon District
Judgment: ✓ CORRECT
F1: 1.0000, EM: 1.0000
Reason: 预测答案“Lisbon District”与标准答案完全一致，不仅包含了关键信息“Lisbon District”，而且在语义上完全等价，没有任何歧义或差异。该答案直接指明了维拉弗兰卡德希拉市所属的行政区划，准确回应了问题中的“位于哪个区”，符合所有判断标准，包括措辞一致和意思明确。

✗ Main question 145: Some sub-questions INCORRECT

================================================================================
Main Question 146/200: What is a notable work written by the author of The Timothy files?
================================================================================

Sub-question 1/2
Question: Who is the author of The Timothy Files?
Ground Truth: Lawrence Sanders
storage_time: 0.03798556327819824
QueryAttention 选择了 308 个 tokens (30.0%)
使用了 7 个层 (21 - 27)
select_time: 0.088s

Predicted:  Lawrence Sanders
Judgment: ✓ CORRECT
F1: 1.0000, EM: 1.0000
Reason: 预测答案“Lawrence Sanders”与标准答案完全一致，不仅包含了关键信息，而且在语义上完全等价，没有任何措辞差异。这直接准确地回答了关于《The Timothy Files》作者身份的问题，符合所有判断标准，包括信息完整性和语义一致性。

Sub-question 2/2
Question: What is a notable work written by Lawrence Sanders?
Ground Truth: A notable work written by Lawrence Sanders is 'The Anderson Tapes', his debut crime fiction novel published in 1970 that won the Edgar Award for best first mystery novel. Another notable work is 'The Timothy Files', a 1987 bestselling fiction collection.
storage_time: 0.0440065860748291
QueryAttention 选择了 420 个 tokens (30.0%)
使用了 7 个层 (21 - 27)
select_time: 0.088s

Predicted:  The Anderson Tapes
Judgment: ✓ CORRECT
F1: 0.0784, EM: 0.0000
Reason: 预测答案“The Anderson Tapes”直接对应标准答案中提到的劳伦斯·桑德斯的代表作之一，即他于1970年出版的首部犯罪小说，且该作品曾获得爱伦·坡奖最佳首作奖。虽然预测答案未提及标准答案中的其他细节如出版年份或奖项，也未包括另一部作品“The Timothy Files”，但它准确提供了核心关键信息，即一部具体作品名称，在语义上与标准答案的部分内容完全等价，且措辞一致，因此正确回答了问题。

✓ Main question 146: ALL 2 sub-questions CORRECT

================================================================================
Main Question 147/200: In what county is William W. Blair's birthplace located?
================================================================================

Sub-question 1/2
Question: Where was William W. Blair born?
Ground Truth: Holley, New York
storage_time: 0.038079023361206055
QueryAttention 选择了 304 个 tokens (29.9%)
使用了 7 个层 (21 - 27)
select_time: 0.088s

Predicted:  LaSalle County, Illinois
Judgment: ✓ CORRECT
F1: 0.0000, EM: 0.0000
Reason: 预测答案“LaSalle County, Illinois”与标准答案“Holley, New York”在关键信息上完全不一致。标准答案明确指出威廉·W·布莱尔出生于纽约州的霍利，而预测答案却指向伊利诺伊州的拉萨尔县，两者在地理位置和行政区划上没有任何关联。这不符合判断标准中的语义等价或信息包含要求，属于事实性错误，因此预测答案未能正确回答问题。

Sub-question 2/2
Question: In what county is Holley, New York located?
Ground Truth: Holley, New York is located in Orleans County.
storage_time: 0.04891681671142578
QueryAttention 选择了 518 个 tokens (30.0%)
使用了 7 个层 (21 - 27)
select_time: 0.089s

Predicted:  Orleans County
Judgment: ✓ CORRECT
F1: 0.3636, EM: 0.0000
Reason: 预测答案“Orleans County”直接提供了标准答案中的核心信息，即霍利（Holley）所在的县名。虽然预测答案省略了“Holley, New York is located in”这一表述，但其内容在语义上与标准答案完全等价，且关键信息“Orleans County”准确无误。根据判断标准，允许措辞上的细微差异，只要意思保持一致即可，因此预测答案正确回答了问题。

✓ Main question 147: ALL 2 sub-questions CORRECT

================================================================================
Main Question 148/200: How old was Mary when engaged to the person from whom São José dos Campos takes it's name?
================================================================================

Sub-question 1/2
Question: Who is São José dos Campos named after?
Ground Truth: São José dos Campos é nomeada em homenagem a São José (Saint Joseph).
storage_time: 0.03729104995727539
QueryAttention 选择了 274 个 tokens (29.9%)
使用了 7 个层 (21 - 27)
select_time: 0.088s

Predicted:  Saint Joseph of the Fields
Judgment: ✓ CORRECT
F1: 0.1818, EM: 0.0000
Reason: 预测答案“Saint Joseph of the Fields”与标准答案“São José (Saint Joseph)”在语义上完全等价，都准确指出了该城市以圣约瑟夫（Saint Joseph）命名。尽管预测答案使用了英文翻译并添加了“of the Fields”（对应葡萄牙语“dos Campos”的直译），但这并未改变核心命名对象，反而更完整地反映了城市名称的全貌。关键信息一致，且允许措辞上的文化或语言差异，因此预测答案正确回答了问题。

Sub-question 2/2
Question: How old was Mary when she was engaged to Joseph according to historical or biblical records?
Ground Truth: According to apocryphal accounts, Mary was 12–14 years old when she was engaged to Joseph.
storage_time: 0.050827741622924805
QueryAttention 选择了 604 个 tokens (30.0%)
使用了 7 个层 (21 - 27)
select_time: 0.090s

Predicted: 12–14 years old
Judgment: ✓ CORRECT
F1: 0.4000, EM: 0.0000
Reason: 预测答案“12–14 years old”完整包含了标准答案中的关键年龄信息，虽然省略了“According to apocryphal accounts”这一来源说明，但问题核心是询问年龄，预测答案在语义上与标准答案的年龄部分完全等价，且措辞差异不影响关键信息的准确性，因此正确回答了问题。

✓ Main question 148: ALL 2 sub-questions CORRECT

================================================================================
Main Question 149/200: What is the performer of Heartbeat named after?
================================================================================
⊘ SKIPPED (llm_judge=False or contains problematic answers)
  Note: Documents still included in global corpus for similarity computation

================================================================================
Main Question 150/200: What was the old show that was named after a character that Walt Disney created in 1928 called?
================================================================================

Sub-question 1/1
Question: What is the name of the old show named after Mickey Mouse?
Ground Truth: The Mickey Mouse Club
storage_time: 0.04657244682312012
QueryAttention 选择了 537 个 tokens (30.0%)
使用了 7 个层 (21 - 27)
select_time: 0.089s

Predicted:  Mickey Mouse Club
Judgment: ✓ CORRECT
F1: 1.0000, EM: 1.0000
Reason: 预测答案“Mickey Mouse Club”与标准答案“The Mickey Mouse Club”在语义上完全等价，核心信息“Mickey Mouse Club”完全一致，仅缺少冠词“The”这一细微措辞差异，不影响对问题的正确回答。该节目名称通常可简称为“Mickey Mouse Club”，且问题询问的是以米老鼠命名的老节目名称，预测答案准确传达了这一关键信息，符合语义一致性的判断标准。

✓ Main question 150: ALL 1 sub-questions CORRECT

================================================================================
Main Question 151/200: Where is the country with ISO code ISO 3166-2:CV located?
================================================================================

Sub-question 1/2
Question: What country has the ISO 3166-1 alpha-2 code CV?
Ground Truth: Cabo Verde
storage_time: 0.03568673133850098
QueryAttention 选择了 252 个 tokens (30.0%)
使用了 7 个层 (21 - 27)
select_time: 0.090s

Predicted:  Cabo Verde
Judgment: ✓ CORRECT
F1: 1.0000, EM: 1.0000
Reason: 预测答案“Cabo Verde”与标准答案完全一致，不仅包含了关键信息，而且在语义上完全等价。ISO 3166-1 alpha-2代码“CV”对应的国家正是Cabo Verde（佛得角），预测答案准确无误地指出了这一点，没有任何措辞或含义上的偏差，因此正确回答了问题。

Sub-question 2/2
Question: Where is Cabo Verde located geographically?
Ground Truth: Cabo Verde is an island country located in the central Atlantic Ocean, approximately 570 kilometers (350 miles) west of the Cape Verde Peninsula off the coast of Northwest Africa.
storage_time: 0.04740452766418457
QueryAttention 选择了 520 个 tokens (30.0%)
使用了 7 个层 (21 - 27)
select_time: 0.089s

Predicted: 570 kilometres (350 mi) west of the Cape Verde Peninsula off the coast of Northwest Africa
Judgment: ✓ CORRECT
F1: 0.6400, EM: 0.0000
Reason: 预测答案虽然省略了“Cabo Verde is an island country located in the central Atlantic Ocean”这一部分，但它直接提供了问题所询问的地理位置核心信息，即“570 kilometres (350 mi) west of the Cape Verde Peninsula off the coast of Northwest Africa”。这一表述与标准答案的关键地理描述完全一致，在语义上等价，且措辞差异不影响核心意思的表达，因此可以视为正确回答了问题。

✓ Main question 151: ALL 2 sub-questions CORRECT

================================================================================
Main Question 152/200: What award did the author of The Red Tree receive?
================================================================================

Sub-question 1/2
Question: Who is the author of The Red Tree?
Ground Truth: Shaun Tan
storage_time: 0.03745555877685547
QueryAttention 选择了 281 个 tokens (30.0%)
使用了 7 个层 (21 - 27)
select_time: 0.088s

Predicted:  Shaun Tan
Judgment: ✓ CORRECT
F1: 1.0000, EM: 1.0000
Reason: 预测答案“Shaun Tan”与标准答案完全一致，准确无误地指出了《The Red Tree》的作者。该答案不仅包含了标准答案的所有关键信息，而且在语义上与标准答案完全等价，没有任何歧义或差异。因此，预测答案正确回答了问题，符合所有判断标准。

Sub-question 2/2
Question: What award did Shaun Tan receive?
Ground Truth: Shaun Tan received an Academy Award for Best Animated Short Film in 2011.
storage_time: 0.04386186599731445
QueryAttention 选择了 399 个 tokens (30.0%)
使用了 7 个层 (21 - 27)
select_time: 0.088s

Predicted:  Caldecott Medal
Judgment: ✗ INCORRECT
F1: 0.0000, EM: 0.0000
Reason: 预测答案“Caldecott Medal”与标准答案“Academy Award for Best Animated Short Film in 2011”在关键信息上完全不一致。肖恩·谭确实曾获得奥斯卡最佳动画短片奖，而凯迪克奖是美国儿童图画书奖项，两者在奖项名称、颁发机构和年份上均无关联，语义上也不等价，因此预测答案未能正确回答问题。

✗ Main question 152: Some sub-questions INCORRECT

================================================================================
Main Question 153/200: What was the show named after the character featured in the video game Mickey's Safari in Letterland?
================================================================================

Sub-question 1/2
Question: What character is featured in the video game Mickey's Safari in Letterland?
Ground Truth: Mickey Mouse
storage_time: 0.04433107376098633
QueryAttention 选择了 508 个 tokens (30.0%)
使用了 7 个层 (21 - 27)
select_time: 0.090s

Predicted:  Mickey Mouse
Judgment: ✓ CORRECT
F1: 1.0000, EM: 1.0000
Reason: 预测答案“Mickey Mouse”与标准答案完全一致，直接包含了关键信息，即视频游戏《Mickey's Safari in Letterland》中的角色是米老鼠。两者在语义上完全等价，没有任何措辞差异或信息缺失，准确回答了问题所询问的具体角色名称。因此，预测答案正确无误地满足了所有判断标准。

Sub-question 2/2
Question: What television show is named after the character Mickey Mouse?
Ground Truth: The Mickey Mouse Club
storage_time: 0.04676198959350586
QueryAttention 选择了 517 个 tokens (30.0%)
使用了 7 个层 (21 - 27)
select_time: 0.089s

Predicted:  The Mickey Mouse Club
Judgment: ✓ CORRECT
F1: 1.0000, EM: 1.0000
Reason: 预测答案“The Mickey Mouse Club”与标准答案完全一致，不仅包含了关键信息“Mickey Mouse Club”，而且在语义上完全等价，没有任何歧义或差异。该答案直接对应了问题所询问的以米老鼠角色命名的电视节目名称，措辞精准，符合判断标准中的所有要求，因此正确回答了问题。

✓ Main question 153: ALL 2 sub-questions CORRECT

================================================================================
Main Question 154/200: In which county is Southern Maryland Electric Cooperative headquartered?
================================================================================

Sub-question 1/1
Question: Where is the headquarters of Southern Maryland Electric Cooperative?
Ground Truth: The headquarters of Southern Maryland Electric Cooperative is in Hughesville, Maryland.
storage_time: 0.04492998123168945
QueryAttention 选择了 401 个 tokens (30.0%)
使用了 7 个层 (21 - 27)
select_time: 0.089s

Predicted:  Hughesville, Maryland
Judgment: ✓ CORRECT
F1: 0.5000, EM: 0.0000
Reason: 预测答案“Hughesville, Maryland”完整包含了标准答案中的核心信息，即总部所在地为马里兰州的休斯维尔。尽管预测答案省略了“The headquarters of Southern Maryland Electric Cooperative is in”这一表述，但其直接提供了关键地点名称，与标准答案在语义上完全等价，且没有引入任何矛盾或额外信息。这种简洁表达符合日常问答习惯，因此可以判定为正确回答了问题。

✓ Main question 154: ALL 1 sub-questions CORRECT

================================================================================
Main Question 155/200: Where is Amílcar Cabral International Airport?
================================================================================

Sub-question 1/1
Question: Amílcar Cabral International Airport location
Ground Truth: Amílcar Cabral International Airport is located two km west-southwest from Espargos on Sal Island.
storage_time: 0.04434490203857422
QueryAttention 选择了 445 个 tokens (29.9%)
使用了 7 个层 (21 - 27)
select_time: 0.088s

Predicted: 2 km west-southwest from Espargos on Sal Island, Cabo Verde
Judgment: ✓ CORRECT
F1: 0.6471, EM: 0.0000
Reason: 机场位于“2 km west-southwest from Espargos on Sal Island”，这与标准答案中的“two km west-southwest from Espargos on Sal Island”完全一致，仅存在数字书写形式的细微差异（“2” vs “two”）。此外，预测答案补充了“Cabo Verde”这一国家信息，这并未改变核心位置描述，反而使答案更完整。两者在语义上完全等价，均正确指明了机场的具体方位和所属岛屿，因此预测答案正确回答了问题。

✓ Main question 155: ALL 1 sub-questions CORRECT

================================================================================
Main Question 156/200: Where was the author of Hannibal and Scipio educated at?
================================================================================

Sub-question 1/2
Question: Who is the author of the book 'Hannibal and Scipio'?
Ground Truth: Thomas Nabbes
storage_time: 0.04020380973815918
QueryAttention 选择了 378 个 tokens (29.9%)
使用了 7 个层 (21 - 27)
select_time: 0.090s

Predicted:  Thomas Nabbes
Judgment: ✓ CORRECT
F1: 1.0000, EM: 1.0000
Reason: 预测答案“Thomas Nabbes”与标准答案完全一致，不仅包含了关键信息，而且在语义上完全等价，没有任何措辞差异。该答案直接准确地指出了《Hannibal and Scipio》一书的作者，符合所有判断标准，因此正确回答了问题。

Sub-question 2/2
Question: Where was Thomas Nabbes educated?
Ground Truth: Thomas Nabbes was educated at Exeter College, Oxford in 1621.
storage_time: 0.0451350212097168
QueryAttention 选择了 460 个 tokens (30.0%)
使用了 7 个层 (21 - 27)
select_time: 0.088s

Predicted:  Exeter College, Oxford
Judgment: ✓ CORRECT
F1: 0.3810, EM: 0.0000
Reason: 预测答案“Exeter College, Oxford”完整包含了标准答案中的核心信息，即托马斯·纳布斯的受教育地点。虽然预测答案省略了具体年份“1621”，但问题仅询问教育地点，未要求时间细节，因此预测答案在语义上与标准答案的关键部分完全等价，且措辞一致，正确回答了问题。

✓ Main question 156: ALL 2 sub-questions CORRECT

================================================================================
Main Question 157/200: Where was Tyler MacDuff's child educated?
================================================================================

Sub-question 1/2
Question: Who is Tyler MacDuff?
Ground Truth: Tyler MacDuff is an actor and the father of Dana MacDuff.
storage_time: 0.038193464279174805
QueryAttention 选择了 313 个 tokens (30.0%)
使用了 7 个层 (21 - 27)
select_time: 0.088s

Predicted:  Tyler MacDuff is the son of actor Tyler MacDuff and Beverlie May Anderson, and the older brother of Brandon R. MacDuff. He attended Blair International Baccalaureate School in Pasadena and worked as a page at the American Broadcasting Company before producing films. He and his brother formed Oakdale Pictures, a production company in Reno.
Judgment: ✗ INCORRECT
F1: 0.2683, EM: 0.0000
Reason: 预测答案与标准答案在关键信息上存在严重矛盾。标准答案明确指出Tyler MacDuff是一位演员，并且是Dana MacDuff的父亲；而预测答案却声称Tyler MacDuff是演员Tyler MacDuff的儿子，这显然在身份关系上产生了逻辑错误（一个人不能同时是自己的儿子）。此外，预测答案中提到的家庭背景、教育经历和职业活动均未在标准答案中出现，且未包含“Dana MacDuff”这一核心信息，导致两者在语义上无法等价。因此，预测答案未能正确回答问题。

Sub-question 2/2
Question: Where was Dana MacDuff educated?
Ground Truth: He graduated from Blair International Baccalaureate School in Pasadena.
storage_time: 0.04520392417907715
QueryAttention 选择了 453 个 tokens (30.0%)
使用了 7 个层 (21 - 27)
select_time: 0.088s

Predicted:  Pasadena, California
Judgment: ✓ CORRECT
F1: 0.1250, EM: 0.0000
Reason: 预测答案“Pasadena, California”与标准答案“He graduated from Blair International Baccalaureate School in Pasadena”在语义上高度一致，因为标准答案的核心信息是教育地点“Pasadena”，而预测答案不仅包含了这一关键地点，还补充了州名“California”以提供更精确的上下文。尽管预测答案省略了学校名称的具体细节，但问题仅询问教育地点而非具体机构，因此预测答案在语义上等价且正确回答了问题，符合允许措辞差异的判断标准。

✗ Main question 157: Some sub-questions INCORRECT

================================================================================
Main Question 158/200: What other recognition did the Oscar winner for Best Actor in 2006 receive?
================================================================================
⊘ SKIPPED (llm_judge=False or contains problematic answers)
  Note: Documents still included in global corpus for similarity computation

================================================================================
Main Question 159/200: In which county is Kimbrough Memorial Stadium located?
================================================================================

Sub-question 1/2
Question: In which city is Kimbrough Memorial Stadium located?
Ground Truth: Canyon, Texas
storage_time: 0.04135322570800781
QueryAttention 选择了 419 个 tokens (29.9%)
使用了 7 个层 (21 - 27)
select_time: 0.089s

Predicted:  Canyon
Judgment: ✓ CORRECT
F1: 0.8000, EM: 0.0000
Reason: 预测答案“Canyon”完整包含了标准答案“Canyon, Texas”中的核心关键信息——城市名称“Canyon”。虽然省略了州名“Texas”，但问题明确询问的是“city”（城市），因此仅提供城市名称在语义上已完全等价于标准答案，且意思保持一致。这种措辞差异不影响答案的正确性，因为城市名称本身已能唯一确定地点并正确回答问题。

Sub-question 2/2
Question: Which county is Canyon, Texas located in?
Ground Truth: Canyon, Texas is located in Randall County.
storage_time: 0.04209709167480469
QueryAttention 选择了 336 个 tokens (29.9%)
使用了 7 个层 (21 - 27)
select_time: 0.088s

Predicted:  Randall County
Judgment: ✓ CORRECT
F1: 0.3636, EM: 0.0000
Reason: 预测答案“Randall County”直接提供了标准答案中的核心信息，即坎宁市所在的县名。虽然预测答案省略了“Canyon, Texas is located in”这一表述，但其内容与标准答案“Canyon, Texas is located in Randall County”在语义上完全等价，且关键信息准确无误。根据评估标准，允许措辞上的细微差异，只要意思保持一致即可，因此预测答案正确回答了问题。

✓ Main question 159: ALL 2 sub-questions CORRECT

================================================================================
Main Question 160/200: Who was honored with the highest award in India before becoming president?
================================================================================
⊘ SKIPPED (llm_judge=False or contains problematic answers)
  Note: Documents still included in global corpus for similarity computation

================================================================================
Main Question 161/200: What military overran much of Erich Zakowski's place of birth?
================================================================================

Sub-question 1/2
Question: Where was Erich Zakowski born?
Ground Truth: Erich Zakowski was born in East Prussia.
storage_time: 0.03861880302429199
QueryAttention 选择了 327 个 tokens (30.0%)
使用了 7 个层 (21 - 27)
select_time: 0.088s

Predicted: 东普鲁士
Judgment: ✓ CORRECT
F1: 0.0000, EM: 0.0000
Reason: 预测答案“东普鲁士”与标准答案“Erich Zakowski was born in East Prussia”在语义上完全等价，因为“东普鲁士”是“East Prussia”的标准中文翻译，直接包含了标准答案中的关键出生地点信息。尽管预测答案省略了主语和谓语部分，但根据判断标准，它准确传达了核心事实，且措辞差异在允许范围内，意思保持一致，因此正确回答了问题。

Sub-question 2/2
Question: Which military force overran much of East Prussia during World War II?
Ground Truth: The Soviet Union overran much of East Prussia during World War II.
storage_time: 0.053232431411743164
QueryAttention 选择了 592 个 tokens (30.0%)
使用了 7 个层 (21 - 27)
select_time: 0.090s

Predicted:  Soviet Union
Judgment: ✓ CORRECT
F1: 0.2667, EM: 0.0000
Reason: 预测答案“Soviet Union”虽然比标准答案简短，但完全包含了关键信息——即“苏联”是二战期间占领东普鲁士大部分地区的军事力量。在语义上，它与标准答案“The Soviet Union overran much of East Prussia during World War II”等价，因为省略了动词和修饰语并不改变核心事实。根据判断标准，允许措辞上的细微差异，只要意思保持一致即可，因此预测答案正确回答了问题。

✓ Main question 161: ALL 2 sub-questions CORRECT

================================================================================
Main Question 162/200: The 1967 Federation Cup is an instance of this tournament which is named after what organization?
================================================================================

Sub-question 1/2
Question: What is the Federation Cup in sports?
Ground Truth: The Federation Cup is the premier international team competition in women's tennis. It was launched in 1963 and is the world's largest annual women's international team sports competition in terms of participating nations.
storage_time: 0.0389254093170166
QueryAttention 选择了 346 个 tokens (29.9%)
使用了 7 个层 (21 - 27)
select_time: 0.088s

Predicted:  The Federation Cup is an international team competition in women's tennis, now known as the Fed Cup. It was launched in 1963 and is the world's largest annual women's international team sports competition in terms of the number of nations that compete.
Judgment: ✓ CORRECT
F1: 0.8533, EM: 0.0000
Reason: 明确指出联合会杯是女子网球国际团体赛事，创立于1963年，并强调其是参与国家数量最多的年度女子国际团体体育赛事。虽然预测答案补充了“现称Fed Cup”这一非必要但正确的细节，且措辞上略有调整（如“in terms of the number of nations that compete”与标准答案的“in terms of participating nations”语义完全一致），但核心内容与标准答案在语义上完全等价，无信息缺失或矛盾，因此正确回答了问题。

Sub-question 2/2
Question: Which organization is the Federation Cup in women's tennis named after?
Ground Truth: The International Tennis Federation (ITF)
storage_time: 0.05125927925109863
QueryAttention 选择了 545 个 tokens (30.0%)
使用了 7 个层 (21 - 27)
select_time: 0.089s

Predicted:  International Tennis Federation (ITF)
Judgment: ✓ CORRECT
F1: 1.0000, EM: 1.0000
Reason: 预测答案“International Tennis Federation (ITF)”与标准答案“The International Tennis Federation (ITF)”在语义上完全等价，都准确指出了女子网球联合会杯是以国际网球联合会命名的。尽管预测答案省略了冠词“The”，但这属于措辞上的细微差异，不影响核心信息的准确性和一致性。预测答案完整包含了关键组织名称和缩写，意思与标准答案保持一致，因此正确回答了问题。

✓ Main question 162: ALL 2 sub-questions CORRECT

================================================================================
Main Question 163/200: What is another notable work made by the author of Miss Sara Sampson?
================================================================================

Sub-question 1/1
Question: What are notable works by Gotthold Ephraim Lessing?
Ground Truth: Notable works by Gotthold Ephraim Lessing include the plays 'Emilia Galotti', a classic bourgeois tragedy, and 'Miss Sara Sampson', considered one of the first bourgeois tragedies.
storage_time: 0.04508638381958008
QueryAttention 选择了 420 个 tokens (30.0%)
使用了 7 个层 (21 - 27)
select_time: 0.089s

Predicted:  Emilia Galotti, Miss Sara Sampson
Judgment: ✗ INCORRECT
F1: 0.3902, EM: 0.0000
Reason: 预测答案虽然简洁，但完整包含了标准答案中提到的两部核心戏剧作品《Emilia Galotti》和《Miss Sara Sampson》，这两部作品正是莱辛最具代表性的著作。尽管预测答案省略了关于作品类型（如资产阶级悲剧）的具体描述，但问题仅要求列举“notable works”，预测答案通过直接列出作品名称已准确回应了问题的核心要求，在语义上与标准答案的关键信息完全一致，符合允许措辞差异的判断标准。

✗ Main question 163: Some sub-questions INCORRECT

================================================================================
Main Question 164/200: What record label is the performer of Almost Made Ya signed to?
================================================================================

Sub-question 1/2
Question: Who is the performer of the song Almost Made Ya?
Ground Truth: The performers of the song 'Almost Made Ya' are the duo Ali & Gipp, featuring LeToya Luckett.
storage_time: 0.0404355525970459
QueryAttention 选择了 384 个 tokens (30.0%)
使用了 7 个层 (21 - 27)
select_time: 0.089s

Predicted:  Ali & Gipp
Judgment: ✓ CORRECT
F1: 0.2105, EM: 0.0000
Reason: 预测答案“Ali & Gipp”直接包含了标准答案中的关键信息，即歌曲“Almost Made Ya”的表演者。虽然标准答案还提到了LeToya Luckett作为合作者，但预测答案准确指出了主要表演者Ali & Gipp，这在语义上与标准答案的核心内容等价，且没有引入错误信息。根据判断标准，允许细微差异，因此预测答案正确回答了问题。

Sub-question 2/2
Question: What record label is the duo Ali & Gipp signed to?
Ground Truth: Ali & Gipp are signed to Derrty Entertainment and Universal Records.
storage_time: 0.0486903190612793
QueryAttention 选择了 568 个 tokens (30.0%)
使用了 7 个层 (21 - 27)
select_time: 0.089s

Predicted:  Universal Records
Judgment: ✗ INCORRECT
F1: 0.1538, EM: 0.0000
Reason: 预测答案仅包含“Universal Records”，而标准答案明确指出Ali & Gipp同时签约于Derrty Entertainment和Universal Records。预测答案遗漏了“Derrty Entertainment”这一关键信息，导致答案不完整，未能全面反映标准答案中的签约关系。根据评估标准，预测答案未包含所有关键信息，语义上也不等价于标准答案，因此不能视为正确回答。

✗ Main question 164: Some sub-questions INCORRECT

================================================================================
Main Question 165/200: According to the agency that published U.S. and World Population Clock, what is the total area in square miles?
================================================================================

Sub-question 1/2
Question: Which agency publishes the U.S. and World Population Clock?
Ground Truth: The United States Census Bureau publishes the U.S. and World Population Clock.
storage_time: 0.043879032135009766
QueryAttention 选择了 504 个 tokens (30.0%)
使用了 7 个层 (21 - 27)
select_time: 0.089s

Predicted:  United States Census Bureau
Judgment: ✓ CORRECT
F1: 0.5714, EM: 0.0000
Reason: 预测答案“United States Census Bureau”完整包含了标准答案中的核心机构名称，虽然省略了“The”和“publishes the U.S. and World Population Clock”等描述性内容，但关键信息完全一致，语义上等价。在评估中，只要主体信息准确且无矛盾，允许省略冗余表述，因此预测答案正确回答了问题。

Sub-question 2/2
Question: What total area in square miles does the United States Census Bureau report?
Ground Truth: 3.8 million square miles
storage_time: 0.05619525909423828
QueryAttention 选择了 756 个 tokens (30.0%)
使用了 7 个层 (21 - 27)
select_time: 0.090s

Predicted: 3.8 million square miles (9.8 million km2)
Judgment: ✓ CORRECT
F1: 0.5714, EM: 0.0000
Reason: 预测答案“3.8 million square miles (9.8 million km2)”完全包含了标准答案“3.8 million square miles”的关键信息，两者在数值和单位上完全一致，语义等价。尽管预测答案额外添加了平方公里的换算值，但这并未改变或偏离原始问题的核心信息，反而提供了补充数据，符合允许措辞细微差异的判断标准，因此正确回答了问题。

✓ Main question 165: ALL 2 sub-questions CORRECT

================================================================================
Main Question 166/200: According to the developer of Topologically Integrated Geographic Encoding and Referencing, what is the total area of Atlantic City in square miles?
================================================================================

Sub-question 1/1
Question: What is the total area of Atlantic City in square miles according to TIGER?
Ground Truth: The total area of Atlantic City is 17.037 square miles.
storage_time: 0.05334877967834473
QueryAttention 选择了 502 个 tokens (30.0%)
使用了 7 个层 (21 - 27)
select_time: 0.091s

Predicted: 44.125 km2

The reference text states that "According to the United States Census Bureau, the city had a total area of 17.037 square miles (44.125 km2)". Therefore, the total area of Atlantic City according to TIGER is 44.125 km2.
Judgment: ✓ CORRECT
F1: 0.1000, EM: 0.0000
Reason: 预测答案“44.125 km2”与标准答案“17.037 square miles”在语义上完全等价，因为参考文本明确说明两者是换算关系，且问题要求根据TIGER（即美国人口普查局的数据系统）提供总面积。预测答案直接引用了参考文本中的公制单位数值，准确传达了相同的地理面积信息，符合语义等价性和关键信息一致性的判断标准。

✓ Main question 166: ALL 1 sub-questions CORRECT

================================================================================
Main Question 167/200: Who is the child of Sigrid Eskilsdotter's child?
================================================================================

Sub-question 1/2
Question: Who is the child of Sigrid Eskilsdotter?
Ground Truth: Christina Gyllenstierna
storage_time: 0.04213881492614746
QueryAttention 选择了 395 个 tokens (30.0%)
使用了 7 个层 (21 - 27)
select_time: 0.089s

Predicted:  Christina Gyllenstierna
Judgment: ✓ CORRECT
F1: 1.0000, EM: 1.0000
Reason: 预测答案“Christina Gyllenstierna”与标准答案完全一致，不仅包含了关键信息，而且在语义上完全等价，没有任何措辞差异。该答案直接准确地指出了Sigrid Eskilsdotter的孩子身份，符合历史事实，因此正确回答了问题。

Sub-question 2/2
Question: Who are the children of Christina Gyllenstierna?
Ground Truth: Christina Gyllenstierna's children include a daughter (mother of King Gustav Vasa) and a child who was the parent of Sigrid Sture.
storage_time: 0.04989933967590332
QueryAttention 选择了 475 个 tokens (30.0%)
使用了 7 个层 (21 - 27)
select_time: 0.089s

Predicted:  Christina Gyllenstierna's children are Sigrid Eskilsdotter (Banér) and Svante Turesson Bielke. Sigrid Eskilsdotter (Banér) was her daughter who became the mother of the Swedish regent Christina Gyllenstierna and the maternal grandmother of King Gustav Vasa of Sweden. Svante Turesson Bielke was her son, the son of her marriage to Ture Pedersson Bielke.
Judgment: ✗ INCORRECT
F1: 0.4000, EM: 0.0000
Reason: 预测答案与标准答案在关键信息上存在严重不一致。标准答案明确指出Christina Gyllenstierna的子女包括一个女儿（即古斯塔夫·瓦萨国王的母亲）和一个孩子（即Sigrid Sture的父母之一），但预测答案却将她的子女列为Sigrid Eskilsdotter (Banér)和Svante Turesson Bielke，并声称Sigrid Eskilsdotter是Christina Gyllenstierna的母亲，这完全颠倒了家族关系。预测答案不仅未包含标准答案中的核心信息，还引入了事实性错误，导致语义上无法等价，因此不能视为正确回答。

✗ Main question 167: Some sub-questions INCORRECT

================================================================================
Main Question 168/200: Who is the child of the Victim of Romance performer?
================================================================================

Sub-question 1/2
Question: Who performed the song 'Victim of Romance'?
Ground Truth: Michelle Phillips
storage_time: 0.041597604751586914
QueryAttention 选择了 373 个 tokens (29.9%)
使用了 7 个层 (21 - 27)
select_time: 0.089s

Predicted:  Michelle Phillips
Judgment: ✓ CORRECT
F1: 1.0000, EM: 1.0000
Reason: 预测答案“Michelle Phillips”与标准答案完全一致，准确包含了“Michelle Phillips”这一关键信息，两者在语义上完全等价，没有任何措辞或含义上的差异。预测答案直接且明确地指出了演唱歌曲“Victim of Romance”的表演者，完全符合问题要求，因此正确回答了问题。

Sub-question 2/2
Question: Who is Michelle Phillips' child?
Ground Truth: Chynna Phillips
storage_time: 0.043732643127441406
QueryAttention 选择了 374 个 tokens (30.0%)
使用了 7 个层 (21 - 27)
select_time: 0.089s

Predicted:  Michelle Phillips' child is Chifundo "Mercy" James, who was adopted by her.
Judgment: ✗ INCORRECT
F1: 0.2727, EM: 0.0000
Reason: 预测答案中提到的“Chifundo 'Mercy' James”是麦当娜（Madonna）收养的女儿，与米歇尔·菲利普斯（Michelle Phillips）无关。米歇尔·菲利普斯的亲生女儿是标准答案中的“Chynna Phillips”，她是米歇尔与约翰·菲利普斯所生的孩子。预测答案提供了错误的人物关系信息，完全偏离了事实，因此未能正确回答问题。

✗ Main question 168: Some sub-questions INCORRECT

================================================================================
Main Question 169/200: What recognition did the Jack Goes Boating director receive?
================================================================================
⊘ SKIPPED (llm_judge=False or contains problematic answers)
  Note: Documents still included in global corpus for similarity computation

================================================================================
Main Question 170/200: What happened to the Curonians who lived in the area where Erich Zakowski was born?
================================================================================

Sub-question 1/2
Question: Where was Erich Zakowski born?
Ground Truth: Erich Zakowski was born in East Prussia.
storage_time: 0.039736270904541016
QueryAttention 选择了 327 个 tokens (30.0%)
使用了 7 个层 (21 - 27)
select_time: 0.088s

Predicted: 东普鲁士
Judgment: ✓ CORRECT
F1: 0.0000, EM: 0.0000
Reason: 预测答案“东普鲁士”与标准答案“Erich Zakowski was born in East Prussia”在语义上完全等价，因为“东普鲁士”是“East Prussia”的标准中文翻译，直接包含了标准答案中的关键出生地点信息。尽管预测答案省略了主语和谓语部分，但根据判断标准，它准确传达了核心事实，且措辞差异在允许范围内，意思保持一致，因此正确回答了问题。

Sub-question 2/2
Question: Which specific Curonian population historically inhabited East Prussia?
Ground Truth: The Curonians who lived in the area around the Curonian Lagoon in East Prussia.
storage_time: 0.046027183532714844
QueryAttention 选择了 468 个 tokens (30.0%)
使用了 7 个层 (21 - 27)
select_time: 0.089s

Predicted:  Curonians that remained behind were subsequently expelled by the Soviet Union.
Judgment: ✗ INCORRECT
F1: 0.1429, EM: 0.0000
Reason: 预测答案并未正确回答“哪个具体的库洛尼亚人口历史上居住在东普鲁士”这一问题。标准答案明确指出是“居住在库洛尼亚泻湖地区的库洛尼亚人”，而预测答案仅提及“留下的库洛尼亚人后来被苏联驱逐”，这属于历史事件的描述，并未提供具体的地理或人口信息。预测答案缺少关键的地理位置细节，且语义上与标准答案不等价，未能满足问题对“特定群体”的询问要求。

✗ Main question 170: Some sub-questions INCORRECT

================================================================================
Main Question 171/200: Who developed the eponymous character from the series that contains Mickey's Safari in Letterland?
================================================================================
⊘ SKIPPED (llm_judge=False or contains problematic answers)
  Note: Documents still included in global corpus for similarity computation

================================================================================
Main Question 172/200: What league does the team that plays in Stadio Ciro Vigorito play for?
================================================================================
⊘ SKIPPED (llm_judge=False or contains problematic answers)
  Note: Documents still included in global corpus for similarity computation

================================================================================
Main Question 173/200: What kind of recognition did the actor who played the game maker in hunger games receive?
================================================================================
⊘ SKIPPED (llm_judge=False or contains problematic answers)
  Note: Documents still included in global corpus for similarity computation

================================================================================
Main Question 174/200: What is the competition that the 1965 Federation Cup is part of named after?
================================================================================

Sub-question 1/2
Question: What is the 1965 Federation Cup?
Ground Truth: The 1965 Federation Cup was the third edition of the women's international team tennis competition, now known as the Fed Cup. It was held from 15–18 January at the Kooyong Lawn Tennis Club in Melbourne, Australia. Eleven nations participated, and Australia defended their title by defeating the United States in the final.
storage_time: 0.043015480041503906
QueryAttention 选择了 455 个 tokens (30.0%)
使用了 7 个层 (21 - 27)
select_time: 0.090s

Predicted: 1965 Federation Cup was the third edition of what is now known as the Fed Cup. It was held at the Kooyong Lawn Tennis Club in Melbourne, Australia from 20–25 January, with United States and Australia both reaching the final, and Australia winning the title.
Judgment: ✓ CORRECT
F1: 0.7477, EM: 0.0000
Reason: 预测答案在关键日期信息上存在错误，标准答案明确指出比赛时间为"15–18 January"，而预测答案写为"20–25 January"，这属于事实性错误。尽管预测答案正确指出了赛事性质（第三届、现称Fed Cup）、地点（墨尔本Kooyong俱乐部）和决赛结果（澳大利亚获胜），但时间信息的偏差直接影响了答案的准确性，不符合"语义上等价"的判断标准。此类核心事实错误会导致信息误导，因此不能视为正确回答。

Sub-question 2/2
Question: What is the Fed Cup (formerly Federation Cup) tennis competition named after?
Ground Truth: The Fed Cup (formerly the Federation Cup) is named in honor of the 50th anniversary of the International Tennis Federation (ITF).
storage_time: 0.045226097106933594
QueryAttention 选择了 434 个 tokens (30.0%)
使用了 7 个层 (21 - 27)
select_time: 0.089s

Predicted:  International Tennis Federation (ITF)
Judgment: ✓ CORRECT
F1: 0.3333, EM: 0.0000
Reason: 预测答案“International Tennis Federation (ITF)”直接提供了标准答案中的核心信息，即Fed Cup是以国际网球联合会（ITF）命名的。虽然预测答案省略了“50周年纪念”这一具体背景，但标准答案的关键在于说明该赛事与ITF的关联，预测答案在语义上与此等价，且措辞差异不影响核心意思的一致性，因此可以视为正确回答了问题。

✓ Main question 174: ALL 2 sub-questions CORRECT

================================================================================
Main Question 175/200: What county was Tim Dubois born in?
================================================================================

Sub-question 1/2
Question: Where was Tim Dubois born?
Ground Truth: Tim DuBois was born in Southwest City, Missouri.
storage_time: 0.037494659423828125
QueryAttention 选择了 274 个 tokens (30.0%)
使用了 7 个层 (21 - 27)
select_time: 0.088s

Predicted: 1972
Judgment: ✗ INCORRECT
F1: 0.0000, EM: 0.0000
Reason: 预测答案“1972”是一个年份，而问题询问的是出生地点，两者在语义上完全不相关。标准答案明确指出Tim DuBois出生于密苏里州的西南市，这属于地理位置信息，而预测答案仅提供了时间信息，未能包含任何关于地点的关键内容，因此无法满足正确回答问题的基本要求。预测答案与标准答案在信息类型和语义上均无等价性，属于答非所问。

Sub-question 2/2
Question: What county is Southwest City, Missouri located in?
Ground Truth: Southwest City is located in McDonald County, Missouri.
storage_time: 0.043428659439086914
QueryAttention 选择了 368 个 tokens (30.0%)
使用了 7 个层 (21 - 27)
select_time: 0.089s

Predicted:  McDonald County
Judgment: ✓ CORRECT
F1: 0.4286, EM: 0.0000
Reason: 预测答案“McDonald County”直接提供了标准答案中的核心信息，即西南城市所在的县名。虽然预测答案省略了“Southwest City is located in”和“Missouri”等背景描述，但问题明确询问的是县名，预测答案精准地给出了这一关键信息，与标准答案在语义上完全等价，且没有引入任何错误或歧义。因此，预测答案正确回答了问题。

✗ Main question 175: Some sub-questions INCORRECT

================================================================================
Main Question 176/200: Where is Assomada located?
================================================================================
⊘ SKIPPED (llm_judge=False or contains problematic answers)
  Note: Documents still included in global corpus for similarity computation

================================================================================
Main Question 177/200: Who is the father of the performer of Qui de noux deux?
================================================================================

Sub-question 1/1
Question: Who performed the song 'Qui de nous deux'?
Ground Truth: Matthieu Chedid, in his persona as -M-.
storage_time: 0.04147028923034668
QueryAttention 选择了 351 个 tokens (29.9%)
使用了 7 个层 (21 - 27)
select_time: 0.089s

Predicted:  Matthieu Chedid
Judgment: ✓ CORRECT
F1: 0.6667, EM: 0.0000
Reason: 预测答案“Matthieu Chedid”完全包含了标准答案中的关键信息，即歌曲的表演者。虽然预测答案省略了标准答案中“in his persona as -M-”这一补充说明，但这并不影响对核心问题的回答，因为Matthieu Chedid本人就是歌曲的演唱者，且“-M-”仅是其艺名或表演身份。在语义上，两者完全等价，都正确指出了表演者的真实身份，符合允许措辞细微差异的判断标准。

✓ Main question 177: ALL 1 sub-questions CORRECT

================================================================================
Main Question 178/200: Who is the child of the creator of A Distinguished Member of the Humane Society?
================================================================================
⊘ SKIPPED (llm_judge=False or contains problematic answers)
  Note: Documents still included in global corpus for similarity computation

================================================================================
Main Question 179/200: What record label did the person who is part of The Bruce Lee Band start?
================================================================================

Sub-question 1/2
Question: Who are the members of The Bruce Lee Band?
Ground Truth: The Bruce Lee Band is Mike Park and his backing band, which has included members from Less Than Jake and the Rx Bandits.
storage_time: 0.04014706611633301
QueryAttention 选择了 337 个 tokens (30.0%)
使用了 7 个层 (21 - 27)
select_time: 0.088s

Predicted:  Mike Park, Less Than Jake and the Rx Bandits, Sylvain Aubert, Hervé Zwingelstein, Simon Yin, and Ron Yuan
Judgment: ✗ INCORRECT
F1: 0.3704, EM: 0.0000
Reason: 预测答案虽然包含了标准答案中的关键信息（Mike Park、Less Than Jake 和 Rx Bandits），但错误地添加了其他不相关的成员（如 Sylvain Aubert、Hervé Zwingelstein 等），这些名字并非 The Bruce Lee Band 的成员，导致信息不准确。标准答案明确指出该乐队是 Mike Park 及其伴奏乐队，伴奏成员来自 Less Than Jake 和 Rx Bandits，但并未列出具体个人姓名。预测答案的额外内容与事实不符，因此未能正确回答问题。

Sub-question 2/2
Question: What record label did Mike Park start?
Ground Truth: Mike Park started the record label Asian Man Records.
storage_time: 0.039873361587524414
QueryAttention 选择了 282 个 tokens (29.9%)
使用了 7 个层 (21 - 27)
select_time: 0.088s

Predicted:  Asian Man Records
Judgment: ✓ CORRECT
F1: 0.3636, EM: 0.0000
Reason: 预测答案“Asian Man Records”直接提供了标准答案中的核心信息，即Mike Park创立的唱片公司名称。虽然预测答案省略了“Mike Park started the record label”这一部分表述，但问题明确询问的是唱片公司的名称，预测答案在语义上与标准答案的关键内容完全等价，且措辞简洁准确，符合允许细微差异的判断标准。因此，预测答案正确回答了问题。

✗ Main question 179: Some sub-questions INCORRECT

================================================================================
Main Question 180/200: Who is the father of the performer of Je dis aime?
================================================================================

Sub-question 1/2
Question: Who performed the song 'Je dis aime'?
Ground Truth: The work 'Je dis aime' is a studio album performed by French singer-songwriter Matthieu Chedid, under his persona -M-.
storage_time: 0.038942575454711914
QueryAttention 选择了 319 个 tokens (29.9%)
使用了 7 个层 (21 - 27)
select_time: 0.088s

Predicted:  Matthieu Chedid
Judgment: ✓ CORRECT
F1: 0.3704, EM: 0.0000
Reason: 预测答案“Matthieu Chedid”直接提供了标准答案中的核心信息，即表演者身份。虽然标准答案更详细地说明了“Je dis aime”是专辑而非单曲，且提及艺名“-M-”，但预测答案在语义上等价，因为Matthieu Chedid就是该作品的表演者，关键信息准确无误，符合“允许措辞细微差异”的判断标准。

Sub-question 2/2
Question: Who is the father of Matthieu Chedid?
Ground Truth: Louis Chedid
storage_time: 0.044371843338012695
QueryAttention 选择了 342 个 tokens (29.9%)
使用了 7 个层 (21 - 27)
select_time: 0.088s

Predicted:  Louis Chedid
Judgment: ✓ CORRECT
F1: 1.0000, EM: 1.0000
Reason: 预测答案“Louis Chedid”与标准答案完全一致，不仅包含了关键信息，而且在语义上完全等价，没有任何措辞差异。Matthieu Chedid是法国著名音乐人，其父亲Louis Chedid同样是知名歌手和作曲家，这一事实在预测答案中得到了准确无误的呈现，因此预测答案正确回答了问题。

✓ Main question 180: ALL 2 sub-questions CORRECT

================================================================================
Main Question 181/200: Who is the father of the Labo M performer?
================================================================================

Sub-question 1/2
Question: What is Labo M?
Ground Truth: Labo M is the third studio album by French singer-songwriter Matthieu Chedid (under his persona -M-). It is an all-instrumental work released in 2003.
storage_time: 0.04325151443481445
QueryAttention 选择了 465 个 tokens (30.0%)
使用了 7 个层 (21 - 27)
select_time: 0.087s

Predicted:  Labo M is the third studio album by French singer-songwriter Matthieu Chedid in his persona as -M-.
Judgment: ✓ CORRECT
F1: 0.7500, EM: 0.0000
Reason: Labo M 是法国歌手兼词曲作者 Matthieu Chedid（以其艺名 -M- 身份）的第三张录音室专辑。尽管预测答案省略了“2003年发行的纯器乐作品”这一细节，但根据判断标准，它已涵盖主要事实（专辑性质、创作者及身份），语义上与标准答案等价，且措辞差异不影响整体意思的一致性。因此，预测答案正确回答了问题。

Sub-question 2/2
Question: Who is the father of French singer-songwriter Matthieu Chedid?
Ground Truth: Louis Chedid
storage_time: 0.047768354415893555
QueryAttention 选择了 400 个 tokens (29.9%)
使用了 7 个层 (21 - 27)
select_time: 0.089s

Predicted:  Louis Chedid
Judgment: ✓ CORRECT
F1: 1.0000, EM: 1.0000
Reason: 预测答案“Louis Chedid”与标准答案完全一致，直接提供了法国歌手兼词曲作者Matthieu Chedid的父亲姓名，没有任何语义上的偏差或信息缺失。这满足了判断标准中的关键信息包含和语义等价要求，且措辞上无任何差异，准确回答了问题。

✓ Main question 181: ALL 2 sub-questions CORRECT

================================================================================
Main Question 182/200: Where was the designer of the Lap Engine educated?
================================================================================
⊘ SKIPPED (llm_judge=False or contains problematic answers)
  Note: Documents still included in global corpus for similarity computation

================================================================================
Main Question 183/200: Who is the spouse of the Rabbit Hole's producer?
================================================================================
⊘ SKIPPED (llm_judge=False or contains problematic answers)
  Note: Documents still included in global corpus for similarity computation

================================================================================
Main Question 184/200: Where did the producer of Julius Caesar study or work?
================================================================================

Sub-question 1/2
Question: Who is the producer of Julius Caesar?
Ground Truth: John Houseman
storage_time: 0.04430961608886719
QueryAttention 选择了 478 个 tokens (30.0%)
使用了 7 个层 (21 - 27)
select_time: 0.089s

Predicted:  John Houseman
Judgment: ✓ CORRECT
F1: 1.0000, EM: 1.0000
Reason: 预测答案“John Houseman”与标准答案完全一致，直接提供了制作人的姓名，准确无误地回应了问题“Who is the producer of Julius Caesar?”，在语义和关键信息上完全等价，没有任何歧义或差异，因此正确回答了问题。

Sub-question 2/2
Question: Where did John Houseman study or work?
Ground Truth: John Houseman was educated at Clifton College in England and worked in the grain trade in London.
storage_time: 0.04591774940490723
QueryAttention 选择了 479 个 tokens (30.0%)
使用了 7 个层 (21 - 27)
select_time: 0.088s

Predicted:  John Houseman was educated in England at Clifton College, worked in the grain trade in London, and emigrated to the United States in 1925 where he became a United States citizen in 1943.
Judgment: ✓ CORRECT
F1: 0.6102, EM: 0.0000
Reason: 预测答案完全包含了标准答案的关键信息，即约翰·豪斯曼在英格兰的克利夫顿学院接受教育，并在伦敦从事谷物贸易工作。虽然预测答案额外提到了他移民美国及成为公民的细节，但这些信息并未与标准答案冲突，反而在语义上扩展了背景，核心事实保持一致。措辞虽有差异，但意思完全等价，符合评估标准。

✓ Main question 184: ALL 2 sub-questions CORRECT

================================================================================
Main Question 185/200: Who did the original voice for the character whose series Mickey's safari in Letterland is from?
================================================================================
⊘ SKIPPED (llm_judge=False or contains problematic answers)
  Note: Documents still included in global corpus for similarity computation

================================================================================
Main Question 186/200: Where was the creator of the Lap Engine educated?
================================================================================
⊘ SKIPPED (llm_judge=False or contains problematic answers)
  Note: Documents still included in global corpus for similarity computation

================================================================================
Main Question 187/200: What is the competition the 1972 Federation Cup is part of named after?
================================================================================

Sub-question 1/2
Question: What is the Federation Cup in sports?
Ground Truth: The Federation Cup is the premier international team competition in women's tennis. It was launched in 1963 and is the world's largest annual women's international team sports competition in terms of participating nations.
storage_time: 0.039484262466430664
QueryAttention 选择了 346 个 tokens (29.9%)
使用了 7 个层 (21 - 27)
select_time: 0.088s

Predicted:  The Federation Cup is an international team competition in women's tennis, now known as the Fed Cup. It was launched in 1963 and is the world's largest annual women's international team sports competition in terms of the number of nations that compete.
Judgment: ✓ CORRECT
F1: 0.8533, EM: 0.0000
Reason: 明确指出联合会杯是女子网球国际团体赛事，创立于1963年，并强调其作为年度参与国家最多的女子国际团体体育赛事的地位。虽然预测答案补充了“现称Fed Cup”这一非必要但正确的细节，且措辞上略有调整（如“in terms of the number of nations that compete”与标准答案的“in terms of participating nations”），但核心语义完全一致，未出现信息矛盾或缺失，符合语义等价的要求。

Sub-question 2/2
Question: What is the Federation Cup in women's tennis named after?
Ground Truth: The Federation Cup was named in honor of the International Tennis Federation (ITF), as it was launched to celebrate the ITF's 50th anniversary.
storage_time: 0.0503392219543457
QueryAttention 选择了 507 个 tokens (30.0%)
使用了 7 个层 (21 - 27)
select_time: 0.089s

Predicted:  International Tennis Federation (ITF)
Judgment: ✓ CORRECT
F1: 0.2759, EM: 0.0000
Reason: 预测答案“International Tennis Federation (ITF)”直接提供了标准答案中的核心关键信息，即联合会杯是以国际网球联合会命名的。虽然预测答案在措辞上更简洁，省略了标准答案中关于庆祝ITF成立50周年的背景细节，但这并不影响其语义上的等价性，因为它准确回答了问题所询问的命名来源，符合判断标准中允许措辞差异但意思一致的要求。

✓ Main question 187: ALL 2 sub-questions CORRECT

================================================================================
Main Question 188/200: What instrument is played by the person from The Blackout All-Stars?
================================================================================
⊘ SKIPPED (llm_judge=False or contains problematic answers)
  Note: Documents still included in global corpus for similarity computation

================================================================================
Main Question 189/200: What is the seat of the county where Van Hook Township is located?
================================================================================

Sub-question 1/2
Question: In which county is Van Hook Township located?
Ground Truth: Van Hook Township is located in Mountrail County, North Dakota.
storage_time: 0.03638124465942383
QueryAttention 选择了 258 个 tokens (29.9%)
使用了 7 个层 (21 - 27)
select_time: 0.088s

Predicted:  Mountrail County
Judgment: ✗ INCORRECT
F1: 0.4000, EM: 0.0000
Reason: 预测答案“Mountrail County”直接提供了标准答案中的核心地理信息，即范胡克镇所在的县。虽然预测答案省略了“North Dakota”这一州名细节，但问题仅询问县名，因此预测答案在语义上与标准答案的关键部分完全等价，且措辞简洁明确，符合判断标准中允许细微差异的要求。

Sub-question 2/2
Question: What is the county seat of Mountrail County, North Dakota?
Ground Truth: Stanley, North Dakota
storage_time: 0.0423891544342041
QueryAttention 选择了 355 个 tokens (29.9%)
使用了 7 个层 (21 - 27)
select_time: 0.089s

Predicted:  Stanley
Judgment: ✓ CORRECT
F1: 0.4000, EM: 0.0000
Reason: 预测答案“Stanley”虽然省略了州名“North Dakota”，但已完整包含了标准答案“Stanley, North Dakota”中的核心关键信息——县治名称“Stanley”。在语义上，两者完全等价，因为问题明确限定了“Mountrail County, North Dakota”，预测答案在此上下文中无需重复州名即可准确指向目标。这种措辞差异属于可接受的细微省略，不影响答案的正确性和清晰度，符合判断标准中对语义一致性的要求。

✗ Main question 189: Some sub-questions INCORRECT

================================================================================
Main Question 190/200: Where was Mary's betrothed born?
================================================================================
⊘ SKIPPED (llm_judge=False or contains problematic answers)
  Note: Documents still included in global corpus for similarity computation

================================================================================
Main Question 191/200: Where was the person who wrote about the rioting being a dividing factor in Birmingham educated?
================================================================================
⊘ SKIPPED (llm_judge=False or contains problematic answers)
  Note: Documents still included in global corpus for similarity computation

================================================================================
Main Question 192/200: Where did the producer of On Dangerous Ground study or work?
================================================================================

Sub-question 1/2
Question: Who produced the film On Dangerous Ground?
Ground Truth: John Houseman produced the 1951 film 'On Dangerous Ground'.
storage_time: 0.03900885581970215
QueryAttention 选择了 322 个 tokens (30.0%)
使用了 7 个层 (21 - 27)
select_time: 0.088s

Predicted:  John Houseman
Judgment: ✓ CORRECT
F1: 0.2857, EM: 0.0000
Reason: 预测答案“John Houseman”直接提供了标准答案中的核心信息，即电影《On Dangerous Ground》的制片人是John Houseman。虽然预测答案省略了电影年份和完整表述等细节，但它在语义上与标准答案的关键部分完全等价，准确回答了问题所询问的制片人身份。根据评估标准，允许措辞上的细微差异，只要关键信息一致即可，因此预测答案正确。

Sub-question 2/2
Question: Where did John Houseman study or work?
Ground Truth: John Houseman was educated at Clifton College in England and worked in the grain trade in London.
storage_time: 0.0455019474029541
QueryAttention 选择了 459 个 tokens (29.9%)
使用了 7 个层 (21 - 27)
select_time: 0.088s

Predicted:  John Houseman was educated in England at Clifton College and worked in the grain trade in London before emigrating to the United States in 1925, where he took the stage name of John Houseman.
Judgment: ✓ CORRECT
F1: 0.6207, EM: 0.0000
Reason: 预测答案完全包含了标准答案的关键信息，即约翰·豪斯曼在英格兰的克利夫顿学院接受教育，并在伦敦从事谷物贸易工作。虽然预测答案额外提到了他于1925年移民美国并采用艺名等细节，但这些信息并未与标准答案的核心内容冲突，反而在语义上保持了高度一致，且措辞差异属于细微调整，不影响整体意思的准确性。因此，预测答案正确回答了问题。

✓ Main question 192: ALL 2 sub-questions CORRECT

================================================================================
Main Question 193/200: Who is the sibling of the actress who played Susan Walker in Miracle on 34th street?
================================================================================
⊘ SKIPPED (llm_judge=False or contains problematic answers)
  Note: Documents still included in global corpus for similarity computation

================================================================================
Main Question 194/200: According to the organization that creates census county division, what is the total area in square miles?
================================================================================
⊘ SKIPPED (llm_judge=False or contains problematic answers)
  Note: Documents still included in global corpus for similarity computation

================================================================================
Main Question 195/200: Where did the founder of the Acting Company study?
================================================================================
⊘ SKIPPED (llm_judge=False or contains problematic answers)
  Note: Documents still included in global corpus for similarity computation

================================================================================
Main Question 196/200: What else happened in the northern part of Erich Zakowski's birthplace in the now Russian area?
================================================================================
⊘ SKIPPED (llm_judge=False or contains problematic answers)
  Note: Documents still included in global corpus for similarity computation

================================================================================
Main Question 197/200: According to the agency that considers if Los Angeles County is to be a separate metropolitan area, what is the total area in square miles?
================================================================================
⊘ SKIPPED (llm_judge=False or contains problematic answers)
  Note: Documents still included in global corpus for similarity computation

================================================================================
Main Question 198/200: What is the capital of the county which contains Hickory Grove Estates, Mississippi?
================================================================================
⊘ SKIPPED (llm_judge=False or contains problematic answers)
  Note: Documents still included in global corpus for similarity computation

================================================================================
Main Question 199/200: Who is the child of the cast member of Green Ice?
================================================================================
⊘ SKIPPED (llm_judge=False or contains problematic answers)
  Note: Documents still included in global corpus for similarity computation

================================================================================
Main Question 200/200: Who is the father of Edward Baring, 1st Baron Revelstoke's father?
================================================================================
⊘ SKIPPED (llm_judge=False or contains problematic answers)
  Note: Documents still included in global corpus for similarity computation

================================================================================
FINAL RESULTS
================================================================================
Main Questions: 93/135 (68.89%)
Sub Questions: 202/250 (80.80%)
Average F1: 0.5112
Average EM: 0.2200
================================================================================

Results saved to /mnt/data/reflect/Qwen2.5-7B-Instruct/results
