Main Question,Sub Question,Ground Truth,Predicted,Correct,F1,EM,Reason,Rate1_Predicted,Rate1_Correct,Rate1_F1,Rate1_EM,Rate1_Reason
What is the network which National Cycle Route 57 is part of an example of?,What network is National Cycle Route 57 part of?,National Cycle Route 57 is part of the United Kingdom's National Cycle Network (NCN).,National Cycle Network,True,0.23529411764705882,0.0,"预测答案""National Cycle Network""完整包含了标准答案中的核心关键信息，即国家自行车网络。虽然预测答案省略了""United Kingdom's""这一限定词，但问题本身询问的是所属网络名称，而""National Cycle Network""正是英国国家自行车网络的专有名称，在语义上与标准答案完全等价。这种措辞上的简化并不影响答案的准确性和完整性，因为该网络名称在全球范围内具有明确的指代性。",National Cycle Network,True,0.23529411764705882,0.0,"预测答案""National Cycle Network""完整包含了标准答案中的核心关键信息，即国家自行车网络。虽然预测答案省略了""United Kingdom's""这一限定词，但问题本身询问的是所属网络名称，而""National Cycle Network""正是英国国家自行车网络的专有名称，在语义上与标准答案完全等价。这种措辞上的简化并不影响答案的准确性和完整性，因为该网络名称在全球范围内具有明确的指代性。"
What district is the headquarter of Julia's House located?,Where is the headquarters of Julia's House located?,"Corfe Mullen, Dorset, England","Corfe Mullen, Dorset, England",True,1.0,1.0,"预测答案“Corfe Mullen, Dorset, England”与标准答案完全一致，不仅包含了所有关键信息（具体地点、郡县和国家），而且在语义上完全等价，没有任何信息缺失或歧义。措辞上完全相同，确保了意思的精确匹配，因此可以明确判定为正确回答了问题。","Corfe Mullen, Dorset, England",True,1.0,1.0,"预测答案“Corfe Mullen, Dorset, England”与标准答案完全一致，不仅包含了所有关键信息（具体地点、郡县和国家），而且在语义上完全等价，没有任何信息缺失或歧义。措辞上完全相同，确保了意思的精确匹配，因此可以明确判定为正确回答了问题。"
What body of water includes the terrain feature where Coffee Swamp is located?,Where is Coffee Swamp located?,"Coffee Swamp is located on the northern edge of Washington Island, in Door County, Wisconsin.","on the northern edge of Washington Island, in Door County Wisconsin",True,0.8333333333333333,0.0,"位置“northern edge of Washington Island”和行政区划“Door County, Wisconsin”。尽管预测答案省略了“Coffee Swamp is located”的表述，并缺少逗号分隔，但这属于措辞上的细微差异，语义上与标准答案完全等价，准确回答了问题关于地点的核心内容。","Coffee Swamp is located on the northern edge of Washington Island, in Door County Wisconsin.",True,1.0,1.0,"预测答案与标准答案在语义上完全等价，都明确指出Coffee Swamp位于华盛顿岛北缘、威斯康星州多尔县。虽然标准答案中使用了逗号分隔“Door County, Wisconsin”，而预测答案省略了逗号，但这属于细微的措辞差异，不影响核心地理信息的准确性和一致性。关键信息“northern edge of Washington Island”和“Door County Wisconsin”均被完整保留，因此预测答案正确回答了问题。"
Who is the spouse of the child of Peter Andreas Heiberg?,Who is the child of Peter Andreas Heiberg?,Johan Ludvig Heiberg is the child of Peter Andreas Heiberg.,Johan Ludvig Heiberg,True,0.5714285714285715,0.0,预测答案“Johan Ludvig Heiberg”直接提供了标准答案中的核心信息，即彼得·安德烈亚斯·海贝尔格的孩子是谁。虽然预测答案省略了标准答案中的完整句子结构“Johan Ludvig Heiberg is the child of Peter Andreas Heiberg”，但两者在语义上完全等价，因为预测答案准确指出了具体人名，且没有添加任何无关或矛盾信息。根据判断标准，预测答案包含了关键信息，且措辞差异不影响意思的一致性，因此可以视为正确回答了问题。,Johan Ludvig Heiberg,True,0.5714285714285715,0.0,预测答案“Johan Ludvig Heiberg”直接提供了标准答案中的核心信息，即彼得·安德烈亚斯·海贝尔格的孩子是谁。虽然预测答案省略了标准答案中的完整句子结构“Johan Ludvig Heiberg is the child of Peter Andreas Heiberg”，但两者在语义上完全等价，因为预测答案准确指出了具体人名，且没有添加任何无关或矛盾信息。根据判断标准，预测答案包含了关键信息，且措辞差异不影响意思的一致性，因此可以视为正确回答了问题。
Who is the spouse of the child of Peter Andreas Heiberg?,Who is the spouse of Johan Ludvig Heiberg?,Johanne Luise Heiberg,"Document: Johan Ludvig Heiberg (1791-1860) was a Danish poet, playwright, literary critic, and historian. He was the son of Peter Andreas Heiberg and the novelist Baroness Gyllembourg-Ehrensvärd. While the direct spouse of Johan Ludvig Heiberg is not explicitly named in the provided documents, it can be inferred from the information about his daughter Margareta Eriksdotter Vasa (Margareta Vasa) that his wife was likely Margareta's mother, who is referred to as ""Magdalene Ericksdotter"" in the context of Margareta's lineage. However, the specific name of his wife is not provided in the given documents.",False,0.04316546762589928,0.0,预测答案未能正确回答问题，因为它没有提供标准答案中的关键信息“Johanne Luise Heiberg”。预测答案错误地推断配偶为“Magdalene Ericksdotter”，这与历史事实不符，实际上Johan Ludvig Heiberg的配偶是丹麦女演员Johanne Luise Heiberg。预测答案基于不完整或错误的文档信息，导致语义上与标准答案完全不一致，未能满足正确回答的基本要求。,Johanne Luise Heiberg,True,1.0,1.0,预测答案“Johanne Luise Heiberg”与标准答案完全一致，不仅包含了关键信息——即Johan Ludvig Heiberg的配偶姓名，而且在语义上完全等价，没有任何措辞差异。该答案准确无误地回应了问题，符合所有判断标准，因此可以明确判定为正确回答。
"When was the sibling of Alice de Lusignan, Countess of Surrey crowned?","Who were the siblings of Alice de Lusignan, Countess of Surrey?","Alice de Lusignan had a uterine half-brother, King Henry III of England.","Joan de Geneville, Countess of Leicester",False,0.21428571428571427,0.0,"预测答案“Joan de Geneville, Countess of Leicester”与标准答案“Alice de Lusignan had a uterine half-brother, King Henry III of England”在关键信息上完全不一致。标准答案明确指出Alice de Lusignan的同母异父兄弟是英格兰国王亨利三世，而预测答案却提到了一个无关人物Joan de Geneville，这既未包含标准答案的核心内容，也未在语义上等价，属于完全错误的回答。",King Henry III of England,True,0.4799999999999999,0.0,预测答案“King Henry III of England”直接包含了标准答案的核心信息，即爱丽丝·德·吕西尼昂的同母异父兄弟是英格兰国王亨利三世。虽然预测答案省略了“uterine half-brother”这一具体关系描述，但通过直接给出人名，在语义上已明确指向了标准答案中的关键人物，且没有引入矛盾或额外信息。根据判断标准，允许措辞上的细微差异，只要意思保持一致即可，因此预测答案正确回答了问题。
"When was the sibling of Alice de Lusignan, Countess of Surrey crowned?",When was King Henry III of England crowned?,Henry III was first crowned in 1216 at Gloucester Cathedral and had a second coronation on 17 May 1220 at Westminster Abbey.,1066,False,0.10256410256410256,0.0,预测答案“1066”与标准答案中的关键信息完全不符。标准答案明确指出亨利三世在1216年首次加冕，并于1220年5月17日第二次加冕，而预测答案提供的年份1066年实际上是诺曼征服英格兰的时间，与亨利三世的统治时期相差约150年。这不仅是时间上的重大错误，也表明预测答案未能理解问题所指的具体历史人物和事件，因此无法正确回答问题。,1216 and 1220,True,0.4,0.0,预测答案“1216 and 1220”简洁地包含了标准答案中亨利三世加冕的两个关键年份，即1216年和1220年，这与标准答案中提到的“first crowned in 1216”和“second coronation on 17 May 1220”在语义上完全等价。尽管预测答案省略了具体地点和日期细节，但问题核心是询问加冕时间，预测答案准确提供了这两个年份，符合允许措辞差异且意思一致的标准，因此正确回答了问题。
Which university employed the person that Mach bands are named after?,Which university employed Ernst Mach?,Ernst Mach was employed at Charles University in Prague.,Charles University in Prague,True,0.625,0.0,预测答案“Charles University in Prague”直接提供了标准答案中的核心信息，即Ernst Mach所任职的大学名称和地点。虽然预测答案省略了“Ernst Mach was employed at”这一表述，但问题明确询问“哪所大学雇佣了Ernst Mach”，预测答案以简洁形式准确回应了这一点，语义上与标准答案完全等价，且关键信息无缺失或矛盾。因此，预测答案正确回答了问题。,Charles University in Prague,True,0.625,0.0,预测答案“Charles University in Prague”直接提供了标准答案中的核心信息，即Ernst Mach所任职的大学名称和地点。虽然预测答案省略了“Ernst Mach was employed at”这一表述，但问题明确询问“哪所大学雇佣了Ernst Mach”，预测答案以简洁形式准确回应了这一点，语义上与标准答案完全等价，且关键信息无缺失或矛盾。因此，预测答案正确回答了问题。
Who is the employer of the physicist who Mach number is named after?,Who is the physicist that the Mach number is named after?,The Mach number is named after the Austrian physicist and philosopher Ernst Mach.,Ernst Mach,True,0.2857142857142857,0.0,预测答案“Ernst Mach”直接提供了标准答案中的核心关键信息，即物理学家姓名。虽然标准答案更详细地说明了其国籍和身份（奥地利物理学家和哲学家），但预测答案在语义上与标准答案完全等价，因为问题仅询问“物理学家是谁”，而“Ernst Mach”正是该物理学家，且没有其他同名人物可能造成混淆。根据判断标准，预测答案已包含关键信息，且措辞差异不影响意思一致性，因此正确回答了问题。,Ernst Mach,True,0.2857142857142857,0.0,预测答案“Ernst Mach”直接提供了标准答案中的核心关键信息，即物理学家姓名。虽然标准答案更详细地说明了其国籍和身份（奥地利物理学家和哲学家），但预测答案在语义上与标准答案完全等价，因为问题仅询问“物理学家是谁”，而“Ernst Mach”正是该物理学家，且没有其他同名人物可能造成混淆。根据判断标准，预测答案已包含关键信息，且措辞差异不影响意思一致性，因此正确回答了问题。
Who is the employer of the physicist who Mach number is named after?,Who was Ernst Mach's employer or academic institution during his career?,Ernst Mach was a professor at Charles University in Prague.,"Document: Friedrich Hayek: The document does not provide information about Ernst Mach's employer or academic institution. The provided document is about Friedrich Hayek and does not contain relevant information about Ernst Mach. Therefore, based on the given information, we cannot determine Ernst Mach's employer or academic institution during his career.",False,0.0606060606060606,0.0,预测答案完全没有提供关于恩斯特·马赫雇主或学术机构的信息，而是错误地引用了关于弗里德里希·哈耶克的文档，并直接承认无法回答该问题。这与标准答案中明确指出“恩斯特·马赫是布拉格查理大学的教授”这一关键事实完全不符，预测答案在内容上完全缺失了必要的正确信息，因此未能正确回答问题。,Charles University in Prague,True,0.625,0.0,"预测答案""Charles University in Prague""直接提供了标准答案中的核心信息，即恩斯特·马赫的雇主或学术机构是布拉格的查理大学。虽然预测答案省略了""Ernst Mach was a professor at""这一表述，但问题明确询问的是雇主或机构名称，预测答案精准地给出了这一关键实体，与标准答案在语义上完全等价，且没有引入任何矛盾或额外信息，因此可以判定为正确回答了问题。"
When did a storm disperse the fleet led by the English king who trusted William de Longchamp?,Which English king trusted William de Longchamp?,King Richard I of England,"John, King of England",False,0.6,0.0,"预测答案“John, King of England”与标准答案“King Richard I of England”在关键信息上完全不一致。历史记载中，威廉·德·朗香普（William de Longchamp）是理查一世（狮心王）统治时期的英格兰大法官和重要顾问，深受理查一世信任，而非其弟弟约翰国王。预测答案在语义上不成立，因为它指向了错误的历史人物和时期，无法正确回答关于威廉·德·朗香普受哪位国王信任的问题。",Richard I,True,0.5,0.0,预测答案“Richard I”与标准答案“King Richard I of England”在语义上完全等价，都指向同一位历史人物。虽然预测答案省略了“King”和“of England”这些修饰词，但“Richard I”在英语历史语境中通常特指英格兰国王理查一世，其关键身份信息已明确涵盖。这种措辞差异不影响答案的准确性，且核心内容与标准答案一致，因此正确回答了问题。
When did a storm disperse the fleet led by the English king who trusted William de Longchamp?,What specific naval expedition or fleet did King Richard I lead that was dispersed by a storm?,"King Richard I led a large fleet from Messina to Acre in April 1191, which was dispersed by a storm.","Richard I's fleet in April 1191, which he left Messina with in order to reach Acre.",True,0.6363636363636365,0.0,明确指出是理查一世在1191年4月率领的舰队，从墨西拿出发前往阿卡，且该舰队在风暴中分散。虽然预测答案未明确提及“被风暴驱散”这一细节，但通过上下文“which he left Messina with in order to reach Acre”暗示了航程中的事件，与标准答案的语义基本一致，符合允许措辞差异但意思保持相同的评估标准。,Richard the Lion-hearted's fleet to reach Acre,True,0.25806451612903225,0.0,预测答案“Richard the Lion-hearted's fleet to reach Acre”与标准答案在语义上完全等价，因为“Richard the Lion-hearted”是国王理查一世的别称，而“fleet to reach Acre”准确描述了从墨西拿前往阿卡的海军远征，且标准答案中明确指出舰队在风暴中分散，预测答案虽未直接提及风暴，但通过上下文可推断其指代同一事件，关键信息一致且无矛盾。
The Unwinding author volunteered for which organisation?,Who is the author of The Unwinding?,George Packer,George Packer,True,1.0,1.0,预测答案“George Packer”与标准答案完全一致，不仅包含了关键信息，而且在语义上完全等价，没有任何措辞差异。这直接准确地回答了问题“Who is the author of The Unwinding?”，表明预测答案正确识别了该书的作者身份，符合所有判断标准，无需进一步解释或修正。,George Packer,True,1.0,1.0,预测答案“George Packer”与标准答案完全一致，不仅包含了关键信息，而且在语义上完全等价，没有任何措辞差异。这直接准确地回答了问题“Who is the author of The Unwinding?”，表明预测答案正确识别了该书的作者身份，符合所有判断标准，无需进一步解释或修正。
The Unwinding author volunteered for which organisation?,Which organization did George Packer volunteer for?,Peace Corps,Peace Corps,True,1.0,1.0,预测答案“Peace Corps”与标准答案完全一致，不仅包含了关键信息，而且在语义上完全等价。该答案直接、准确地指出了乔治·帕克曾志愿服务的组织名称，没有任何措辞差异或信息缺失，完全符合问题要求。因此，预测答案正确地回答了问题，无需任何修改或补充。,Peace Corps,True,1.0,1.0,预测答案“Peace Corps”与标准答案完全一致，不仅包含了关键信息，而且在语义上完全等价。该答案直接、准确地指出了乔治·帕克曾志愿服务的组织名称，没有任何措辞差异或信息缺失，完全符合问题要求。因此，预测答案正确地回答了问题，无需任何修改或补充。
Who is the lead singer of the band performing Bang Bang Rock & Roll?,Which band performed the song 'Bang Bang Rock & Roll'?,The song 'Bang Bang Rock & Roll' was performed by the British rock band Art Brut.,Art Brut,True,0.15384615384615385,0.0,预测答案“Art Brut”直接提供了标准答案中的核心信息，即演唱歌曲“Bang Bang Rock & Roll”的乐队名称。虽然预测答案省略了标准答案中关于乐队国籍和风格的描述（如“British rock band”），但问题仅询问“哪个乐队演唱了这首歌”，因此乐队名称本身已足够准确回答。预测答案与标准答案在语义上完全等价，且措辞差异不影响关键信息的正确性，符合判断标准。,Art Brut,True,0.15384615384615385,0.0,预测答案“Art Brut”直接提供了标准答案中的核心信息，即演唱歌曲“Bang Bang Rock & Roll”的乐队名称。虽然预测答案省略了标准答案中关于乐队国籍和风格的描述（如“British rock band”），但问题仅询问“哪个乐队演唱了这首歌”，因此乐队名称本身已足够准确回答。预测答案与标准答案在语义上完全等价，且措辞差异不影响关键信息的正确性，符合判断标准。
Who is the lead singer of the band performing Bang Bang Rock & Roll?,Who is the lead singer of the band Art Brut?,Eddie Argos,Eddie Argos,True,1.0,1.0,预测答案“Eddie Argos”与标准答案完全一致，不仅包含了关键信息，而且在语义上完全等价，没有任何措辞差异。这直接准确地回答了关于Art Brut乐队主唱身份的问题，符合所有判断标准，因此是正确的。,Eddie Argos,True,1.0,1.0,预测答案“Eddie Argos”与标准答案完全一致，不仅包含了关键信息，而且在语义上完全等价，没有任何措辞差异。这直接准确地回答了关于Art Brut乐队主唱身份的问题，符合所有判断标准，因此是正确的。
What company did the company that initiated a successful price war among PC manufacturers in 1994 merge with in 2002?,Which company initiated a successful price war among PC manufacturers in 1994?,Compaq initiated a successful price war among PC manufacturers in 1994.,Compaq,True,0.13333333333333333,0.0,"预测答案""Compaq""直接提供了标准答案中的核心实体，即发起价格战的公司名称。虽然预测答案比标准答案更简洁，但它在语义上完全等价，因为标准答案的关键信息就是""Compaq""这一主体。预测答案准确抓住了问题的核心——询问哪家公司，因此正确回答了问题，符合所有判断标准。",Compaq,True,0.13333333333333333,0.0,"预测答案""Compaq""直接提供了标准答案中的核心实体，即发起价格战的公司名称。虽然预测答案比标准答案更简洁，但它在语义上完全等价，因为标准答案的关键信息就是""Compaq""这一主体。预测答案准确抓住了问题的核心——询问哪家公司，因此正确回答了问题，符合所有判断标准。"
What company did the company that initiated a successful price war among PC manufacturers in 1994 merge with in 2002?,Which company did Compaq merge with in 2002?,Hewlett Packard,Hewlett-Packard,True,0.4444444444444445,0.0,"预测答案""Hewlett-Packard""与标准答案""Hewlett Packard""在语义上完全等价，两者均指代同一家科技公司（HP）。尽管存在连字符的细微拼写差异，但这属于常见的公司名称变体，不影响核心信息的准确性。预测答案明确包含了关键信息""惠普公司""，正确反映了2002年康柏与惠普合并的历史事实，符合语义一致性和信息完整性的要求。",Hewlett Packard,True,1.0,1.0,预测答案“Hewlett Packard”与标准答案完全一致，不仅包含了关键信息，而且在语义上完全等价，没有任何措辞差异。这直接准确地回答了关于康柏公司在2002年合并对象的问题，符合所有判断标准，包括信息完整性和语义一致性。
What year was the father of Katherine of England crowned?,Who is Katherine of England?,"Katherine of England was the fifth child of King Henry III and Eleanor of Provence. She was born on 25 November 1253, was either deaf-mute or deaf and mentally challenged, was very sickly, possibly had a degenerative disease, and died at Windsor on 3 May 1257 before reaching her fourth year.","Katherine of England was the fifth child of Henry III and his wife, Eleanor of Provence. She was born either a deaf-mute or just deaf and mentally challenged and was very sickly. She possibly had a degenerative disease, did not survive her fourth year and died at Windsor.",True,0.7438016528925621,0.0,凯瑟琳是亨利三世和普罗旺斯的埃莉诺的第五个孩子，天生聋哑或仅耳聋且智力障碍，体弱多病，可能患有退行性疾病，未满四岁便在温莎去世。尽管措辞略有调整（如“did not survive her fourth year”替代“died before reaching her fourth year”），但语义完全等价，核心事实（出生背景、健康状况、早夭）均保持一致，无信息遗漏或矛盾。,"Katherine of England was the fifth child of Henry III and his wife, Eleanor of Provence. She was born either a deaf-mute or just deaf and mentally challenged and was very sickly. She possibly had a degenerative disease, did not survive her fourth year and died at Windsor.",True,0.7438016528925621,0.0,凯瑟琳是亨利三世和普罗旺斯的埃莉诺的第五个孩子，天生聋哑或仅耳聋且智力障碍，体弱多病，可能患有退行性疾病，未满四岁便在温莎去世。尽管措辞略有调整（如“did not survive her fourth year”替代“died before reaching her fourth year”），但语义完全等价，核心事实（出生背景、健康状况、早夭）均保持一致，无信息遗漏或矛盾。
What year was the father of Katherine of England crowned?,What year was King Henry III of England crowned?,Henry III was first crowned in 1216 and had a second coronation in 1220.,1216,True,0.24000000000000002,0.0,"预测答案""1216""直接对应了标准答案中""first crowned in 1216""这一关键信息。虽然标准答案还提及了第二次加冕的1220年，但问题询问的是""King Henry III of England crowned""（英格兰国王亨利三世加冕的年份），预测答案准确提供了首次加冕的核心年份，在语义上与标准答案的部分关键信息完全等价，且未包含与标准答案相矛盾的内容。因此，预测答案正确回答了问题的主要部分。",1216 and 1220,True,0.5806451612903226,0.0,预测答案“1216 and 1220”完全包含了标准答案中的关键信息，即亨利三世在1216年首次加冕，并在1220年进行了第二次加冕。尽管预测答案以简洁的数字形式呈现，省略了具体描述，但其语义与标准答案完全等价，准确回答了问题所询问的加冕年份。这种措辞差异不影响核心信息的传递，因此预测答案正确。
Who is the sibling of the actress that played the little girl in Miracle on 34th street 1947?,Who played the little girl in the 1947 film Miracle on 34th Street?,"Natalie Wood played the little girl, Susan Walker, in the 1947 film Miracle on 34th Street.",Maureen O'Hara,False,0,0.0,预测答案“Maureen O'Hara”与标准答案“Natalie Wood”在关键信息上完全不一致。Maureen O'Hara在电影《34街的奇迹》中饰演的是成年女性角色（母亲），而非标准答案中指定的“小女孩”Susan Walker。预测答案未能包含或等价于标准答案的核心语义，即扮演小女孩的演员身份，因此无法正确回答问题。,Natalie Wood,True,0.16666666666666669,0.0,预测答案“Natalie Wood”完全包含了标准答案中的核心关键信息，即演员的名字。虽然预测答案省略了角色名“Susan Walker”和电影细节，但问题明确询问的是“谁扮演了小女孩”，因此直接提供演员姓名已足够准确回答。在语义上，预测答案与标准答案的关键部分完全等价，且措辞差异不影响意思的一致性，符合判断标准。
Who is the sibling of the actress that played the little girl in Miracle on 34th street 1947?,Who is the sibling of actress Natalie Wood?,Lana Wood is the sibling of actress Natalie Wood.,Maureen O'Hara,False,0,0.0,预测答案“Maureen O'Hara”与标准答案“Lana Wood”在关键信息上完全不一致，两者并非同一个人。Natalie Wood的姐妹是Lana Wood，而Maureen O'Hara是另一位爱尔兰裔美国女演员，与Natalie Wood没有亲属关系。预测答案未能提供正确的兄弟姐妹信息，语义上也不等价，因此无法正确回答问题。,Lana Wood,True,0.33333333333333337,0.0,预测答案“Lana Wood”直接提供了标准答案中的核心信息，即娜塔莉·伍德的姐妹姓名。虽然预测答案省略了标准答案中“is the sibling of actress Natalie Wood”这一完整表述，但它在语义上完全等价，因为“Lana Wood”这一专有名词已明确指向目标人物，且措辞差异不影响关键信息的准确性。根据判断标准，预测答案简洁地包含了标准答案的关键要素，无需额外修饰即可正确回答问题。
What is the capital of the county that Pine Springs is located in?,In which county is Pine Springs located?,"Culberson County, Texas",Culberson County,True,0.8571428571428571,0.0,"预测答案“Culberson County”完整包含了标准答案“Culberson County, Texas”中的核心关键信息——县名“Culberson County”。虽然省略了州名“Texas”，但问题仅询问“位于哪个县”，预测答案直接且准确地提供了县级行政区划名称，在语义上与标准答案的县级部分完全等价，且未引入错误或歧义，符合允许措辞细微差异的判断标准。",Culberson County,True,0.8571428571428571,0.0,"预测答案“Culberson County”完整包含了标准答案“Culberson County, Texas”中的核心关键信息——县名“Culberson County”。虽然省略了州名“Texas”，但问题仅询问“位于哪个县”，预测答案直接且准确地提供了县级行政区划名称，在语义上与标准答案的县级部分完全等价，且未引入错误或歧义，符合允许措辞细微差异的判断标准。"
What is the capital of the county that Pine Springs is located in?,"What is the county seat of Culberson County, Texas?",Van Horn,Pine Springs,False,0,0.0,预测答案“Pine Springs”与标准答案“Van Horn”在语义上完全不匹配，两者指的是不同的地点。Culberson County的县治确实是Van Horn，而Pine Springs只是该县内的一个社区，并非行政中心。预测答案未能包含标准答案的关键信息，也不存在语义等价或措辞上的细微差异，因此无法正确回答问题。,Pine Springs,False,0,0.0,预测答案“Pine Springs”与标准答案“Van Horn”在语义上完全不匹配，两者指的是不同的地点。Culberson County的县治确实是Van Horn，而Pine Springs只是该县内的一个社区，并非行政中心。预测答案未能包含标准答案的关键信息，也不存在语义等价或措辞上的细微差异，因此无法正确回答问题。
"In 2002, what company merged with the top PC manufacturer from 1994?",Who was the top PC manufacturer in 1994?,Compaq was the top PC manufacturer in 1994.,Compaq,True,0.16666666666666669,0.0,预测答案“Compaq”直接提供了标准答案中的核心实体，即1994年顶级PC制造商的具体名称。虽然预测答案省略了标准答案中的完整陈述句式，但它在语义上完全等价，因为“Compaq”这一关键信息已足以准确回答问题。根据评估标准，允许措辞上的细微差异，只要意思保持一致即可，因此预测答案正确且简洁地回应了问题。,Compaq,True,0.16666666666666669,0.0,预测答案“Compaq”直接提供了标准答案中的核心实体，即1994年顶级PC制造商的具体名称。虽然预测答案省略了标准答案中的完整陈述句式，但它在语义上完全等价，因为“Compaq”这一关键信息已足以准确回答问题。根据评估标准，允许措辞上的细微差异，只要意思保持一致即可，因此预测答案正确且简洁地回应了问题。
"In 2002, what company merged with the top PC manufacturer from 1994?",What company did Compaq merge with in 2002?,Compaq merged with Hewlett Packard (HP) in 2002.,Hewlett-Packard,True,0.2,0.0,预测答案“Hewlett-Packard”直接提供了标准答案中的核心信息，即康柏公司在2002年合并的对象是惠普公司。尽管预测答案省略了“Compaq merged with”和年份等上下文，但问题明确询问的是“与哪家公司合并”，因此仅回答公司名称已足够。语义上，“Hewlett-Packard”与标准答案中的“Hewlett Packard (HP)”完全等价，仅存在连字符和缩写等细微格式差异，不影响关键信息的准确性。这符合评估标准中允许措辞差异的要求。,Hewlett Packard,True,0.4210526315789474,0.0,预测答案“Hewlett Packard”直接提供了标准答案中的核心信息，即康柏公司在2002年合并的对象是惠普公司。虽然预测答案省略了“Compaq merged with”和年份等背景描述，但问题明确询问的是“什么公司”，因此仅回答公司名称已完整覆盖关键信息，语义上与标准答案完全等价，符合允许措辞差异的判断标准。
"In the King's Speech, who played the person who was the King of England in 1950?",Who was the King of England in 1950?,George VI was the King of the United Kingdom in 1950.,George VI,True,0.2666666666666667,0.0,预测答案“George VI”完全包含了标准答案“George VI was the King of the United Kingdom in 1950”中的核心关键信息，即乔治六世在1950年是英国国王。尽管预测答案在措辞上更简洁，省略了“was the King of the United Kingdom in 1950”这一描述，但它在语义上与标准答案完全等价，因为问题直接询问“1950年英格兰国王是谁”，而乔治六世正是这一时期的君主。这种简洁回答并未改变事实本质，因此符合判断标准，应视为正确。,George VI,True,0.2666666666666667,0.0,预测答案“George VI”完全包含了标准答案“George VI was the King of the United Kingdom in 1950”中的核心关键信息，即乔治六世在1950年是英国国王。尽管预测答案在措辞上更简洁，省略了“was the King of the United Kingdom in 1950”这一描述，但它在语义上与标准答案完全等价，因为问题直接询问“1950年英格兰国王是谁”，而乔治六世正是这一时期的君主。这种简洁回答并未改变事实本质，因此符合判断标准，应视为正确。
"In the King's Speech, who played the person who was the King of England in 1950?",Which actor played King George VI in the film 'The King's Speech'?,Colin Firth,Colin Firth,True,1.0,1.0,预测答案“Colin Firth”完全符合标准答案，不仅包含了关键信息，而且在语义上与标准答案完全等价，没有任何措辞差异。该答案准确指出了在电影《国王的演讲》中饰演乔治六世国王的演员，直接回应了问题核心，信息准确无误，因此正确回答了问题。,Colin Firth,True,1.0,1.0,预测答案“Colin Firth”完全符合标准答案，不仅包含了关键信息，而且在语义上与标准答案完全等价，没有任何措辞差异。该答案准确指出了在电影《国王的演讲》中饰演乔治六世国王的演员，直接回应了问题核心，信息准确无误，因此正确回答了问题。
Whose sister played Susie in miracle on 34th street?,Who played Susie in Miracle on 34th Street?,Natalie Wood played Susan Walker in Miracle on 34th Street.,Natalie Wood,True,0.25,0.0,预测答案“Natalie Wood”直接提供了标准答案中的核心信息，即演员的名字。虽然预测答案省略了角色全名“Susan Walker”和电影名称“Miracle on 34th Street”，但问题明确询问的是“谁扮演了Susie”，而“Susie”是角色“Susan Walker”的简称，因此预测答案在语义上与标准答案等价，准确回答了问题。允许措辞差异下，关键信息一致，无需额外细节即可满足查询意图。,Natalie Wood,True,0.25,0.0,预测答案“Natalie Wood”直接提供了标准答案中的核心信息，即演员的名字。虽然预测答案省略了角色全名“Susan Walker”和电影名称“Miracle on 34th Street”，但问题明确询问的是“谁扮演了Susie”，而“Susie”是角色“Susan Walker”的简称，因此预测答案在语义上与标准答案等价，准确回答了问题。允许措辞差异下，关键信息一致，无需额外细节即可满足查询意图。
Whose sister played Susie in miracle on 34th street?,Who is Natalie Wood's brother?,Natalie Wood's sister is Lana Wood. The documents do not mention a brother.,"Natalie Wood's brother is Lana Wood, who had an early screen appearance in the film ""Five Finger Exercise"".",False,0.4827586206896552,0.0,预测答案存在事实性错误，将娜塔莉·伍德的妹妹拉娜·伍德错误地称为她的兄弟，这与标准答案中明确指出的“文档未提及兄弟”以及“妹妹是拉娜·伍德”的关键信息完全矛盾。尽管预测答案补充了拉娜·伍德的电影细节，但核心关系表述错误，导致语义上无法与标准答案等价，违反了判断标准中的关键信息一致性和语义等价性要求。,"Lana Wood, the sister of Natalie Wood.",True,0.4,0.0,"预测答案虽然直接回答了“Lana Wood, the sister of Natalie Wood”，但问题询问的是“brother”（兄弟），而标准答案明确指出文档未提及兄弟，并补充了姐妹信息。预测答案通过提供姐妹的姓名，间接且准确地传达了“没有兄弟”这一核心信息，语义上与标准答案等价，即纠正了问题的前提并给出了相关事实，符合允许措辞差异但意思一致的标准。"
What team was Anna Benson's husband on?,Who is Anna Benson's husband?,"Kris Benson, a former Major League Baseball pitcher.",Kris Benson,True,0.5454545454545454,0.0,"预测答案""Kris Benson""完全包含了标准答案中的核心关键信息，即Anna Benson的丈夫姓名。虽然预测答案省略了""a former Major League Baseball pitcher""这一背景描述，但该部分属于补充信息而非回答问题的必要成分。在语义上，预测答案与标准答案的主体部分完全等价，都准确指出了人物身份，且这种简洁表述在常见问答场景中是可接受的。因此，预测答案正确回答了问题。",Kris Benson,True,0.5454545454545454,0.0,"预测答案""Kris Benson""完全包含了标准答案中的核心关键信息，即Anna Benson的丈夫姓名。虽然预测答案省略了""a former Major League Baseball pitcher""这一背景描述，但该部分属于补充信息而非回答问题的必要成分。在语义上，预测答案与标准答案的主体部分完全等价，都准确指出了人物身份，且这种简洁表述在常见问答场景中是可接受的。因此，预测答案正确回答了问题。"
What team was Anna Benson's husband on?,What team did Kris Benson play for in Major League Baseball?,"Kris Benson played for the Pittsburgh Pirates, New York Mets, and Baltimore Orioles.","Pittsburgh Pirates, the New York Mets, and the Baltimore Orioles",True,0.8125000000000001,0.0,预测答案完整列出了Kris Benson在职业棒球大联盟效力过的所有球队，即匹兹堡海盗队、纽约大都会队和巴尔的摩金莺队，与标准答案的关键信息完全一致。尽管在措辞上存在细微差异（如使用了定冠词“the”），但球队名称和数量均准确无误，语义上与标准答案等价，因此正确回答了问题。,"Pittsburgh Pirates, New York Mets, and the Baltimore Orioles",True,0.8125000000000001,0.0,"匹兹堡海盗队、纽约大都会队和巴尔的摩金莺队，与标准答案的关键信息完全一致。尽管在措辞上存在细微差异（如使用了""the""和标点符号的不同），但球队名称和顺序均正确，语义上与标准答案等价，准确回答了问题。"
What is the record label for the singer who originally sang You Belong To Me.,Who originally sang the song You Belong To Me?,Joni James,Joni James,True,1.0,1.0,预测答案“Joni James”与标准答案完全一致，不仅包含了关键信息，而且在语义上完全等价，没有任何措辞差异。该歌曲最初由美国歌手Joni James于1952年录制并发行，预测答案准确指出了原唱者，因此正确回答了问题。这符合所有判断标准，包括信息完整性和语义一致性。,Joni James,True,1.0,1.0,预测答案“Joni James”与标准答案完全一致，不仅包含了关键信息，而且在语义上完全等价，没有任何措辞差异。该歌曲最初由美国歌手Joni James于1952年录制并发行，预测答案准确指出了原唱者，因此正确回答了问题。这符合所有判断标准，包括信息完整性和语义一致性。
What is the record label for the singer who originally sang You Belong To Me.,What record label was Joni James signed to when she released 'You Belong To Me' in 1952?,MGM Records,M-G-M Records,True,1.0,1.0,预测答案“M-G-M Records”与标准答案“MGM Records”在语义上完全等价，因为“M-G-M”是“Metro-Goldwyn-Mayer”的缩写形式，与“MGM”指代同一家唱片公司。在音乐产业和历史语境中，这两种写法常被互换使用，都明确指向同一实体。预测答案准确包含了标准答案的关键信息，即Joni James当时所属的唱片公司，且措辞差异属于可接受的细微变化，不影响答案的正确性。,Sharp Records,False,0.6666666666666666,0.0,预测答案“Sharp Records”与标准答案“MGM Records”在关键信息上完全不一致，两者代表不同的唱片公司，没有任何语义上的等价性。Joni James在1952年发行“You Belong To Me”时确实签约于MGM Records，而Sharp Records并非相关历史记录，因此预测答案未能正确回答问题，属于事实性错误。
When did the crowning of the person under whom the Chapter House was built happen?,Who was the person under whom the Chapter House was built?,Henry III,Henry III,True,1.0,1.0,预测答案“Henry III”与标准答案完全一致，不仅包含了关键信息，而且在语义上完全等价。该答案直接准确地指出了建造Chapter House的人物是亨利三世，没有任何措辞差异或信息缺失，完全符合问题所要求的核心事实。因此，预测答案正确回答了问题，无需进一步解释或补充。,Henry III,True,1.0,1.0,预测答案“Henry III”与标准答案完全一致，不仅包含了关键信息，而且在语义上完全等价。该答案直接准确地指出了建造Chapter House的人物是亨利三世，没有任何措辞差异或信息缺失，完全符合问题所要求的核心事实。因此，预测答案正确回答了问题，无需进一步解释或补充。
When did the crowning of the person under whom the Chapter House was built happen?,When was Henry III crowned?,"Henry III was first crowned in 1216 at Gloucester Cathedral, and then again at Westminster Abbey in 1220.",1216 and 1220,True,0.4615384615384615,0.0,预测答案“1216 and 1220”简洁地包含了标准答案中的关键信息，即亨利三世加冕的两个年份。虽然预测答案省略了具体地点（格洛斯特大教堂和威斯敏斯特教堂）以及“首次”等细节，但问题核心是询问加冕时间，预测答案在语义上与标准答案等价，准确提供了两个关键年份，符合允许措辞差异的判断标准。因此，预测答案正确回答了问题。,1216 and 1220,True,0.4615384615384615,0.0,预测答案“1216 and 1220”简洁地包含了标准答案中的关键信息，即亨利三世加冕的两个年份。虽然预测答案省略了具体地点（格洛斯特大教堂和威斯敏斯特教堂）以及“首次”等细节，但问题核心是询问加冕时间，预测答案在语义上与标准答案等价，准确提供了两个关键年份，符合允许措辞差异的判断标准。因此，预测答案正确回答了问题。
What record label does the artist who sang you belong to me belong to?,Who sang the song 'You Belong to Me'?,Joni James sang the song 'You Belong to Me'.,"Joni James initially sang the song 'You Belong to Me', with her version released in March 1952 on the local Sharp Records label.",True,0.48484848484848486,0.0,预测答案明确包含了标准答案的核心信息“Joni James sang the song 'You Belong to Me'”，并在此基础上补充了更多细节（如发行时间、唱片公司）。尽管措辞略有扩展，但关键主体和动作与标准答案完全一致，语义上完全等价，没有偏离问题的主旨。因此，预测答案正确回答了问题。,Joni James,True,0.4,0.0,预测答案“Joni James”直接提供了标准答案中的核心信息，即演唱者姓名，与标准答案“Joni James sang the song 'You Belong to Me'”在语义上完全等价。虽然预测答案省略了歌曲名称和动词“sang”，但问题明确询问“谁演唱了歌曲‘You Belong to Me’”，因此仅回答演唱者姓名已足够准确，符合判断标准中的关键信息包含和语义等价要求，且无歧义或错误。
What record label does the artist who sang you belong to me belong to?,What record label is Joni James signed to?,Joni James was signed to MGM Records.,M-G-M Records,True,0.4,0.0,预测答案“M-G-M Records”与标准答案“MGM Records”在语义上完全等价，两者均指代同一家唱片公司，仅存在拼写格式上的细微差异（连字符的使用）。预测答案准确包含了标准答案的关键信息，即Joni James签约的唱片公司名称，且意思保持一致，符合允许措辞差异的判断标准。因此，预测答案正确回答了问题。,M-G-M Records,True,0.4,0.0,预测答案“M-G-M Records”与标准答案“MGM Records”在语义上完全等价，两者均指代同一家唱片公司，仅存在拼写格式上的细微差异（连字符的使用）。预测答案准确包含了标准答案的关键信息，即Joni James签约的唱片公司名称，且意思保持一致，符合允许措辞差异的判断标准。因此，预测答案正确回答了问题。
What place does the administrative territorial entity that Juba is located in share a border with?,What is the administrative territorial entity that contains Juba?,Central Equatoria,Central Equatoria state,True,0.8,0.0,预测答案“Central Equatoria state”完全包含了标准答案“Central Equatoria”的关键信息，两者在语义上完全等价，都指代朱巴所在的行政区域。虽然预测答案添加了“state”一词，但这仅是对该行政实体类型的补充说明，并未改变其核心指代对象，且这种措辞差异在常见的地理表述中是允许的，不会引起歧义或误解。因此，预测答案正确回答了问题。,Central Equatoria,True,1.0,1.0,预测答案“Central Equatoria”与标准答案完全一致，直接提供了包含朱巴（Juba）的行政区域实体名称。该答案在关键信息、语义和措辞上均与标准答案等价，没有任何偏差或额外信息，准确回答了问题所指的行政区域。因此，预测答案正确反映了标准答案的内容，符合所有判断标准。
What place does the administrative territorial entity that Juba is located in share a border with?,What places share a border with Central Equatoria?,Eastern Equatoria shares a border with Central Equatoria.,"Jimma Arjo, Enemorina Eaner, Sodo, Geta, Hadiya Zone, Illubabor Zone, Diga Leka, Nunu Kumba, Central Equatoria states, Oromia Region, Silt'e Zone, Gedeb Asasa, Shabelle River, Didessa River share a border with Central Equatoria.",False,0.2121212121212121,0.0,预测答案中列举了大量埃塞俄比亚的地名和区域（如Jimma Arjo、Oromia Region等），这些与中赤道州（位于南苏丹）的地理位置完全不符，属于明显错误信息。标准答案明确指出东赤道州与中赤道州接壤，这是南苏丹内部的行政区划关系。预测答案不仅未包含这一关键信息，还引入了无关甚至错误的地理实体，导致语义上与标准答案完全不等价，无法正确回答问题。,"Badigeru Swamp, Terekeka, Lafon, and Gera woreda share a border with Central Equatoria.",False,0.33333333333333326,0.0,预测答案列举了Badigeru Swamp、Terekeka、Lafon和Gera woreda等具体地点，但这些名称并非南苏丹的官方行政区划，且与标准答案中的“Eastern Equatoria”在语义上不等价。标准答案明确指出与Central Equatoria接壤的是Eastern Equatoria这一州级区域，而预测答案中的地点可能属于局部小范围地点或存在表述错误，未能涵盖关键边界信息，因此无法正确回答问题。
Who played the monarch at the end of WW2 in The King's Speech?,Who played King George VI in The King's Speech?,Colin Firth,Colin Firth,True,1.0,1.0,预测答案“Colin Firth”与标准答案完全一致，准确无误地指出了在电影《国王的演讲》中饰演乔治六世国王的演员。该答案不仅包含了标准答案的所有关键信息，而且在语义上完全等价，没有任何措辞差异或额外补充，直接且明确地回答了问题，符合所有给定的判断标准。,Colin Firth,True,1.0,1.0,预测答案“Colin Firth”与标准答案完全一致，准确无误地指出了在电影《国王的演讲》中饰演乔治六世国王的演员。该答案不仅包含了标准答案的所有关键信息，而且在语义上完全等价，没有任何措辞差异或额外补充，直接且明确地回答了问题，符合所有给定的判断标准。
Who is the spouse of a cast member from King of the Mountain?,Who are the cast members of King of the Mountain?,The cast includes Harry Hamlin as Steve and Deborah Van Valkenburgh as Tina.,"Harry Hamlin, Deborah Van Valkenburgh",True,0.6206896551724138,0.0,预测答案虽然省略了角色信息，但完整列出了标准答案中提到的两位演员姓名——Harry Hamlin 和 Deborah Van Valkenburgh，这完全覆盖了标准答案的核心人物信息。在语义上，演员名单的列举与标准答案中“cast includes”的表述本质一致，且未引入错误或遗漏关键人物。尽管预测答案未提及角色名，但问题仅要求提供演员阵容成员，因此答案在关键信息上完全等价，符合允许措辞差异的判断标准。,"Harry Hamlin, Deborah Van Valkenburgh",True,0.6206896551724138,0.0,预测答案虽然省略了角色信息，但完整列出了标准答案中提到的两位演员姓名——Harry Hamlin 和 Deborah Van Valkenburgh，这完全覆盖了标准答案的核心人物信息。在语义上，演员名单的列举与标准答案中“cast includes”的表述本质一致，且未引入错误或遗漏关键人物。尽管预测答案未提及角色名，但问题仅要求提供演员阵容成员，因此答案在关键信息上完全等价，符合允许措辞差异的判断标准。
Who is the spouse of a cast member from King of the Mountain?,Who is Harry Hamlin's spouse?,Lisa Rinna,Lisa Rinna,True,1.0,1.0,预测答案“Lisa Rinna”与标准答案完全一致，不仅包含了关键信息，而且在语义上完全等价。该答案直接准确地回答了关于Harry Hamlin配偶身份的问题，没有任何措辞差异或信息缺失，完全符合判断标准中的各项要求。,Lisa Rinna,True,1.0,1.0,预测答案“Lisa Rinna”与标准答案完全一致，不仅包含了关键信息，而且在语义上完全等价。该答案直接准确地回答了关于Harry Hamlin配偶身份的问题，没有任何措辞差异或信息缺失，完全符合判断标准中的各项要求。
Who played king whose regal Name did Albert Adopt in the king's speech?,What was the regnal name adopted by King George VI?,Albert assumed the regnal name 'George VI'.,George VI,True,0.4,0.0,"预测答案""George VI""直接提供了问题所询问的国王采用的尊号，这与标准答案中""Albert assumed the regnal name 'George VI'""的核心信息完全一致。虽然预测答案省略了国王原名""Albert""和动词""assumed""等细节，但它准确抓住了问题的关键——即尊号本身。在语义上，两者都表明乔治六世是采用的尊号，且允许措辞差异下意思保持完全等价，因此预测答案正确回答了问题。",George VI,True,0.4,0.0,"预测答案""George VI""直接提供了问题所询问的国王采用的尊号，这与标准答案中""Albert assumed the regnal name 'George VI'""的核心信息完全一致。虽然预测答案省略了国王原名""Albert""和动词""assumed""等细节，但它准确抓住了问题的关键——即尊号本身。在语义上，两者都表明乔治六世是采用的尊号，且允许措辞差异下意思保持完全等价，因此预测答案正确回答了问题。"
Who played king whose regal Name did Albert Adopt in the king's speech?,Who played King George VI in the film 'The King's Speech'?,Colin Firth,"Document: George VI (Albert Frederick Arthur George; 14 December 1895 – 6 February 1952) was King of the United Kingdom and the Dominions of the British Commonwealth from 11 December 1936 until his death. The document about Paul Bettany does not mention him playing King George VI. The document about Andy Serkis does not mention him playing King George VI either. However, the document about 'The King's Speech' states that Colin Firth plays the future King George VI in the film. Therefore, Colin Firth played King George VI in the film 'The King's Speech'.",True,0.04878048780487806,0.0,预测答案明确指出在电影《国王的演讲》中，科林·费尔斯（Colin Firth）饰演了未来的国王乔治六世，这与标准答案“Colin Firth”完全一致。尽管预测答案以文档分析的形式呈现，并包含额外背景信息，但其核心结论与标准答案在语义上等价，关键信息准确无误，符合判断标准中的语义一致性和措辞差异允许原则。,Colin Firth,True,1.0,1.0,预测答案“Colin Firth”与标准答案完全一致，准确无误地指出了在电影《国王的演讲》中饰演国王乔治六世的演员。该答案不仅包含了标准答案的关键信息，而且在语义上完全等价，没有任何措辞差异或额外信息，直接且明确地回答了问题，符合所有判断标准。
What administrative territorial entity contains the place where KPRM is licensed to broadcast to?,Where is KPRM licensed to broadcast?,"Park Rapids, Minnesota","870 AM, Park Rapids, Minnesota",True,0.6666666666666666,0.0,"预测答案“870 AM, Park Rapids, Minnesota”不仅完全包含了标准答案“Park Rapids, Minnesota”的关键地理信息，还在语义上与其等价，因为广播电台的许可地点是核心内容，而“870 AM”仅作为额外补充细节，并未改变或偏离标准答案的本质。根据判断标准，允许措辞上的细微差异，只要意思保持一致即可，因此预测答案正确回答了问题。","Park Rapids, Minnesota",True,1.0,1.0,"预测答案“Park Rapids, Minnesota”与标准答案完全一致，不仅包含了关键信息“Park Rapids, Minnesota”，而且在语义上完全等价，没有任何信息缺失或歧义。两者都明确指出KPRM的广播许可地点是明尼苏达州的帕克拉皮兹市，措辞上也无任何差异，因此预测答案正确回答了问题。"
What year did the author of Prince Prigio die?,Who is the author of Prince Prigio?,The author of Prince Prigio is Andrew Lang.,Andrew Lang,True,0.3636363636363636,0.0,预测答案“Andrew Lang”完全包含了标准答案“The author of Prince Prigio is Andrew Lang”中的关键信息，即作者姓名。两者在语义上完全等价，预测答案虽然省略了问题中的书名和描述性语句，但直接提供了核心答案，符合允许措辞差异的要求，意思保持一致，因此正确回答了问题。,Andrew Lang,True,0.3636363636363636,0.0,预测答案“Andrew Lang”完全包含了标准答案“The author of Prince Prigio is Andrew Lang”中的关键信息，即作者姓名。两者在语义上完全等价，预测答案虽然省略了问题中的书名和描述性语句，但直接提供了核心答案，符合允许措辞差异的要求，意思保持一致，因此正确回答了问题。
What year did the author of Prince Prigio die?,What year did Andrew Lang die?,Andrew Lang died in 1912.,1912,True,0.5,0.0,预测答案“1912”直接提供了标准答案“Andrew Lang died in 1912”中的核心信息，即安德鲁·朗去世的年份。尽管预测答案省略了完整句子结构，但它在语义上与标准答案完全等价，关键信息准确无误，符合允许措辞差异的判断标准，因此正确回答了问题。,1912,True,0.5,0.0,预测答案“1912”直接提供了标准答案“Andrew Lang died in 1912”中的核心信息，即安德鲁·朗去世的年份。尽管预测答案省略了完整句子结构，但它在语义上与标准答案完全等价，关键信息准确无误，符合允许措辞差异的判断标准，因此正确回答了问题。
In which county is Mark Dismore's birthplace located?,Where was Mark Dismore born?,"Greenfield, Indiana","Document: Mark Dismore (born October 12, 1956 in Greenfield, Indiana) is a former driver in the Indy Racing League...",True,0.19999999999999998,0.0,"预测答案明确包含了“Greenfield, Indiana”这一关键信息，与标准答案完全一致。尽管预测答案以文档引用的形式呈现，并附加了出生日期和职业背景等额外细节，但这些内容并未改变核心事实的准确性。在语义上，预测答案直接回答了问题“Where was Mark Dismore born?”，与标准答案在意思上完全等价，符合允许措辞细微差异的判断标准。","Greenfield, Indiana",True,1.0,1.0,"预测答案“Greenfield, Indiana”与标准答案完全一致，不仅包含了关键信息“Greenfield, Indiana”这一出生地点，而且在语义上完全等价，没有任何措辞差异或信息缺失。这直接回答了问题中关于Mark Dismore出生地的询问，符合所有判断标准，包括信息完整性和语义一致性，因此可以明确认定为正确回答。"
In which county is Mark Dismore's birthplace located?,"Which county is Greenfield, Indiana located in?","Greenfield, Indiana is located in Hancock County.",Hancock County,True,0.1818181818181818,0.0,"预测答案“Hancock County”直接提供了标准答案中的核心信息，即格林菲尔德所在的县名。虽然预测答案省略了“Greenfield, Indiana is located in”这一背景描述，但其内容与标准答案的关键部分完全一致，在语义上等价，且没有引入任何矛盾或错误信息。这种简洁表达符合日常问答习惯，因此可以判定为正确回答了问题。",Hancock County,True,0.1818181818181818,0.0,"预测答案“Hancock County”直接提供了标准答案中的核心信息，即格林菲尔德所在的县名。虽然预测答案省略了“Greenfield, Indiana is located in”这一背景描述，但其内容与标准答案的关键部分完全一致，在语义上等价，且没有引入任何矛盾或错误信息。这种简洁表达符合日常问答习惯，因此可以判定为正确回答了问题。"
Who was the sibling of Nannina de' Medici?,Who were the parents of Nannina de' Medici?,Nannina de' Medici's parents were Piero di Cosimo de' Medici and Lucrezia Tornabuoni.,Piero de' Medici and Lucrezia Tornabuoni,True,0.6285714285714286,0.0,预测答案“Piero de' Medici and Lucrezia Tornabuoni”与标准答案“Piero di Cosimo de' Medici and Lucrezia Tornabuoni”在语义上完全等价。虽然预测答案省略了“di Cosimo”，但“Piero de' Medici”在历史语境中明确指代皮耶罗·迪·科西莫·德·美第奇，这是其常用简称，不影响关键信息的准确性。父母双方姓名均正确匹配，且无额外错误信息，因此预测答案正确回答了问题。,Piero di Cosimo de' Medici and Lucrezia Tornabuoni,True,0.7368421052631579,0.0,预测答案直接提供了Nannina de' Medici父母的具体姓名，即Piero di Cosimo de' Medici和Lucrezia Tornabuoni，这与标准答案中的关键信息完全一致。尽管预测答案省略了标准答案中的部分描述性措辞（如“Nannina de' Medici's parents were”），但其核心内容在语义上与标准答案等价，且没有添加或遗漏任何关键事实。根据评估标准，允许措辞上的细微差异，只要意思保持一致即可，因此预测答案正确回答了问题。
Who was the sibling of Nannina de' Medici?,"Based on Nannina de' Medici's parents Piero di Cosimo de' Medici and Lucrezia Tornabuoni, who were her siblings?",Nannina de' Medici's siblings were Lorenzo de' Medici and Giuliano de' Medici.,Lorenzo de' Medici,False,0.32000000000000006,0.0,预测答案只列出了兄弟姐妹中的一位（Lorenzo de' Medici），但标准答案明确指出兄弟姐妹包括 Lorenzo de' Medici 和 Giuliano de' Medici 两人。预测答案遗漏了 Giuliano de' Medici 这一关键信息，未能完整覆盖标准答案的全部内容，因此在语义上不等价，无法正确回答问题。,Lorenzo de' Medici,False,0.32000000000000006,0.0,预测答案只列出了兄弟姐妹中的一位（Lorenzo de' Medici），但标准答案明确指出兄弟姐妹包括 Lorenzo de' Medici 和 Giuliano de' Medici 两人。预测答案遗漏了 Giuliano de' Medici 这一关键信息，未能完整覆盖标准答案的全部内容，因此在语义上不等价，无法正确回答问题。
What county is the NRHEG High School located in?,Where is NRHEG High School located?,"NRHEG High School is located in New Richland, Minnesota.","NRHEG High School is located in New Richland, Minnesota.",True,1.0,1.0,预测答案与标准答案完全一致，都明确指出NRHEG High School位于明尼苏达州的New Richland。预测答案不仅包含了标准答案的所有关键信息（学校名称、地点城市和州），而且在语义上完全等价，措辞也完全相同，没有任何可能导致误解的差异。因此，预测答案准确且完整地回答了问题，符合所有判断标准。,"New Richland, Minnesota",True,0.5,0.0,"预测答案“New Richland, Minnesota”完整包含了标准答案中的核心地理位置信息，即城市和州名，与标准答案“NRHEG High School is located in New Richland, Minnesota”在语义上完全等价。尽管预测答案省略了学校名称和部分句式，但问题询问的是学校位置，预测答案直接提供了关键地点，符合判断标准中的语义一致性和信息完整性要求，因此正确回答了问题。"
What county is the NRHEG High School located in?,"Which county is New Richland, Minnesota located in?","New Richland is located in Waseca County, Minnesota.",Waseca County,True,0.42857142857142855,0.0,预测答案“Waseca County”直接提供了标准答案中的核心信息，即新里奇兰所在的县名。虽然预测答案省略了“New Richland is located in”和“Minnesota”等背景描述，但问题明确询问的是县名，预测答案在语义上与标准答案的关键部分完全等价，且措辞简洁准确，符合判断标准中允许细微差异的要求。因此，预测答案正确回答了问题。,Waseca County,True,0.42857142857142855,0.0,预测答案“Waseca County”直接提供了标准答案中的核心信息，即新里奇兰所在的县名。虽然预测答案省略了“New Richland is located in”和“Minnesota”等背景描述，但问题明确询问的是县名，预测答案在语义上与标准答案的关键部分完全等价，且措辞简洁准确，符合判断标准中允许细微差异的要求。因此，预测答案正确回答了问题。
Who founded the political party of Dimuthu Bandara Abayakoon?,What is the name of the political party of Dimuthu Bandara Abayakoon?,Janatha Vimukthi Peramuna,Janatha Vimukthi Peramuna,True,1.0,1.0,预测答案“Janatha Vimukthi Peramuna”与标准答案完全一致，不仅包含了关键信息，而且在语义上完全等价，没有任何措辞差异。这直接准确地回答了关于Dimuthu Bandara Abayakoon所属政党名称的问题，符合所有判断标准，包括信息完整性和语义一致性。因此，可以明确判定预测答案正确无误地回应了问题。,United People's Freedom Alliance,False,0,0.0,预测答案“United People's Freedom Alliance”与标准答案“Janatha Vimukthi Peramuna”在语义上完全不同，两者代表斯里兰卡不同的政治党派，前者是统一人民自由联盟，后者是人民解放阵线，它们并非同一政党的不同表述或别名，因此预测答案未能正确回答Dimuthu Bandara Abayakoon所属政党的名称。
Who founded the political party of Dimuthu Bandara Abayakoon?,Who founded the Janatha Vimukthi Peramuna political party?,The Janatha Vimukthi Peramuna was founded by Rohana Wijeweera.,Rohana Wijeweera,True,0.4,0.0,预测答案“Rohana Wijeweera”直接提供了标准答案中的核心信息，即该政党的创立者姓名。虽然预测答案省略了标准答案中的部分措辞（如“was founded by”），但它在语义上完全等价，且关键实体（创始人姓名）准确无误。根据判断标准，允许措辞上的细微差异，只要意思保持一致即可，因此预测答案正确回答了问题。,"Patabendi Don Jinadasa Nandasiri Wijeweera, known as Rohana Wijeweera.",True,0.2777777777777778,0.0,"预测答案明确指出了“Patabendi Don Jinadasa Nandasiri Wijeweera, known as Rohana Wijeweera”是创始人，这与标准答案“Rohana Wijeweera”在语义上完全等价。预测答案不仅包含了标准答案的关键信息（Rohana Wijeweera），还提供了其全名作为补充，这并未改变核心事实，反而增强了准确性。措辞上的差异（如全名与常用名的区别）不影响意思的一致性，因此预测答案正确回答了问题。"
When did military instruction start at the place where Larry Alcala was educated?,Where did Larry Alcala study?,"Larry Alcala estudió en la Universidad de Filipinas, donde obtuvo un título de Licenciado en Bellas Artes en Pintura.",University of the Philippines,True,0,0.0,预测答案“University of the Philippines”与标准答案中的“Universidad de Filipinas”在语义上完全等价，后者是西班牙语对菲律宾大学的直接翻译。标准答案的关键信息是拉里·阿尔卡拉在菲律宾大学学习，预测答案准确提取了这一核心内容，尽管省略了学位细节，但问题仅询问学习地点，因此预测答案正确回答了问题，且意思与标准答案保持一致。,University of the Philippines,True,0,0.0,预测答案“University of the Philippines”与标准答案中的“Universidad de Filipinas”在语义上完全等价，后者是西班牙语对菲律宾大学的直接翻译。标准答案的关键信息是拉里·阿尔卡拉在菲律宾大学学习，预测答案准确提取了这一核心内容，尽管省略了学位细节，但问题仅询问学习地点，因此预测答案正确回答了问题，且意思与标准答案保持一致。
When did military instruction start at the place where Larry Alcala was educated?,When did military instruction begin at the University of the Philippines?,Military instruction began at the University of the Philippines in 1912.,1912,True,0.375,0.0,预测答案“1912”完全包含了标准答案中的关键信息，即军事训练在菲律宾大学开始的年份。虽然预测答案在表述上比标准答案更简洁，但两者在语义上完全等价，都准确指出了1912年这一具体时间点，没有出现任何矛盾或额外信息偏差。因此，预测答案正确回答了问题，符合所有判断标准。,3 July 1922,False,0.4,0.0,预测答案“3 July 1922”与标准答案“1912”在年份上存在明显差异，这表示两者在关键时间信息上不一致。虽然预测答案提供了具体的日期，但标准答案仅提及年份，且1912年与1922年相差十年，这不符合语义等价的要求。因此，预测答案未能正确回答关于军事指导在菲律宾大学开始时间的问题。
What county shares a border with Cedar Springs?,Where is Cedar Springs located?,"Cedar Springs is an unincorporated community in west Falls County, Texas, United States, located on Farm-to-market road #2027.","Cedar Springs is an unincorporated community in west Falls County, Texas, United States. It is located on Farm-to-market road #2027.",True,0.962962962962963,0.0,明确指出Cedar Springs是德克萨斯州福尔斯县西部的一个非建制社区，并具体说明其位于Farm-to-market road #2027。尽管预测答案将位置描述分为两句话，而标准答案合并为一句，但两者在语义上完全等价，核心地理信息和道路细节均无遗漏或矛盾，符合允许措辞细微差异的判断标准。,"Cedar Springs is an unincorporated community in west Falls County, Texas, United States. It is located on Farm-to-market road #2027.",True,0.962962962962963,0.0,明确指出Cedar Springs是德克萨斯州福尔斯县西部的一个非建制社区，并具体说明其位于Farm-to-market road #2027。尽管预测答案将位置描述分为两句话，而标准答案合并为一句，但两者在语义上完全等价，核心地理信息和道路细节均无遗漏或矛盾，符合允许措辞细微差异的判断标准。
What county shares a border with Cedar Springs?,"Which counties share a border with Falls County, Texas?",Bell County shares a border with Falls County.,"Bell County and Falls County share a border with each other. Additionally, Cedar Springs, an unincorporated community in west Falls County, is near Troy Independent School District which extends into a small portion of Falls County, indicating Falls County borders itself. However, based on the direct information given, Bell County is the only external county mentioned to share a border with Falls County.",True,0.15151515151515152,0.0,预测答案明确包含了标准答案的关键信息，即“Bell County shares a border with Falls County”，尽管措辞略有不同（如“Bell County and Falls County share a border with each other”），但语义完全等价，都准确传达了贝尔县与福尔斯县接壤的核心事实。虽然预测答案补充了额外细节（如Cedar Springs社区和Troy学区），但这些内容并未否定或偏离标准答案，反而在确认贝尔县是唯一提及的外部接壤县的基础上提供了背景信息，因此整体上正确回答了问题。,"Bell County, Williamson County, and Knox County share a border with Falls County, Texas.",False,0.47619047619047616,0.0,预测答案声称Williamson County和Knox County与Falls County接壤，但根据标准答案，只有Bell County与Falls County接壤。预测答案中包含了错误的地理信息，这导致其与标准答案在语义上不等价，且未能正确反映事实。因此，尽管预测答案包含了标准答案的关键信息（Bell County），但由于添加了不正确的额外内容，整体上未能正确回答问题。
Bancroft's county borders what county?,Where is Bancroft located?,"Bancroft is located in Ontario, Canada.","Bancroft is located in Ontario, Canada.",True,1.0,1.0,"预测答案与标准答案完全一致，都明确指出“Bancroft is located in Ontario, Canada”，这完全包含了标准答案中的关键信息，即地点位于加拿大安大略省。语义上完全等价，措辞无任何差异，准确回答了问题关于Bancroft地理位置的核心要求，因此可以判定为正确回答。","Bancroft is located in Ontario, Canada and serves students in the northern portion of Hastings County.",True,0.6428571428571429,0.0,"预测答案不仅完全包含了标准答案的关键信息“Bancroft is located in Ontario, Canada”，还额外提供了关于其服务范围的细节。这并未改变或歪曲标准答案的核心地理定位，两者在语义上完全等价，且措辞差异属于合理补充，意思保持一致。因此，预测答案正确回答了问题。"
Bancroft's county borders what county?,"Which county is Bancroft, Ontario located in?","Bancroft, Ontario is located in Hastings County.",Hastings County,True,0.28571428571428575,0.0,预测答案“Hastings County”直接提供了标准答案中的核心信息，即班克罗夫特所在的县名。虽然标准答案以完整句子形式呈现，但预测答案在语义上完全等价，没有遗漏关键内容。根据判断标准，允许措辞差异，只要意思一致即可，因此预测答案正确回答了问题。,Hastings County,True,0.28571428571428575,0.0,预测答案“Hastings County”直接提供了标准答案中的核心信息，即班克罗夫特所在的县名。虽然标准答案以完整句子形式呈现，但预测答案在语义上完全等价，没有遗漏关键内容。根据判断标准，允许措辞差异，只要意思一致即可，因此预测答案正确回答了问题。
Bancroft's county borders what county?,Which counties border Hastings County in Ontario?,Renfrew County and Haliburton County border Hastings County in Ontario.,"Renfrew County and Hastings County border themselves, and Haliburton County borders Hastings County in Ontario.",False,0.8333333333333333,0.0,预测答案在逻辑和事实上存在明显错误。它声称“Renfrew County and Hastings County border themselves”，这既不符合地理常识（一个县不能与自己接壤），也混淆了标准答案中“Renfrew County borders Hastings County”的正确关系。虽然预测答案提到了Haliburton County与Hastings County接壤，但整体表述因包含自相矛盾的信息而无法与标准答案在语义上等价，未能准确反映Hastings County在安大略省的相邻县份。,"Wellington, Renfrew, and Haliburton counties border Hastings County in Ontario.",False,0.8387096774193549,0.0,预测答案错误地包含了Wellington County，而标准答案中并未提及该县与Hastings County接壤。虽然预测答案包含了Renfrew和Haliburton这两个正确的县，但添加了不准确的信息，导致整体答案与标准答案在语义上不等价。根据判断标准，预测答案必须准确反映标准答案的关键信息，而额外的错误内容使其无法满足正确回答的要求。
Who is the father of Empress Wang's husband?,Who is Empress Wang's husband?,"Empress Wang's husband was Yang Pu (Emperor Rui), the final ruler of the Chinese state Wu during the Five Dynasties and Ten Kingdoms period.",Wang Jian,False,0,0.0,预测答案“Wang Jian”与标准答案“Yang Pu (Emperor Rui)”完全不符，两者在语义上没有任何等价性。标准答案明确指出王皇后的丈夫是五代十国时期吴国的末代君主杨溥（睿帝），而“Wang Jian”可能指代其他历史人物（如前蜀开国君主王建），这属于关键信息错误，无法通过措辞差异来弥补，因此预测答案未能正确回答问题。,Yang Pu,True,0.07407407407407407,0.0,"预测答案""Yang Pu""直接包含了标准答案中最核心的关键信息，即王皇后的丈夫姓名。虽然预测答案省略了其帝王身份和所属历史时期的补充信息，但问题仅询问""王皇后的丈夫是谁""，预测答案准确提供了丈夫的姓名，在语义上与标准答案的关键部分完全等价，符合判断标准中关于关键信息包含和语义一致的要求。"
Who is the father of Empress Wang's husband?,Who was the father of Yang Pu (Emperor Rui of Wu)?,"Yang Pu's father was Yang Xingmi, a late-Tang Dynasty warlord and military governor of Huainan Circuit.",Yang Xingmi,True,0.25,0.0,预测答案“Yang Xingmi”直接提供了标准答案中的核心信息，即杨溥的父亲是杨行密。虽然预测答案省略了标准答案中关于杨行密身份（晚唐军阀、淮南节度使）的补充描述，但问题仅询问父子关系，预测答案在语义上完全等价且准确回应了关键点，符合允许措辞差异的判断标准。,Yang Xingmi,True,0.25,0.0,预测答案“Yang Xingmi”直接提供了标准答案中的核心信息，即杨溥的父亲是杨行密。虽然预测答案省略了标准答案中关于杨行密身份（晚唐军阀、淮南节度使）的补充描述，但问题仅询问父子关系，预测答案在语义上完全等价且准确回应了关键点，符合允许措辞差异的判断标准。
Who played the king that was king of england in 1951 in the king's speech?,Who was the king of England in 1951?,George VI was the King of the United Kingdom in 1951.,George VI,True,0.2666666666666667,0.0,"预测答案""George VI""完全包含了标准答案中的核心关键信息，即1951年英格兰的国王身份。虽然标准答案提供了更完整的表述（包括国家范围和时间），但预测答案在语义上与标准答案完全等价，都准确指向同一位历史人物。这种简洁回答在事实性问题中是完全可以接受的，因为""George VI""这一专有名词已唯一确定了所指对象，没有产生歧义或信息缺失。",George VI,True,0.2666666666666667,0.0,"预测答案""George VI""完全包含了标准答案中的核心关键信息，即1951年英格兰的国王身份。虽然标准答案提供了更完整的表述（包括国家范围和时间），但预测答案在语义上与标准答案完全等价，都准确指向同一位历史人物。这种简洁回答在事实性问题中是完全可以接受的，因为""George VI""这一专有名词已唯一确定了所指对象，没有产生歧义或信息缺失。"
Who played the king that was king of england in 1951 in the king's speech?,Which actor played King George VI in the film 'The King's Speech'?,Colin Firth,George VI was played by Colin Firth in the film 'The King's Speech'.,True,0.375,0.0,预测答案明确指出了在电影《国王的演讲》中，乔治六世由科林·费尔斯饰演，这与标准答案“Colin Firth”完全一致。尽管预测答案以完整句子的形式呈现，包含了更多背景信息，但其核心内容与标准答案在语义上等价，关键信息准确无误，且没有出现任何矛盾或偏差。因此，预测答案正确回答了问题，符合所有判断标准。,Colin Firth,True,1.0,1.0,预测答案“Colin Firth”完全符合标准答案，不仅包含了关键信息，而且在语义上与标准答案完全等价，没有任何措辞差异。该答案准确指出了在电影《国王的演讲》中饰演乔治六世国王的演员，直接回应了问题核心，信息准确无误，因此正确回答了问题。
When was John's eldest son crowned?,Who is John's eldest son?,Henry III,"John III, Margrave of Brandenburg-Salzwedel",False,0.15384615384615385,0.0,"预测答案“John III, Margrave of Brandenburg-Salzwedel”与标准答案“Henry III”在语义上完全不一致，两者指代的是不同的人物和历史背景。标准答案中的“Henry III”通常指英格兰国王约翰的长子亨利三世，而预测答案中的“John III”是勃兰登堡-萨尔茨韦德尔的一位藩侯，与问题无关。预测答案未能包含标准答案的关键信息，也不存在语义上的等价性，因此无法正确回答问题。",Henry III,True,1.0,1.0,预测答案“Henry III”与标准答案完全一致，不仅包含了关键信息，而且在语义上完全等价。两者都明确指向约翰的长子是亨利三世，没有任何措辞差异或信息缺失。这种直接匹配确保了答案的准确性，符合所有判断标准，包括关键信息覆盖和语义一致性。因此，预测答案正确地回答了问题。
When was John's eldest son crowned?,When was John's eldest son crowned?,"John I of Cyprus (John II of Jerusalem) was crowned on May 11, 1284.",1284,True,0.25,0.0,预测答案“1284”准确包含了标准答案中的核心时间信息，即约翰一世（塞浦路斯国王）加冕的年份。虽然标准答案提供了更详细的日期（5月11日）和人物背景，但问题仅询问“何时”，预测答案在语义上等价于标准答案的关键年份部分，且没有与标准答案产生矛盾。因此，预测答案正确回答了问题，符合判断标准中允许措辞差异的要求。,1284,True,0.25,0.0,预测答案“1284”准确包含了标准答案中的核心时间信息，即约翰一世（塞浦路斯国王）加冕的年份。虽然标准答案提供了更详细的日期（5月11日）和人物背景，但问题仅询问“何时”，预测答案在语义上等价于标准答案的关键年份部分，且没有与标准答案产生矛盾。因此，预测答案正确回答了问题，符合判断标准中允许措辞差异的要求。
When was John's eldest son crowned?,When was John's eldest son crowned?,"John I of Cyprus (John II of Jerusalem) was crowned on May 11, 1284.",1284,True,0.25,0.0,预测答案“1284”准确包含了标准答案中的核心时间信息，即约翰一世（塞浦路斯国王）加冕的年份。虽然标准答案提供了更详细的日期（5月11日）和人物背景，但问题仅询问“何时”，预测答案在语义上等价于标准答案的关键年份部分，且没有与标准答案产生矛盾。因此，预测答案正确回答了问题，符合判断标准中允许措辞差异的要求。,1284,True,0.25,0.0,预测答案“1284”准确包含了标准答案中的核心时间信息，即约翰一世（塞浦路斯国王）加冕的年份。虽然标准答案提供了更详细的日期（5月11日）和人物背景，但问题仅询问“何时”，预测答案在语义上等价于标准答案的关键年份部分，且没有与标准答案产生矛盾。因此，预测答案正确回答了问题，符合判断标准中允许措辞差异的要求。
When was John's eldest son crowned?,When was John's eldest son crowned?,"John I of Cyprus (John II of Jerusalem) was crowned on May 11, 1284.",1284,True,0.25,0.0,预测答案“1284”准确包含了标准答案中的核心时间信息，即约翰一世（塞浦路斯国王）加冕的年份。虽然标准答案提供了更详细的日期（5月11日）和人物背景，但问题仅询问“何时”，预测答案在语义上等价于标准答案的关键年份部分，且没有与标准答案产生矛盾。因此，预测答案正确回答了问题，符合判断标准中允许措辞差异的要求。,1284,True,0.25,0.0,预测答案“1284”准确包含了标准答案中的核心时间信息，即约翰一世（塞浦路斯国王）加冕的年份。虽然标准答案提供了更详细的日期（5月11日）和人物背景，但问题仅询问“何时”，预测答案在语义上等价于标准答案的关键年份部分，且没有与标准答案产生矛盾。因此，预测答案正确回答了问题，符合判断标准中允许措辞差异的要求。
What character in A League of their Own was played by the actress who played Thelma in the movie Thelma and Louise?,Who played Thelma in Thelma and Louise?,Geena Davis played Thelma in Thelma and Louise.,Geena Davis,True,0.35294117647058826,0.0,"预测答案""Geena Davis""完整包含了标准答案中的核心信息，即演员姓名，且与标准答案""Geena Davis played Thelma in Thelma and Louise""在语义上完全等价。尽管预测答案省略了电影名称和角色描述，但问题明确询问""谁饰演了Thelma""，预测答案直接提供了准确的人物名称，符合""关键信息一致""和""语义等价""的判断标准，措辞差异不影响答案的正确性。",Geena Davis,True,0.35294117647058826,0.0,"预测答案""Geena Davis""完整包含了标准答案中的核心信息，即演员姓名，且与标准答案""Geena Davis played Thelma in Thelma and Louise""在语义上完全等价。尽管预测答案省略了电影名称和角色描述，但问题明确询问""谁饰演了Thelma""，预测答案直接提供了准确的人物名称，符合""关键信息一致""和""语义等价""的判断标准，措辞差异不影响答案的正确性。"
What character in A League of their Own was played by the actress who played Thelma in the movie Thelma and Louise?,What character did Geena Davis play in the movie A League of Their Own?,Geena Davis played the character Dottie Hinson.,Thelma,False,0,0.0,预测答案“Thelma”与标准答案“Dottie Hinson”在语义上完全不匹配，既未包含关键信息，也不存在等价关系。Geena Davis在电影《红粉联盟》中饰演的角色是Dottie Hinson，而“Thelma”可能是其他电影中的角色或无关信息，这导致预测答案未能正确回答问题，属于实质性错误。,Dottie Hinson,True,0.5,0.0,预测答案“Dottie Hinson”直接提供了标准答案中的核心信息，即吉娜·戴维斯在电影《红粉联盟》中饰演的角色名称。尽管预测答案省略了“Geena Davis played the character”这一部分表述，但其内容与标准答案在语义上完全等价，且关键信息准确无误，符合允许措辞差异的判断标准。因此，预测答案正确回答了问题。
"In A League of Their Own, who played the husband of the actress who played Thelma in Thelma and Louise?",Who played Thelma in Thelma and Louise?,Geena Davis played Thelma in Thelma and Louise.,Geena Davis,True,0.35294117647058826,0.0,"预测答案""Geena Davis""完整包含了标准答案中的核心信息，即演员姓名，且与标准答案""Geena Davis played Thelma in Thelma and Louise""在语义上完全等价。尽管预测答案省略了电影名称和角色描述，但问题明确询问""谁饰演了Thelma""，预测答案直接提供了准确的人物名称，符合""关键信息一致""和""语义等价""的判断标准，措辞差异不影响答案的正确性。",Geena Davis,True,0.35294117647058826,0.0,"预测答案""Geena Davis""完整包含了标准答案中的核心信息，即演员姓名，且与标准答案""Geena Davis played Thelma in Thelma and Louise""在语义上完全等价。尽管预测答案省略了电影名称和角色描述，但问题明确询问""谁饰演了Thelma""，预测答案直接提供了准确的人物名称，符合""关键信息一致""和""语义等价""的判断标准，措辞差异不影响答案的正确性。"
"In A League of Their Own, who played the husband of the actress who played Thelma in Thelma and Louise?",Which character did Geena Davis play in the film A League of Their Own?,Geena Davis played the character Dottie Hinson.,Thelma,False,0,0.0,预测答案“Thelma”与标准答案“Dottie Hinson”在语义上完全不匹配，既未包含关键信息，也不存在等价关系。Geena Davis在电影《红粉联盟》中饰演的角色是Dottie Hinson，而“Thelma”可能是其他电影中的角色或无关信息，这导致预测答案未能正确回答问题，属于事实性错误。,Dottie Hinson,True,0.5,0.0,预测答案“Dottie Hinson”直接提供了标准答案中的核心信息，即吉娜·戴维斯在电影《红粉联盟》中饰演的角色名称。虽然预测答案省略了标准答案中的部分描述性措辞（如“Geena Davis played the character”），但两者在语义上完全等价，且关键信息“Dottie Hinson”准确无误。根据判断标准，只要意思保持一致并包含关键信息，措辞上的细微差异是可接受的，因此预测答案正确回答了问题。
"In A League of Their Own, who played the husband of the actress who played Thelma in Thelma and Louise?",Who played the husband of Dottie Hinson in the film A League of Their Own?,"Bill Pullman played Bob, the husband of Dottie Hinson.",Bill Pullman,True,0.33333333333333337,0.0,"预测答案“Bill Pullman”直接提供了标准答案中的核心信息，即演员姓名。虽然预测答案省略了角色细节“Bob, the husband of Dottie Hinson”，但问题询问的是“谁扮演了丈夫”，预测答案准确给出了扮演者姓名，与标准答案在语义上完全等价，且关键信息一致。这种简洁回答在常见问答场景中是可接受的，因为它直接满足了问题的核心需求。",Bill Pullman,True,0.33333333333333337,0.0,"预测答案“Bill Pullman”直接提供了标准答案中的核心信息，即演员姓名。虽然预测答案省略了角色细节“Bob, the husband of Dottie Hinson”，但问题询问的是“谁扮演了丈夫”，预测答案准确给出了扮演者姓名，与标准答案在语义上完全等价，且关键信息一致。这种简洁回答在常见问答场景中是可接受的，因为它直接满足了问题的核心需求。"
Who is the child of Chiang Hsiao-wen's father?,Who is Chiang Hsiao-wen's father?,Chiang Hsiao-wen's father is Chiang Ching-kuo.,Chiang Ching-kuo,True,0.5555555555555556,0.0,预测答案“Chiang Ching-kuo”直接提供了标准答案中的核心信息，即蒋孝文的父亲是蒋经国。虽然预测答案省略了“Chiang Hsiao-wen's father is”这一表述，但其内容在语义上与标准答案完全等价，且没有引入任何矛盾或额外信息。根据判断标准，只要关键信息一致且意思相同，即使措辞有细微差异（如仅提供姓名），也应视为正确回答。因此，该预测答案准确地回应了问题。,Chiang Ching-kuo,True,0.5555555555555556,0.0,预测答案“Chiang Ching-kuo”直接提供了标准答案中的核心信息，即蒋孝文的父亲是蒋经国。虽然预测答案省略了“Chiang Hsiao-wen's father is”这一表述，但其内容在语义上与标准答案完全等价，且没有引入任何矛盾或额外信息。根据判断标准，只要关键信息一致且意思相同，即使措辞有细微差异（如仅提供姓名），也应视为正确回答。因此，该预测答案准确地回应了问题。
"The actor who played Thelma in ""Thelma and Louise"" also played which character in ""A League of Their Own""?",Who played Thelma in the movie 'Thelma and Louise'?,Geena Davis played Thelma in the movie 'Thelma & Louise'.,Geena Davis,True,0.35294117647058826,0.0,预测答案“Geena Davis”完整包含了标准答案中的核心信息，即演员姓名，且与标准答案“Geina Davis played Thelma in the movie 'Thelma & Louise'”在语义上完全等价。尽管预测答案省略了电影名称和角色描述等细节，但问题明确询问“谁饰演了电影中的Thelma”，预测答案直接提供了正确的主体信息，符合判断标准中的关键信息要求和语义一致性，因此正确回答了问题。,Geena Davis,True,0.35294117647058826,0.0,预测答案“Geena Davis”完整包含了标准答案中的核心信息，即演员姓名，且与标准答案“Geina Davis played Thelma in the movie 'Thelma & Louise'”在语义上完全等价。尽管预测答案省略了电影名称和角色描述等细节，但问题明确询问“谁饰演了电影中的Thelma”，预测答案直接提供了正确的主体信息，符合判断标准中的关键信息要求和语义一致性，因此正确回答了问题。
"The actor who played Thelma in ""Thelma and Louise"" also played which character in ""A League of Their Own""?",Which character did Geena Davis play in the movie 'A League of Their Own'?,Geena Davis played the character Dottie Hinson.,Thelma,False,0,0.0,预测答案“Thelma”与标准答案“Dottie Hinson”在语义上完全不匹配，因为“Thelma”并非电影《红粉联盟》中Geena Davis所扮演的角色。标准答案明确指出角色是Dottie Hinson，而预测答案未能包含这一关键信息，且两者在含义上无任何等价性，因此预测答案错误地回答了问题。,Dottie Hinson,True,0.5,0.0,预测答案“Dottie Hinson”直接提供了标准答案中的核心信息，即吉娜·戴维斯在电影《红粉联盟》中饰演的角色名称。尽管预测答案省略了“Geena Davis played the character”这一背景描述，但其内容在语义上与标准答案完全等价，且关键信息准确无误。根据评估标准，允许措辞上的细微差异，只要意思保持一致即可，因此预测答案正确回答了问题。
"What is the movie starring Preity Zinta, Madhuri Dixit and the spouse of Kajol?","Movies starring Preity Zinta, Madhuri Dixit, and Ajay Devgn","The movie 'Yeh Raaste Hain Pyaar Ke' (2001) stars Preity Zinta, Madhuri Dixit, and Ajay Devgn.",Yeh Raaste Hain Pyaar Ke,True,0.4210526315789474,0.0,预测答案“Yeh Raaste Hain Pyaar Ke”虽然省略了标准答案中的年份和完整描述，但它直接提供了电影名称这一核心信息，而该电影正是唯一一部由Preity Zinta、Madhuri Dixit和Ajay Devgn共同主演的作品。根据判断标准，预测答案在语义上与标准答案的关键内容完全等价，且措辞差异（如省略年份）不影响对问题的正确回答，因为问题仅要求识别电影名称，并未指定必须包含额外细节。因此，预测答案准确且充分地回应了问题。,"Yeh Raaste Hain Pyaar Ke, Dil Kya Kare, Pyar Ka Devta",False,0.37499999999999994,0.0,预测答案虽然包含了标准答案中的电影《Yeh Raaste Hain Pyaar Ke》，但它额外列出了《Dil Kya Kare》和《Pyar Ka Devta》这两部电影，而这两部电影并不符合问题要求。问题明确询问的是同时由Preity Zinta、Madhuri Dixit和Ajay Devgn三位演员共同主演的电影，标准答案指出只有《Yeh Raaste Hain Pyaar Ke》满足这一条件。预测答案的额外信息引入了不准确的内容，导致语义上与标准答案不完全等价，因此未能正确回答问题。
The territory containing Bansaan Island is located at which island?,Where is Bansaan Island located?,"Bansaan Island is a boomerang-shaped island located off the mid-northern coast of Bohol Island, Philippines, and is part of the municipality of Talibon.","Bansaan is a boomerang-shaped island located off the mid-northern coast of Bohol Island, in the municipality of Talibon, province.",True,0.8571428571428571,0.0,岛屿的形状（boomerang-shaped）、地理位置（off the mid-northern coast of Bohol Island）、所属行政区域（municipality of Talibon），并明确指出位于菲律宾。尽管措辞略有调整（如省略“Philippines”但通过“province”暗示），但语义完全等价，核心事实一致，无信息缺失或矛盾。,"Bansaan is a boomerang-shaped island located off the mid-northern coast of Bohol Island, part of the municipality of Talibon, province.",True,0.912280701754386,0.0,岛屿的形状（boomerang-shaped）、地理位置（off the mid-northern coast of Bohol Island）以及行政归属（part of the municipality of Talibon）。虽然预测答案省略了“Philippines”一词，但通过提及“Bohol Island”和“Talibon”已隐含了菲律宾的语境，且补充了“province”这一细节，整体语义与标准答案完全等价，没有实质差异。因此，预测答案正确回答了问题。
In which district was Ernie Watts born?,Where was Ernie Watts born?,Woolhampton in Berkshire,Woolhampton in Berkshire,True,1.0,1.0,预测答案“Woolhampton in Berkshire”与标准答案完全一致，不仅包含了地点“Woolhampton”和所属区域“Berkshire”这两个关键信息，而且在语义和措辞上没有任何差异。这种精确匹配确保了答案完全正确地回答了问题，无需任何修正或补充，符合所有判断标准。,Woolhampton in Berkshire,True,1.0,1.0,预测答案“Woolhampton in Berkshire”与标准答案完全一致，不仅包含了地点“Woolhampton”和所属区域“Berkshire”这两个关键信息，而且在语义和措辞上没有任何差异。这种精确匹配确保了答案完全正确地回答了问题，无需任何修正或补充，符合所有判断标准。
In which county was James Finch born?,Where was James Finch born?,"Lynn Haven, Florida","1950, Lynn Haven, Florida",True,0.4,0.0,"预测答案“1950, Lynn Haven, Florida”完整包含了标准答案“Lynn Haven, Florida”的关键信息，即出生地点。尽管预测答案额外提供了出生年份“1950”，但这并未改变或偏离核心地理信息的准确性，两者在语义上完全等价，都正确指出了James Finch的出生地。根据判断标准，允许措辞上的细微差异，因此预测答案正确回答了问题。","1950, Lynn Haven, Florida",True,0.4,0.0,"预测答案“1950, Lynn Haven, Florida”完整包含了标准答案“Lynn Haven, Florida”的关键信息，即出生地点。尽管预测答案额外提供了出生年份“1950”，但这并未改变或偏离核心地理信息的准确性，两者在语义上完全等价，都正确指出了James Finch的出生地。根据判断标准，允许措辞上的细微差异，因此预测答案正确回答了问题。"
In which county was James Finch born?,"Which county is Lynn Haven, Florida located in?",Bay County,Bay County,True,1.0,1.0,预测答案“Bay County”与标准答案完全一致，不仅包含了关键信息“Bay County”，而且在语义上完全等价，没有任何措辞差异。该答案直接、准确地回答了问题，明确指出佛罗里达州林黑文市所在的县份，符合所有判断标准，因此是正确的。,Bay County,True,1.0,1.0,预测答案“Bay County”与标准答案完全一致，不仅包含了关键信息“Bay County”，而且在语义上完全等价，没有任何措辞差异。该答案直接、准确地回答了问题，明确指出佛罗里达州林黑文市所在的县份，符合所有判断标准，因此是正确的。
Who was married to the star of No Escape?,Who starred in the movie No Escape?,"Valerie Hobson, Leslie Perrins, and Robert Cochran starred in the movie No Escape.","Valerie Hobson, Leslie Perrins and Robert Cochran",True,0.8387096774193548,0.0,预测答案完整列出了标准答案中的三位演员姓名——Valerie Hobson、Leslie Perrins 和 Robert Cochran，且顺序一致，仅缺少标点符号和连接词“and”的细微差异。这完全符合语义等价的要求，因为关键信息无遗漏、无错误，且表述核心内容与标准答案完全一致，因此正确回答了问题。,"Valerie Hobson, Leslie Perrins and Robert Cochran",True,0.8387096774193548,0.0,预测答案完整列出了标准答案中的三位演员姓名——Valerie Hobson、Leslie Perrins 和 Robert Cochran，且顺序一致，仅缺少标点符号和连接词“and”的细微差异。这完全符合语义等价的要求，因为关键信息无遗漏、无错误，且表述核心内容与标准答案完全一致，因此正确回答了问题。
Who was married to the star of No Escape?,"Which of the actors from No Escape (Valerie Hobson, Leslie Perrins, or Robert Cochran) was married and to whom?",Valerie Hobson was married to John Profumo.,"David Profumo was married to Valerie Hobson. However, Valerie Hobson was not married to any of the actors listed (Valerie Hobson, Leslie Perrins, or Robert Cochran). The information provided about David Profumo and Valerie Hobson seems to be unrelated to the actors in No Escape. The question as posed cannot be accurately answered based on the given documents, as there is no indication that any of the actors in No Escape were married to David Profumo or Valerie Hobson.",False,0.16,0.0,预测答案虽然提到了Valerie Hobson，但错误地声称她与David Profumo结婚，而标准答案明确指出她与John Profumo结婚。此外，预测答案的后半部分自相矛盾，先说Valerie Hobson与David Profumo结婚，随后又否认她与任何演员结婚，这混淆了关键信息。预测答案未能准确提供Valerie Hobson的配偶姓名，且语义上与标准答案不一致，因此无法正确回答问题。,"Valerie Hobson was married to John Profumo, who was a former British government minister.",True,0.7499999999999999,0.0,预测答案不仅完整包含了标准答案的核心信息——即Valerie Hobson与John Profumo的婚姻关系，还额外补充了John Profumo的身份细节，这并未改变或偏离原问题的核心要求。问题询问的是哪位演员已婚及其配偶身份，预测答案准确提供了Valerie Hobson作为正确答案，并确认了配偶姓名，与标准答案在语义上完全等价。措辞上的扩展（如添加“former British government minister”）属于合理补充，不影响答案的正确性，反而增强了信息的完整性。因此，预测答案正确回答了问题。
Who is the other child of Chian Hsiao-chang's father?,Who is the father of Chian Hsiao-chang?,Chiang Ching-kuo,Chiang Ching-kuo,True,1.0,1.0,预测答案“Chiang Ching-kuo”与标准答案完全一致，不仅包含了关键信息，而且在语义上完全等价，没有任何措辞差异。这直接准确地回答了关于Chian Hsiao-chang父亲身份的问题，符合所有判断标准，因此是正确的。,Chiang Ching-kuo,True,1.0,1.0,预测答案“Chiang Ching-kuo”与标准答案完全一致，不仅包含了关键信息，而且在语义上完全等价，没有任何措辞差异。这直接准确地回答了关于Chian Hsiao-chang父亲身份的问题，符合所有判断标准，因此是正确的。
Who is the other child of Chian Hsiao-chang's father?,What are all the children of Chiang Ching-kuo?,"Chiang Ching-kuo had four legitimate children with his wife Faina Ipatyevna Vakhreva (Chiang Fang-liang): Chiang Hsiao-wen (eldest son), Chiang Hsiao-chang (daughter), Chiang Hsiao-wu (second son), and Chiang Hsiao-yung (youngest son). He also had two half-brothers with other mothers: Winston Chang and John Chiang.","Chiang Hsiao-wen, Chiang Hsiao-wen's siblings Hsiao-wen, Hsiao-chang, Hsiao-wu, Hsiao-yung, and Chiang Hsiao-wen's half-brothers Winston Chang and John Chiang.",False,0.5245901639344263,0.0,预测答案存在明显的重复和表述混乱，例如将“Chiang Hsiao-wen”重复列出，并错误地将其描述为“Chiang Hsiao-wen's siblings”，这导致信息冗余且逻辑不清。虽然预测答案最终提到了所有四个合法子女和两个同父异母的兄弟，但其表述方式与标准答案的清晰结构不符，未能准确、简洁地列出所有子女，因此在语义上不完全等价，未能正确回答问题。,"Chiang Hsiao-wen, Chiang Hsiao-chang, Chiang Hsiao-wu, Winston Chang, and John Chiang.",False,0.4752475247524752,0.0,预测答案未能完整包含标准答案中的所有关键信息。标准答案明确指出蒋经国有四名婚生子女（蒋孝文、蒋孝章、蒋孝武、蒋孝勇）以及两名同父异母的兄弟（章孝严、章孝慈），但预测答案仅列出了三名婚生子女（缺少蒋孝勇），并将两名同父异母的兄弟错误归类为“子女”，这既在亲属关系上存在语义偏差，又遗漏了重要信息。因此，预测答案在完整性和准确性上均不符合要求。
In which county did Snappy Tomato Pizza form?,Where was Snappy Tomato Pizza founded?,"Fort Mitchell, Kentucky","Fort Mitchell, Kentucky",True,1.0,1.0,"预测答案“Fort Mitchell, Kentucky”与标准答案完全一致，不仅包含了关键信息“Fort Mitchell, Kentucky”，而且在语义上完全等价，没有任何措辞差异。这直接准确地回答了问题“Snappy Tomato Pizza的创立地点”，因此预测答案正确无误地提供了所需信息。","Fort Mitchell, Kentucky",True,1.0,1.0,"预测答案“Fort Mitchell, Kentucky”与标准答案完全一致，不仅包含了关键信息“Fort Mitchell, Kentucky”，而且在语义上完全等价，没有任何措辞差异。这直接准确地回答了问题“Snappy Tomato Pizza的创立地点”，因此预测答案正确无误地提供了所需信息。"
In which county did Snappy Tomato Pizza form?,"Which county is Fort Mitchell, Kentucky located in?",Kenton County,Kenton County,True,1.0,1.0,预测答案“Kenton County”与标准答案完全一致，不仅包含了关键信息，而且在语义上完全等价，没有任何措辞差异。该答案直接、准确地回答了问题，明确指出Fort Mitchell位于肯顿县，符合所有判断标准，因此是正确的。,Kenton County,True,1.0,1.0,预测答案“Kenton County”与标准答案完全一致，不仅包含了关键信息，而且在语义上完全等价，没有任何措辞差异。该答案直接、准确地回答了问题，明确指出Fort Mitchell位于肯顿县，符合所有判断标准，因此是正确的。
Where are the headquarters for the publisher of In the Shadow of Greatness?,Who is the publisher of In the Shadow of Greatness?,The United States Naval Institute,United States Naval Institute,True,1.0,1.0,"预测答案""United States Naval Institute""与标准答案""The United States Naval Institute""在语义上完全等价，仅省略了定冠词""The""，这属于措辞上的细微差异，不影响核心信息的准确性。两者均明确指向同一出版机构，即美国海军学会，完全符合""包含关键信息""和""语义等价""的判断标准，因此正确回答了问题。",United States Naval Institute,True,1.0,1.0,"预测答案""United States Naval Institute""与标准答案""The United States Naval Institute""在语义上完全等价，仅省略了定冠词""The""，这属于措辞上的细微差异，不影响核心信息的准确性。两者均明确指向同一出版机构，即美国海军学会，完全符合""包含关键信息""和""语义等价""的判断标准，因此正确回答了问题。"
Where are the headquarters for the publisher of In the Shadow of Greatness?,Where are the headquarters of the United States Naval Institute located?,"Annapolis, Maryland","Annapolis, Maryland",True,1.0,1.0,"预测答案“Annapolis, Maryland”与标准答案完全一致，不仅包含了关键的地理位置信息（安纳波利斯市和马里兰州），而且在语义上完全等价，没有任何歧义或差异。这直接准确地回答了关于美国海军学会总部所在地的问题，符合所有判断标准，包括信息完整性和语义一致性。","Annapolis, Maryland",True,1.0,1.0,"预测答案“Annapolis, Maryland”与标准答案完全一致，不仅包含了关键的地理位置信息（安纳波利斯市和马里兰州），而且在语义上完全等价，没有任何歧义或差异。这直接准确地回答了关于美国海军学会总部所在地的问题，符合所有判断标准，包括信息完整性和语义一致性。"
What political party was the socialist candidate part of who ran for president in 1912?,Who was the socialist candidate in the 1912 US presidential election?,Eugene V. Debs was the Socialist Party candidate in the 1912 US presidential election.,Eugene V. Debs,True,0.4347826086956522,0.0,预测答案“Eugene V. Debs”直接提供了标准答案中的核心信息，即1912年美国总统选举中社会主义候选人的姓名。虽然预测答案省略了“Socialist Party candidate”等修饰语，但问题明确询问候选人是谁，而“Eugene V. Debs”在历史语境中唯一对应这一身份，语义上与标准答案完全等价，且关键信息完整无误，因此正确回答了问题。,Eugene V. Debs,True,0.4347826086956522,0.0,预测答案“Eugene V. Debs”直接提供了标准答案中的核心信息，即1912年美国总统选举中社会主义候选人的姓名。虽然预测答案省略了“Socialist Party candidate”等修饰语，但问题明确询问候选人是谁，而“Eugene V. Debs”在历史语境中唯一对应这一身份，语义上与标准答案完全等价，且关键信息完整无误，因此正确回答了问题。
Which county does Lloyd Dane's birthplace belong to?,Where was Lloyd Dane born?,"Lloyd Dane was born in Eldon, Missouri.",Missouri,False,0.19999999999999998,0.0,"预测答案“Missouri”虽然包含了标准答案中的州名信息，但未能提供更具体的关键地点“Eldon”。标准答案明确指出出生地为“Eldon, Missouri”，而预测答案仅给出州名，遗漏了城镇这一核心细节，导致信息不完整且语义上不等价。根据判断标准，预测答案未完全涵盖关键信息，因此不能视为正确回答。","The birthplace of Lloyd Dane is not directly stated in the provided documents. However, based on the information given, we can infer that Lloyd Dane was born in the United States, as he participated in NASCAR Grand National Series races in Missouri, which is in the U.S. But without a specific mention of his birthplace, we cannot definitively state his birth location from the given documents.",False,0.18918918918918923,0.0,预测答案未能正确回答问题，因为它明确表示无法从给定文档中确定劳埃德·戴恩的具体出生地，仅推断他出生在美国，而标准答案明确指出他出生在密苏里州的埃尔登。预测答案缺少关键的具体地点信息，且在语义上与标准答案不等价，因为它表达了不确定性而非肯定陈述，因此不符合正确回答的标准。
Which county does Lloyd Dane's birthplace belong to?,"Which county does Eldon, Missouri belong to?",Miller County,Miller County,True,1.0,1.0,"预测答案“Miller County”与标准答案完全一致，不仅包含了关键信息，而且在语义上完全等价。两者都准确指出了Eldon, Missouri所属的县份，没有任何措辞差异或信息缺失，因此预测答案正确地回答了问题。",Miller County,True,1.0,1.0,"预测答案“Miller County”与标准答案完全一致，不仅包含了关键信息，而且在语义上完全等价。两者都准确指出了Eldon, Missouri所属的县份，没有任何措辞差异或信息缺失，因此预测答案正确地回答了问题。"
Who is the voice of the character in Spongebob Squarepants with the same name as the creature that annelid larvae live like?,What creature do annelid larvae live like?,Annelid larvae live like plankton.,ertiform (caterpillar-like),False,0,0.0,预测答案“ertiform (caterpillar-like)”与标准答案“Annelid larvae live like plankton”在语义上完全不一致。标准答案的关键信息是环节动物幼虫像浮游生物一样生活，这描述了它们在海洋或水体中漂浮的生态角色；而预测答案提到的“毛虫状”形态特征，并未涉及浮游生活方式，两者在核心概念上存在本质差异，无法通过措辞调整实现等价。,eruciform,False,0,0.0,预测答案“eruciform”仅指幼虫形态（毛虫状），并未直接回答“像什么生物一样生活”的问题核心。标准答案明确指出“像浮游生物一样生活”，强调了生态角色和行为方式，而预测答案缺乏这一关键信息，两者在语义上不等价，无法满足正确回答的要求。
Who is the voice of the character in Spongebob Squarepants with the same name as the creature that annelid larvae live like?,Which character in Spongebob Squarepants has the same name as the creature that annelid larvae live like (plankton)?,Plankton,Patrick Star,False,0,0.0,预测答案“Patrick Star”与标准答案“Plankton”在语义上完全不符。问题明确指出需要找到《海绵宝宝》中与“annelid larvae（环节动物幼虫）生活方式相似的生物同名”的角色，而环节动物幼虫的生活方式是浮游（planktonic），因此角色名应为“Plankton”。预测答案中的“Patrick Star”是海星角色，与浮游生物无关，既未包含关键信息，也不存在语义等价性，属于错误回答。,Plankton,True,1.0,1.0,预测答案“Plankton”与标准答案完全一致，不仅包含了关键信息，而且在语义上完全等价。问题询问《海绵宝宝》中哪个角色的名字与环节动物幼虫所类似生活的生物（浮游生物）相同，两者均指向同一角色“Plankton”。预测答案直接提供了正确的角色名称，没有任何措辞差异或额外信息，因此准确无误地回答了问题。
Who is part of the band that performed Full Cooperation?,Who performed the song Full Cooperation?,The song 'Full Cooperation' was performed by the American hip hop group Def Squad.,Def Squad,True,0.16666666666666669,0.0,预测答案“Def Squad”直接提供了标准答案中的核心信息，即表演歌曲“Full Cooperation”的主体是美国嘻哈组合Def Squad。虽然预测答案省略了“美国嘻哈组合”这一修饰语，但“Def Squad”本身已准确指代了标准答案中的关键实体，语义上与标准答案完全等价，且没有引入任何矛盾或错误信息。根据判断标准，允许措辞上的细微差异，因此预测答案正确回答了问题。,Def Squad,True,0.16666666666666669,0.0,预测答案“Def Squad”直接提供了标准答案中的核心信息，即表演歌曲“Full Cooperation”的主体是美国嘻哈组合Def Squad。虽然预测答案省略了“美国嘻哈组合”这一修饰语，但“Def Squad”本身已准确指代了标准答案中的关键实体，语义上与标准答案完全等价，且没有引入任何矛盾或错误信息。根据判断标准，允许措辞上的细微差异，因此预测答案正确回答了问题。
Who is part of the band that performed Full Cooperation?,Who are the members of the American hip hop group Def Squad?,"The American hip hop group Def Squad consists of Erick Sermon, Redman, and Keith Murray. Jamal is considered an honorary member.","Erick Sermon, Redman and Keith Murray",True,0.5625,0.0,预测答案准确列出了Def Squad的核心成员Erick Sermon、Redman和Keith Murray，这与标准答案中的关键信息完全一致。虽然预测答案未提及荣誉成员Jamal，但标准答案中明确将前三人列为主要成员，而Jamal仅为附加说明的荣誉成员，因此预测答案已完整覆盖问题的核心要求，语义上与标准答案等价，符合允许措辞差异的判断标准。,"Erick Sermon, Redman and Keith Murray",True,0.5625,0.0,预测答案准确列出了Def Squad的核心成员Erick Sermon、Redman和Keith Murray，这与标准答案中的关键信息完全一致。虽然预测答案未提及荣誉成员Jamal，但标准答案中明确将前三人列为主要成员，而Jamal仅为附加说明的荣誉成员，因此预测答案已完整覆盖问题的核心要求，语义上与标准答案等价，符合允许措辞差异的判断标准。
What film features Anil Devgan's sibling?,Who is Anil Devgan's sibling?,Anil Devgan's sibling is Ajay Devgan.,Ajay Devgan,True,0.4615384615384615,0.0,预测答案“Ajay Devgan”直接提供了标准答案“Anil Devgan's sibling is Ajay Devgan”中的核心信息，即兄弟关系的具体姓名。尽管预测答案省略了“Anil Devgan's sibling is”这一表述，但它在语义上完全等价于标准答案，因为问题明确询问“Anil Devgan的兄弟姐妹是谁”，而预测答案准确给出了该人物的姓名。这种措辞差异不影响关键信息的完整性，符合评估标准中允许细微差异的要求，因此预测答案正确回答了问题。,Ajay Devgan,True,0.4615384615384615,0.0,预测答案“Ajay Devgan”直接提供了标准答案“Anil Devgan's sibling is Ajay Devgan”中的核心信息，即兄弟关系的具体姓名。尽管预测答案省略了“Anil Devgan's sibling is”这一表述，但它在语义上完全等价于标准答案，因为问题明确询问“Anil Devgan的兄弟姐妹是谁”，而预测答案准确给出了该人物的姓名。这种措辞差异不影响关键信息的完整性，符合评估标准中允许细微差异的要求，因此预测答案正确回答了问题。
What film features Anil Devgan's sibling?,Which films feature Ajay Devgan?,"The films featuring Ajay Devgan are: U Me Aur Hum, Yeh Raaste Hain Pyaar Ke, and Dil Kya Kare.","U Me Aur Hum, Raju Chacha, Blackmail (2005 film)",False,0.15384615384615383,0.0,预测答案仅部分正确，因为它包含了标准答案中的《U Me Aur Hum》，但遗漏了《Yeh Raaste Hain Pyaar Ke》和《Dil Kya Kare》，同时添加了标准答案未提及的《Raju Chacha》和《Blackmail (2005 film)》。根据评估标准，预测答案必须完全覆盖标准答案的关键信息并保持语义等价，而此处预测答案与标准答案不一致，未能正确回答所有指定影片，因此判定为错误。,"U Me Aur Hum, Dil Kya Kare, Har Dil Jo Pyar Karega, Raju Chacha, Blackmail (2005 film), Pyar Ka Devta, Rakhwale, Eka Peksha Ek",False,0.2985074626865672,0.0,预测答案虽然包含了标准答案中的《U Me Aur Hum》和《Dil Kya Kare》，但遗漏了关键影片《Yeh Raaste Hain Pyaar Ke》，这违反了“包含标准答案所有关键信息”的要求。同时，预测答案额外列出了多部未在标准答案中出现的电影，如《Har Dil Jo Pyar Karega》等，这些冗余信息虽不直接导致错误，但整体答案因缺失必要内容而无法被视为正确。语义等价性要求核心信息完全一致，而此处预测答案未能满足这一条件。
"What political party was the candidate who garnered a million votes during the 1920 election despite being in prison, a member of?",Who was the candidate that received a million votes in the 1920 election while in prison?,"Eugene V. Debs was the Socialist Party candidate who received 913,664 votes in the 1920 election while in prison.",Eugene V. Debs,True,0.29411764705882354,0.0,"预测答案""Eugene V. Debs""直接对应标准答案中的核心人物，即1920年选举中在狱中获得大量选票的候选人。虽然预测答案未提及具体票数或政党细节，但问题主要询问""候选人是谁""，预测答案准确提供了关键姓名，且与标准答案在语义上完全一致，符合""允许措辞细微差异""的判断标准。",Eugene V. Debs,True,0.29411764705882354,0.0,"预测答案""Eugene V. Debs""直接对应标准答案中的核心人物，即1920年选举中在狱中获得大量选票的候选人。虽然预测答案未提及具体票数或政党细节，但问题主要询问""候选人是谁""，预测答案准确提供了关键姓名，且与标准答案在语义上完全一致，符合""允许措辞细微差异""的判断标准。"
Who was the US physicist who directed the project that developed the first atomic bomb at the same place where Feynman worked on Water Boiler?,Where did Richard Feynman work on the Water Boiler reactor?,Richard Feynman worked on the Water Boiler reactor at Los Alamos.,Los Alamos,True,0.2666666666666667,0.0,预测答案“Los Alamos”直接提供了标准答案中的关键地点信息，即理查德·费曼在洛斯阿拉莫斯参与了水锅炉反应堆的工作。虽然预测答案省略了“Richard Feynman worked on the Water Boiler reactor at”这一部分，但问题本身已明确询问工作地点，因此预测答案在语义上与标准答案等价，准确回答了“在哪里”的核心问题，符合措辞差异允许的原则。,Los Alamos,True,0.2666666666666667,0.0,预测答案“Los Alamos”直接提供了标准答案中的关键地点信息，即理查德·费曼在洛斯阿拉莫斯参与了水锅炉反应堆的工作。虽然预测答案省略了“Richard Feynman worked on the Water Boiler reactor at”这一部分，但问题本身已明确询问工作地点，因此预测答案在语义上与标准答案等价，准确回答了“在哪里”的核心问题，符合措辞差异允许的原则。
Who was the US physicist who directed the project that developed the first atomic bomb at the same place where Feynman worked on Water Boiler?,Which atomic bomb development project took place at Los Alamos and who was its director?,"The Manhattan Project took place at Los Alamos, and its director was Robert Oppenheimer.","The Manhattan Project was developed at Los Alamos, and its director was Robert Oppenheimer.",True,0.875,0.0,预测答案与标准答案在语义上完全等价，都准确指出了原子弹研发项目是“曼哈顿计划”，地点在“洛斯阿拉莫斯”，负责人是“罗伯特·奥本海默”。尽管预测答案使用了“was developed at”而标准答案使用“took place at”，但两者表达的核心事实一致，且关键信息无任何缺失或矛盾，符合允许措辞细微差异的判断标准。,Robert Oppenheimer was the director of the Los Alamos Laboratory that designed the actual bombs for the Manhattan Project.,True,0.5714285714285714,0.0,预测答案明确指出了罗伯特·奥本海默是洛斯阿拉莫斯实验室的主任，并说明该实验室为曼哈顿计划设计了实际炸弹，这完全涵盖了标准答案中“曼哈顿计划在洛斯阿拉莫斯进行，其主任是罗伯特·奥本海默”的核心信息。尽管预测答案在措辞上更具体（如提到“实验室”和“设计炸弹”），但语义上与标准答案完全等价，关键事实一致，没有出现矛盾或遗漏。因此，预测答案正确回答了问题。
What award was received by the person who authored Missing Person?,Who is the author of Missing Person?,Patrick Modiano,Melissa Marr,False,0,0.0,预测答案“Melissa Marr”与标准答案“Patrick Modiano”在作者身份上完全不符，两者既不是同义词，也不存在语义等价关系。Patrick Modiano是法国作家，其作品《Missing Person》（法文原名《Rue des Boutiques Obscures》）曾获诺贝尔文学奖，而Melissa Marr是美国奇幻文学作家，代表作与《Missing Person》无关。预测答案未包含任何标准答案的关键信息，且作者姓名属于特定事实，措辞差异无法解释这一根本错误。,Patrick Modiano,True,1.0,1.0,预测答案“Patrick Modiano”与标准答案完全一致，不仅包含了关键信息，而且在语义上完全等价，没有任何措辞差异。该答案准确无误地指出了《Missing Person》的作者是帕特里克·莫迪亚诺，符合所有判断标准，因此正确回答了问题。
What award was received by the person who authored Missing Person?,What award did Patrick Modiano receive?,"Patrick Modiano received the 2014 Nobel Prize in Literature, the 2012 Austrian State Prize for European Literature, the 2010 Prix mondial Cino Del Duca, the 1978 Prix Goncourt, and the 1972 Grand Prix du roman de l'Académie française.",2014 Nobel Prize in Literature,True,0.2285714285714286,0.0,预测答案“2014 Nobel Prize in Literature”完全包含在标准答案的关键信息中，并且准确回答了问题“Patrick Modiano received what award?”的核心要点。虽然标准答案列出了多个奖项，但预测答案聚焦于最具代表性的诺贝尔文学奖，这在语义上与标准答案的部分内容等价，且没有出现事实性错误或矛盾。根据判断标准，允许措辞上的细微差异，且预测答案的意思与标准答案保持一致，因此可以视为正确回答。,2014 Nobel Prize in Literature,True,0.2285714285714286,0.0,预测答案“2014 Nobel Prize in Literature”完全包含在标准答案的关键信息中，并且准确回答了问题“Patrick Modiano received what award?”的核心要点。虽然标准答案列出了多个奖项，但预测答案聚焦于最具代表性的诺贝尔文学奖，这在语义上与标准答案的部分内容等价，且没有出现事实性错误或矛盾。根据判断标准，允许措辞上的细微差异，且预测答案的意思与标准答案保持一致，因此可以视为正确回答。
What preity zinta and madhuri dixit movie had a cast member from U Me Aur Hum ?,Who are the cast members of the movie U Me Aur Hum?,"The cast includes Ajay Devgan, Kajol, Karan Khanna, Isha Sharvani, Sumeet Raghavan, and Divya Dutta.",Ajay Devgan and Kajol,False,0.4,0.0,预测答案仅列出了两位演员（Ajay Devgan 和 Kajol），而标准答案明确包含了六位主要演员，如 Karan Khanna、Isha Sharvani 等。虽然预测答案的部分信息正确，但它遗漏了关键的其他演员名单，未能完整覆盖标准答案的核心内容，因此在语义上不等价，也不符合“包含关键信息”的要求。,"Ajay Devgan, Kajol, Karan Khanna, Isha Sharvani, Sumeet Raghavan, and Divya Dutta",True,0.962962962962963,0.0,预测答案完整列出了标准答案中的所有演员姓名，包括Ajay Devgan、Kajol、Karan Khanna、Isha Sharvani、Sumeet Raghavan和Divya Dutta，且顺序一致。虽然预测答案省略了开头的引导语“The cast includes”，但这属于措辞上的细微差异，核心信息完全匹配且语义等价，准确回答了关于电影《U Me Aur Hum》演员阵容的问题。
What preity zinta and madhuri dixit movie had a cast member from U Me Aur Hum ?,Which Bollywood movies feature both Preity Zinta and Madhuri Dixit in their cast?,The only Bollywood movie featuring both Preity Zinta and Madhuri Dixit is 'Yeh Raaste Hain Pyaar Ke'.,"Diya Aur Toofan, Dil Kya Kare",False,0,0.0,预测答案中提到的电影《Diya Aur Toofan》和《Dil Kya Kare》均不包含两位演员Preity Zinta和Madhuri Dixit的共同出演。根据标准答案，唯一一部同时有这两位演员的电影是《Yeh Raaste Hain Pyaar Ke》，而预测答案中的电影名称与标准答案完全不符，既未包含关键信息，也不存在语义上的等价性。因此，预测答案未能正确回答问题，属于错误信息。,"Yeh Raaste Hain Pyaar Ke, Diya Aur Toofan",False,0.4,0.0,预测答案中包含了标准答案的关键信息“Yeh Raaste Hain Pyaar Ke”，但错误地添加了额外的电影“Diya Aur Toofan”。根据标准答案，唯一一部同时由Preity Zinta和Madhuri Dixit出演的宝莱坞电影只有“Yeh Raaste Hain Pyaar Ke”，而“Diya Aur Toofan”并非两人共同出演的电影，因此预测答案在语义上与标准答案不完全等价，且包含了不准确信息，导致整体回答错误。
What preity zinta and madhuri dixit movie had a cast member from U Me Aur Hum ?,What is the cast list for the movie 'Yeh Raaste Hain Pyaar Ke'?,"The cast includes Madhuri Dixit, Ajay Devgn, and Preity Zinta.","Madhuri Dixit, Ajay Devgn, Preity Zinta, Saurabh Shukla, Mukesh Tiwari, Dev Singh, Gagandeep Singh",True,0.5306122448979591,0.0,预测答案不仅完整包含了标准答案中的三位主要演员（Madhuri Dixit、Ajay Devgn、Preity Zinta），还额外列出了其他配角信息，这并未与标准答案产生冲突或错误。根据判断标准，预测答案的关键信息与标准答案完全一致，语义上等价，且措辞差异不影响核心内容的准确性，因此可以视为正确回答了问题。,"Madhuri Dixit, Ajay Devgn, Preity Zinta",True,0.896551724137931,0.0,预测答案完整列出了标准答案中的所有关键演员信息，即Madhuri Dixit、Ajay Devgn和Preity Zinta，且顺序一致。尽管预测答案省略了标准答案中的引导语“The cast includes”，但核心内容完全覆盖，语义上与标准答案等价，符合允许措辞细微差异的判断标准。因此，预测答案正确回答了电影《Yeh Raaste Hain Pyaar Ke》的演员名单问题。
Who married the publisher of abolitionist newspaper The North Star?,Who was Frederick Douglass married to?,Frederick Douglass was married first to Anna Murray Douglass and second to Helen Pitts Douglass.,"Helen Pitts DocumentDocument: Helen Pitts Douglass (1838–1903) was an American suffragist and abolitionist, known for being the second wife of Frederick Douglass. She also created the Frederick Douglass Memorial and Historical Association.",False,0.3947368421052631,0.0,预测答案仅提到了弗雷德里克·道格拉斯的第二任妻子海伦·皮茨·道格拉斯，并提供了关于她的额外细节，但完全遗漏了他的第一任妻子安娜·默里·道格拉斯。标准答案明确指出他先后与两位女性结婚，而预测答案未能涵盖这一关键信息，导致回答不完整且语义上不等价。因此，预测答案未能正确回答关于弗雷德里克·道格拉斯婚姻状况的问题。,Helen Pitts Douglass and Anna Murray Douglass,True,0.7027027027027027,0.0,预测答案虽然颠倒了两位妻子的顺序，但完整包含了标准答案中的关键信息，即弗雷德里克·道格拉斯先后与安娜·默里·道格拉斯和海伦·皮茨·道格拉斯结婚。语义上完全等价，仅存在表述顺序的差异，这并不影响核心事实的准确性。因此，预测答案正确回答了问题，符合所有判断标准。
What political party does the person that Adversary in the House is based on a member of?,Who is the book 'Adversary in the House' based on?,The book 'Adversary in the House' is based on the life of Eugene V. Debs and his wife Kate.,Eugene V. Debs and of his wife Kate,True,0.7333333333333334,0.0,预测答案“Eugene V. Debs and of his wife Kate”虽然省略了标准答案中的部分措辞，如“the book is based on the life of”，但它完整地包含了标准答案的核心关键信息，即这本书是基于尤金·V·德布斯和他的妻子凯特。在语义上，预测答案与标准答案完全等价，都准确指出了书籍的创作基础，且措辞上的细微差异（如使用“of his wife”而非“his wife”）并未改变原意，因此可以判定为正确回答了问题。,Eugene V. Debs and of his wife Kate,True,0.7333333333333334,0.0,预测答案“Eugene V. Debs and of his wife Kate”虽然省略了标准答案中的部分措辞，如“the book is based on the life of”，但它完整地包含了标准答案的核心关键信息，即这本书是基于尤金·V·德布斯和他的妻子凯特。在语义上，预测答案与标准答案完全等价，都准确指出了书籍的创作基础，且措辞上的细微差异（如使用“of his wife”而非“his wife”）并未改变原意，因此可以判定为正确回答了问题。
What political party does the person that Adversary in the House is based on a member of?,What political party did Eugene V. Debs belong to?,Eugene V. Debs belonged to the Socialist Party of America.,Socialist Party of America,True,0.39999999999999997,0.0,预测答案“Socialist Party of America”完整包含了标准答案中的关键信息，即尤金·V·德布斯所属的政治党派。虽然预测答案省略了“belonged to”等表述，但其核心内容与标准答案“Socialist Party of America”在语义上完全等价，且措辞差异不影响意思的一致性，因此正确回答了问题。,Socialist Party,True,0.15384615384615385,0.0,"预测答案""Socialist Party""虽然省略了标准答案中的""of America""这一地域限定词，但在历史和政治语境中，当特指尤金·V·德布斯所处的美国社会主义运动背景时，""Socialist Party""通常被理解为""Socialist Party of America""的简称或通用指代。两者在核心语义上完全等价，都准确指出了德布斯所属的政党性质和政治立场，没有产生歧义或信息错误。因此，预测答案正确包含了关键信息，且与标准答案在语义上保持一致。"
What event caused the Liberal Party of Australia's longest-serving leader to become Prime Minister?,Who is the longest-serving leader of the Liberal Party of Australia?,Robert Menzies,Robert Menzies,True,1.0,1.0,预测答案“Robert Menzies”与标准答案完全一致，直接包含了关键信息，即澳大利亚自由党任职时间最长的领导人是罗伯特·孟席斯。两者在语义上完全等价，没有任何措辞差异，准确回答了问题中关于“longest-serving leader”的询问，符合所有判断标准。,Robert Menzies,True,1.0,1.0,预测答案“Robert Menzies”与标准答案完全一致，直接包含了关键信息，即澳大利亚自由党任职时间最长的领导人是罗伯特·孟席斯。两者在语义上完全等价，没有任何措辞差异，准确回答了问题中关于“longest-serving leader”的询问，符合所有判断标准。
What event caused the Liberal Party of Australia's longest-serving leader to become Prime Minister?,What specific political event or circumstance caused Robert Menzies to become Prime Minister of Australia?,"Robert Menzies became Prime Minister following the death of the incumbent Prime Minister, Joseph Lyons, in 1939.","Menzies became Prime Minister of Australia following the death of Joseph Lyons in 1939, when he assumed the Prime Ministership on the eve of World War II.",True,0.6909090909090908,0.0,预测答案准确包含了标准答案的关键信息，即罗伯特·孟席斯是在约瑟夫·莱昂斯去世后成为澳大利亚总理的，且时间背景（1939年）与标准答案一致。虽然预测答案补充了“二战前夕”这一细节，但这并未改变核心事实的语义，反而增强了准确性。两者在关键事件和因果关系上完全等价，措辞差异属于合理范围，因此预测答案正确回答了问题。,Menzies became Prime Minister of Australia after Joseph Lyons' death in 1939.,True,0.8095238095238095,0.0,预测答案准确包含了标准答案的核心信息，即罗伯特·孟席斯是在约瑟夫·莱昂斯于1939年去世后成为澳大利亚总理的。虽然预测答案省略了“incumbent”（现任）这一修饰词，但这并未影响关键事实的准确性，语义上与标准答案完全等价，都明确指出了导致孟席斯上任的具体政治事件。因此，预测答案正确回答了问题。
Who founded the publisher of The Final Testament of the Holy Bible?,Who is the publisher of The Final Testament of the Holy Bible?,The Final Testament of the Holy Bible was published by Gagosian Gallery.,Gagosian Gallery,True,0.28571428571428575,0.0,预测答案“Gagosian Gallery”完整包含了标准答案中的关键信息，即该书的出版商。虽然预测答案省略了标准答案中的部分描述性语句（如“The Final Testament of the Holy Bible was published by”），但其核心语义与标准答案完全一致，均明确指出出版商为Gagosian Gallery。根据判断标准，这种措辞上的简化不影响意思的等价性，因此预测答案正确回答了问题。,Gagosian Gallery,True,0.28571428571428575,0.0,预测答案“Gagosian Gallery”完整包含了标准答案中的关键信息，即该书的出版商。虽然预测答案省略了标准答案中的部分描述性语句（如“The Final Testament of the Holy Bible was published by”），但其核心语义与标准答案完全一致，均明确指出出版商为Gagosian Gallery。根据判断标准，这种措辞上的简化不影响意思的等价性，因此预测答案正确回答了问题。
Who founded the publisher of The Final Testament of the Holy Bible?,Who founded the Gagosian Gallery?,The Gagosian Gallery was founded by Larry Gagosian.,Larry Gagosian,True,0.5333333333333333,0.0,预测答案“Larry Gagosian”直接提供了标准答案中的核心信息，即画廊的创始人姓名。虽然预测答案省略了标准答案中“The Gagosian Gallery was founded by”这一背景描述，但问题明确询问“谁创立了高古轩画廊”，预测答案精准地给出了关键人物，语义上与标准答案完全等价，且没有引入任何错误或歧义信息，符合措辞差异但意思一致的要求。,Larry Gagosian,True,0.5333333333333333,0.0,预测答案“Larry Gagosian”直接提供了标准答案中的核心信息，即画廊的创始人姓名。虽然预测答案省略了标准答案中“The Gagosian Gallery was founded by”这一背景描述，但问题明确询问“谁创立了高古轩画廊”，预测答案精准地给出了关键人物，语义上与标准答案完全等价，且没有引入任何错误或歧义信息，符合措辞差异但意思一致的要求。
The Nicole and Natalie album's band is named after who?,What is the name of the band that released the album 'Nicole and Natalie'?,Nina Sky,Nicole and Natalie is the second studio album by the American female duo Nina Sky.,True,0.2222222222222222,0.0,预测答案明确包含了标准答案“Nina Sky”这一关键信息，并进一步提供了专辑的背景细节（如“第二张录音室专辑”和“美国女子二人组合”），这些补充信息不仅没有偏离问题核心，反而在语义上与标准答案完全等价。尽管措辞上存在差异（标准答案仅给出乐队名称，而预测答案以完整句子呈现），但两者都准确回答了“哪个乐队发行了专辑‘Nicole and Natalie’”这一问题，符合判断标准中的语义一致性和信息完整性要求。,Nicole and Natalie is the second studio album by the New York City-based duo Nina Sky.,True,0.19999999999999998,0.0,预测答案明确指出了专辑《Nicole and Natalie》是由纽约市的双人组合Nina Sky发行的，这直接包含了标准答案“Nina Sky”这一关键信息。尽管预测答案以更详细的句子形式呈现，但其核心语义与标准答案完全等价，都准确回答了乐队名称的问题，且措辞差异并未影响意思的一致性。因此，预测答案正确回答了问题。
Of which river is the river Kichi Sipi Bridge crosses a tributary?,Which river does the Kichi Sipi Bridge cross?,The Kichi Sipi Bridge crosses the Nelson River.,The Nelson River,True,0.2,0.0,预测答案“The Nelson River”虽然省略了标准答案中的动词结构，但直接提供了问题的核心信息——河流名称。根据判断标准，预测答案在语义上与标准答案“The Kichi Sipi Bridge crosses the Nelson River”完全等价，因为两者都明确指出了桥梁跨越的河流是纳尔逊河，且关键信息完全一致。这种措辞差异属于允许的细微变化，不影响答案的正确性。,Nelson River,True,0.2,0.0,预测答案“Nelson River”完整包含了标准答案中的关键信息“Nelson River”，两者在语义上完全等价，均准确指出了桥梁所跨越的河流名称。尽管预测答案省略了标准答案中的部分措辞（如“The”和“crosses the”），但这并不影响核心事实的表达，且符合允许措辞细微差异的判断标准，因此预测答案正确回答了问题。
Of which river is the river Kichi Sipi Bridge crosses a tributary?,Into which larger river does the Nelson River flow as a tributary?,"The Nelson River flows directly into Hudson Bay, not into a larger river as a tributary.",The Nelson River flows into the Hudson Bay.,True,0.6086956521739131,0.0,预测答案“The Nelson River flows into the Hudson Bay”与标准答案的关键信息完全一致，即纳尔逊河直接流入哈德逊湾，而不是作为支流汇入更大的河流。尽管预测答案省略了标准答案中“not into a larger river as a tributary”这一否定性补充说明，但其核心语义已准确传达了纳尔逊河的最终流向，且措辞差异不影响整体意思的正确性。因此，预测答案在语义上与标准答案等价，正确回答了问题。,Hudson Bay,True,0.2222222222222222,0.0,预测答案“Hudson Bay”直接提供了标准答案中的核心信息，即纳尔逊河最终流入哈德逊湾，而非作为支流汇入更大的河流。虽然预测答案省略了标准答案中“不是作为支流汇入更大河流”的补充说明，但问题的主要焦点是询问纳尔逊河汇入的水体，而预测答案准确指出了这一目的地，语义上与标准答案的关键部分完全一致，符合“语义等价”的判断标准。
Who is the child of the actor who is a cast member of Love in Pawn?,Who are the cast members of Love in Pawn?,Bernard Braden and Barbara Kelly,"Bernard Braden, Barbara Kelly",True,0.9333333333333333,0.0,"预测答案“Bernard Braden, Barbara Kelly”完整包含了标准答案“Bernard Braden and Barbara Kelly”中的两位关键演员姓名，仅存在连接词“and”与逗号的细微格式差异，但语义完全等价。两者均准确列出了《Love in Pawn》的主要演员阵容，信息核心一致，没有遗漏或错误添加任何关键人物，因此符合所有判断标准，正确回答了问题。","Bernard Braden, Barbara Kelly",True,0.9333333333333333,0.0,"预测答案“Bernard Braden, Barbara Kelly”完整包含了标准答案“Bernard Braden and Barbara Kelly”中的两位关键演员姓名，仅存在连接词“and”与逗号的细微格式差异，但语义完全等价。两者均准确列出了《Love in Pawn》的主要演员阵容，信息核心一致，没有遗漏或错误添加任何关键人物，因此符合所有判断标准，正确回答了问题。"
Who is the child of the actor who is a cast member of Love in Pawn?,Which of the cast members of 'Love in Pawn' (Bernard Braden and Barbara Kelly) are actors?,Both Bernard Braden and Barbara Kelly are actors.,Bernard Braden and Barbara Kelly are actors.,True,0.9523809523809523,0.0,预测答案“Bernard Braden and Barbara Kelly are actors”完整包含了标准答案“Both Bernard Braden and Barbara Kelly are actors”的关键信息，即明确指出两位人物都是演员。尽管预测答案省略了“Both”一词，但通过并列列举姓名并直接陈述“are actors”，在语义上完全等价于标准答案，意思保持一致，没有产生歧义或遗漏核心内容。这种措辞上的细微差异不影响答案的正确性，因此预测答案正确回答了问题。,Bernard Braden and Barbara Kelly,True,0.8421052631578948,0.0,预测答案虽然省略了标准答案中的“Both...are actors”这一完整表述，但通过直接列出“Bernard Braden and Barbara Kelly”这一关键信息，已经隐含地确认了两人都是演员。在语义上，预测答案与标准答案的核心内容一致，即指出了问题所问的两位演员身份，且没有引入错误或矛盾信息。这种简洁回答在上下文中足以正确回答问题，符合语义等价的原则。
Who is the child of the actor who is a cast member of Love in Pawn?,Who is the child of Bernard Braden or Barbara Kelly?,Kim Braden is the daughter of Bernard Braden and Barbara Kelly.,"Stephanie Ralph is the child of Bernard Braden or Barbara Kelly, as she is portrayed as Oscar Larkin's sister in The Darling Buds of May, and Oscar Larkin is the child of Bernard Braden and Barbara Kelly.",False,0.4126984126984127,0.0,预测答案错误地声称Stephanie Ralph是Bernard Braden和Barbara Kelly的孩子，这与标准答案中明确的女儿Kim Braden不符。预测答案基于虚构剧集《The Darling Buds of May》的角色关系进行推断，但该剧是艺术作品，并非真实人物关系来源。标准答案基于真实世界的事实信息，而预测答案未能提供任何可靠证据支持其说法，导致语义和事实层面均与标准答案不一致，因此无法正确回答问题。,Kim Braden,True,0.25,0.0,"预测答案""Kim Braden""直接提供了标准答案中的核心信息，即Bernard Braden和Barbara Kelly的孩子姓名。虽然预测答案省略了""daughter""这一关系描述和父母全名，但问题明确询问""child""的具体身份，预测答案精准给出了人名，与标准答案的关键信息完全一致且在语义上等价。这种简洁回答在常见问答场景中是可接受的，因为它直接满足了问题的核心需求。"
Who is the spouse of the first nominated African American presidential candidate?,Who was the first nominated African American presidential candidate?,"Frederick Douglass was the first African American to be nominated as a presidential candidate, receiving one vote at the 1888 Republican National Convention.","Barack Obama was the first nominated African American presidential candidate, as he won the Democratic Party's nomination in 2008.",False,0.40816326530612246,0.0,预测答案与标准答案在关键信息上存在本质差异。标准答案明确指出首位被提名的非裔美国总统候选人是弗雷德里克·道格拉斯（1888年共和党全国代表大会），而预测答案错误地认为是巴拉克·奥巴马（2008年民主党提名）。两者在历史时间、具体人物和政党背景上均不一致，这并非措辞差异，而是事实性错误，因此预测答案未能正确回答问题。,Frederick Douglass,True,0.2666666666666667,0.0,预测答案“Frederick Douglass”直接提供了标准答案中的核心人物信息，即第一位被提名的非裔美国总统候选人。虽然预测答案没有像标准答案那样详细说明提名时间（1888年）和场合（共和党全国代表大会），但它准确抓住了问题的关键——候选人身份，在语义上与标准答案等价。根据判断标准，允许措辞上的细微差异，只要意思保持一致即可，因此预测答案正确回答了问题。
Who is the spouse of the first nominated African American presidential candidate?,Who was the spouse of Frederick Douglass?,"Frederick Douglass had two spouses: his first wife was Anna Murray Douglass, and his second wife was Helen Pitts Douglass.",Helen Pitts,False,0.2424242424242424,0.0,第一任是安娜·默里·道格拉斯，第二任才是海伦·皮茨·道格拉斯。预测答案遗漏了关键的第一任配偶信息，未能完整覆盖标准答案的核心内容，因此不能被视为正确回答了问题。尽管预测答案的部分信息准确，但整体上语义不完整，不符合评估标准中的等价性要求。,Helen Pitts Douglass and Anna Murray Douglass,True,0.6190476190476191,0.0,预测答案“Helen Pitts Douglass and Anna Murray Douglass”完整包含了标准答案中提到的弗雷德里克·道格拉斯的两位配偶信息，即第一任妻子安娜·默里·道格拉斯和第二任妻子海伦·皮茨·道格拉斯。尽管预测答案未明确区分配偶顺序，也未使用“first wife”和“second wife”等措辞，但语义上与标准答案完全等价，关键信息无遗漏。根据评估标准，允许措辞上的细微差异，只要核心意思一致即可，因此预测答案正确回答了问题。
What event caused the founder of Australia's liberal party to become Prime Minister?,Who founded the Liberal Party of Australia?,Robert Menzies founded the Liberal Party of Australia.,Robert Menzies,True,0.6153846153846153,0.0,预测答案“Robert Menzies”直接提供了标准答案中的核心信息，即自由党的创立者姓名。虽然预测答案省略了动词“founded”和政党全称“Liberal Party of Australia”，但在语义上与标准答案完全等价，因为问题明确询问创立者身份，仅回答姓名已足以准确回应。这种措辞差异不影响关键信息的完整性，符合“语义等价”的判断标准。,Robert Menzies,True,0.6153846153846153,0.0,预测答案“Robert Menzies”直接提供了标准答案中的核心信息，即自由党的创立者姓名。虽然预测答案省略了动词“founded”和政党全称“Liberal Party of Australia”，但在语义上与标准答案完全等价，因为问题明确询问创立者身份，仅回答姓名已足以准确回应。这种措辞差异不影响关键信息的完整性，符合“语义等价”的判断标准。
What event caused the founder of Australia's liberal party to become Prime Minister?,When did Robert Menzies serve as Prime Minister of Australia?,"Robert Menzies served as Prime Minister of Australia from 1939 to 1941 and again from 1949 to 1966 (his tenure ended before the 1972 election, making him the longest-serving PM).",1939 to 1941,False,0.29508196721311475,0.0,预测答案仅提供了罗伯特·孟席斯担任澳大利亚总理的第一个任期（1939年至1941年），但遗漏了他从1949年至1966年的第二个任期。标准答案明确指出他两次担任总理，且第二次任期使他成为澳大利亚历史上任期最长的总理。预测答案因信息不完整，未能全面回答关于其总理任期的全部时间范围，因此在语义上与标准答案不等价。,1939 to 1941,False,0.29508196721311475,0.0,预测答案仅提供了罗伯特·孟席斯担任澳大利亚总理的第一个任期（1939年至1941年），但遗漏了他从1949年至1966年的第二个任期。标准答案明确指出他两次担任总理，且第二次任期使他成为澳大利亚历史上任期最长的总理。预测答案因信息不完整，未能全面回答关于其总理任期的全部时间范围，因此在语义上与标准答案不等价。
What event caused the founder of Australia's liberal party to become Prime Minister?,What specific political event or circumstance led to Robert Menzies first becoming Prime Minister of Australia in 1939?,"Robert Menzies first became Prime Minister of Australia in 1939 following the death of the previous Prime Minister, Joseph Lyons.","Menzies first became Prime Minister of Australia in 1939 following the death of Joseph Lyons, the leader of the United Australia Party (UAP) and Prime Minister at the time.",True,0.7796610169491526,0.0,预测答案准确包含了标准答案的关键信息，即罗伯特·孟席斯在1939年因前任总理约瑟夫·莱昂斯去世而首次成为澳大利亚总理。虽然预测答案额外提到了莱昂斯是统一澳大利亚党的领导人，但这并未改变核心事实的语义，反而补充了背景信息，与标准答案在关键点上完全一致，符合语义等价的要求。,"The stance of Lyons and other Labor rebels against the more radical proposals of the Labor movement to deal the Great Depression had attracted the support of prominent Australian conservatives. With Australia still suffering the effects of the Great Depression, the newly formed party won a landslide victory at the 1931 Election, and the Lyons Government went on to win three consecutive elections. Lyons' death in 1939 saw Robert Menzies assume the Prime Ministership on the eve of war.",True,0.30188679245283023,0.0,"预测答案明确指出了“Lyons' death in 1939 saw Robert Menzies assume the Prime Ministership”，这与标准答案中“following the death of the previous Prime Minister, Joseph Lyons”的关键信息完全一致。尽管预测答案补充了更多背景细节（如大萧条和选举历史），但其核心语义与标准答案等价，都强调了莱昂斯去世是导致孟席斯在193年成为总理的直接政治事件，措辞差异不影响意思的一致性。"
What is the river that the Kettle Generating Station is located on a tributary of?,On which river is the Kettle Generating Station located?,The Kettle Generating Station is located on the Lower Nelson River.,Kettle River,False,0.33333333333333337,0.0,预测答案“Kettle River”与标准答案“Lower Nelson River”在语义上存在本质差异，两者并非同一条河流。Kettle Generating Station 的实际位置是 Lower Nelson River，而“Kettle River”可能源于对电站名称的误解或混淆，未能包含标准答案的关键地理信息。这种差异直接导致预测答案无法正确回答关于电站具体地理位置的问题，因此不符合语义等价的要求。,Lower Nelson River,True,0.4615384615384615,0.0,预测答案“Lower Nelson River”完整包含了标准答案中的关键地理信息“Lower Nelson River”，且与标准答案“The Kettle Generating Station is located on the Lower Nelson River”在语义上完全等价。尽管预测答案省略了句子结构，仅以河流名称作答，但根据判断标准，这种措辞差异不影响核心信息的准确性，意思保持一致，因此可以判定为正确回答了问题。
What is the river that the Kettle Generating Station is located on a tributary of?,"Is the Lower Nelson River a tributary of a larger river system, and if so, which main river does it flow into?","Yes, the Lower Nelson River is part of the Nelson River system, and it flows into Hudson Bay.","The Lower Nelson River is a tributary of the Nelson River, which flows into Hudson Bay.",True,0.7428571428571428,0.0,首先确认了Lower Nelson River是Nelson River的支流，这与标准答案中“part of the Nelson River system”在语义上完全等价；其次明确指出了其最终流入Hudson Bay，与标准答案的核心事实一致。尽管措辞上略有差异（如“tributary of”与“part of”），但两者均表达了隶属关系，且整体意思保持一致，没有出现信息错误或遗漏。因此，预测答案正确回答了问题。,"The Lower Nelson River flows into the Hudson Bay, as it is a part of the Nelson River system that flows from Lake Winnipeg to Hudson Bay.",True,0.6956521739130435,0.0,它确认了“是”（Yes）的隐含含义，指出Lower Nelson River是Nelson River系统的一部分，并明确说明其最终流入Hudson Bay。虽然预测答案补充了“从Lake Winnipeg流出”这一细节，但这并未改变核心语义，反而增强了答案的完整性。在语义上，预测答案与标准答案完全等价，均正确回答了问题的主干，且措辞差异属于可接受的细微变化。
Who was the spouse of a leading speaker against slavery and publisher of an antislavery newspaper?,Who was a leading speaker against slavery and publisher of an antislavery newspaper?,Frederick Douglass,Frederick Douglass,True,1.0,1.0,预测答案“Frederick Douglass”完全符合标准答案，两者在语义上完全等价，且预测答案直接包含了标准答案的关键信息。弗雷德里克·道格拉斯（Frederick Douglass）确实是19世纪美国著名的废奴主义演说家和报纸出版人，他创办的《北极星报》是重要的反奴隶制刊物。预测答案虽未详细展开，但核心内容与问题要求一致，措辞上的细微差异（如未提及全名细节）不影响其正确性，因此可以判定为正确回答了问题。,Frederick Douglass,True,1.0,1.0,预测答案“Frederick Douglass”完全符合标准答案，两者在语义上完全等价，且预测答案直接包含了标准答案的关键信息。弗雷德里克·道格拉斯（Frederick Douglass）确实是19世纪美国著名的废奴主义演说家和报纸出版人，他创办的《北极星报》是重要的反奴隶制刊物。预测答案虽未详细展开，但核心内容与问题要求一致，措辞上的细微差异（如未提及全名细节）不影响其正确性，因此可以判定为正确回答了问题。
Who was the spouse of a leading speaker against slavery and publisher of an antislavery newspaper?,Who was Frederick Douglass's spouse?,"Frederick Douglass had two spouses: his first wife was Anna Murray Douglass, and his second wife was Helen Pitts Douglass.",Helen Pitts,False,0.2424242424242424,0.0,第一任是安娜·默里·道格拉斯，第二任才是海伦·皮茨·道格拉斯。预测答案遗漏了关键的第一任配偶信息，未能完整覆盖标准答案的核心内容，因此不能被视为正确回答了问题。虽然预测答案的部分信息与标准答案一致，但语义上并不等价，因为它提供了不完整的配偶列表。,Helen Pitts and Anna Murray,True,0.4736842105263158,0.0,预测答案“Helen Pitts and Anna Murray”虽然未明确标注“第一任”和“第二任”配偶的顺序，但完整列出了标准答案中提到的两位关键人物——安娜·默里·道格拉斯和海伦·皮茨·道格拉斯，且姓名信息准确无误。在语义上，它直接回应了“弗雷德里克·道格拉斯的配偶是谁”的问题核心，即指出其配偶的具体身份。尽管措辞简略且未包含婚姻顺序细节，但关键信息完整且无错误，因此可以视为正确回答了问题。
Where is Ulrich Walter's employer headquartered?,Who is Ulrich Walter's employer?,Ulrich Walter's employers were the German astronaut team and the German Aerospace Center (DLR).,German Aerospace Center,True,0.2222222222222222,0.0,预测答案“German Aerospace Center”是标准答案中明确列出的雇主之一，即德国航空航天中心（DLR）。虽然标准答案还提到了德国宇航员团队，但预测答案抓住了核心雇主信息，语义上与标准答案的关键部分完全一致，且措辞差异在允许范围内，因此可以认为正确回答了问题。,German Aerospace Center,True,0.2222222222222222,0.0,预测答案“German Aerospace Center”是标准答案中明确列出的雇主之一，即德国航空航天中心（DLR）。虽然标准答案还提到了德国宇航员团队，但预测答案抓住了核心雇主信息，语义上与标准答案的关键部分完全一致，且措辞差异在允许范围内，因此可以认为正确回答了问题。
Who is the city where Lesnoye Sanatorium is located named after?,Where is Lesnoye Sanatorium located?,"Lesnoye Sanatorium is located in the city of Tolyatti, Russia.","Tolyatti, Russia",True,0.3333333333333333,0.0,"预测答案“Tolyatti, Russia”完整包含了标准答案中的关键信息，即地点“Tolyatti”和国家“Russia”，虽然省略了“Lesnoye Sanatorium is located in the city of”这一表述，但语义上与标准答案完全等价，都准确指出了该疗养院位于俄罗斯陶里亚蒂市。这种措辞差异不影响核心信息的传递，符合判断标准中允许细微差异的要求。","Tolyatti, Russia",True,0.3333333333333333,0.0,"预测答案“Tolyatti, Russia”完整包含了标准答案中的关键信息，即地点“Tolyatti”和国家“Russia”，虽然省略了“Lesnoye Sanatorium is located in the city of”这一表述，但语义上与标准答案完全等价，都准确指出了该疗养院位于俄罗斯陶里亚蒂市。这种措辞差异不影响核心信息的传递，符合判断标准中允许细微差异的要求。"
Who is the city where Lesnoye Sanatorium is located named after?,Who is the city of Tolyatti named after?,"The city of Tolyatti is named after Palmiro Togliatti, the longest-serving secretary of the Italian Communist Party.","Tolyatti is named after Palmiro Togliatti, the longest-serving secretary of the Italian Communist Party.",True,0.8947368421052632,0.0,预测答案与标准答案在语义上完全等价，都明确指出托利亚蒂市是以意大利共产党长期领导人帕尔米罗·托利亚蒂的名字命名的。尽管预测答案省略了“The city of”这一短语，但核心信息（命名对象、人物身份）与标准答案一致，措辞差异不影响关键信息的准确传达，符合评估标准中关于语义等价和允许细微措辞变化的要求。,Palmiro Togliatti,True,0.32000000000000006,0.0,预测答案“Palmiro Togliatti”直接提供了标准答案中的核心信息，即城市以帕尔米罗·陶里亚蒂命名。虽然预测答案省略了标准答案中关于其身份的补充描述（意大利共产党长期书记），但这并不影响对问题核心的正确回应，因为问题仅询问命名对象，预测答案在语义上已等价且完整地给出了关键人名，符合判断标准。
Whom is the birth place of Ravil Aryapov named after?,Who is Ravil Aryapov and where was he born?,"Ravil Aryapov is a Russian professional football coach and former player. He was born in Stavropol, which is now the city of Tolyatti.","Ravil Velimukhamedovich Aryapov is a Russian professional football coach and former player. He was born on February 1, 1948 in Stavropol, now Tolyatti.",True,0.6969696969696971,0.0,明确指出Ravil Aryapov是俄罗斯职业足球教练和前球员，并准确说明他出生在Stavropol（现为Tolyatti）。此外，预测答案还补充了出生日期和全名等额外细节，这些信息与标准答案在语义上完全一致，没有产生任何矛盾或偏差，符合措辞差异允许的范围。因此，预测答案正确回答了问题。,"Ravil Velimukhamedovich Aryapov is a Russian professional football coach and former player. He was born in Stavropol, Russia.",True,0.7037037037037037,0.0,预测答案准确提供了Ravil Aryapov的身份（俄罗斯职业足球教练和前球员）以及出生地（Stavropol），这与标准答案的核心信息完全一致。虽然预测答案未提及Stavropol现为Tolyatti这一细节，但这并不影响对“出生地”关键点的正确回答，且语义上与标准答案等价。允许的措辞差异（如添加中间名“Velimukhamedovich”和补充“Russia”）反而使答案更完整，因此预测答案正确回答了问题。
Whom is the birth place of Ravil Aryapov named after?,Whom is the city of Tolyatti named after?,"The city of Tolyatti is named after Palmiro Togliatti, the longest-serving secretary of the Italian Communist Party.",the longest-serving secretary of the Italian Communist Party,False,0.5185185185185185,0.0,预测答案仅提供了“意大利共产党任期最长的书记”这一描述，但未明确指出该人物的具体姓名“帕尔米罗·陶里亚蒂”。问题要求回答城市以谁命名，核心信息是人物姓名，而预测答案仅描述了其身份，未直接给出命名对象，因此未能完整且等价地回应问题。尽管描述与标准答案部分一致，但缺失关键姓名导致语义不完整，不符合“正确回答”的标准。,Palmiro Togliatti,True,0.32000000000000006,0.0,预测答案“Palmiro Togliatti”直接提供了标准答案中的核心信息，即城市命名的对象。虽然预测答案省略了标准答案中关于其身份的补充描述（意大利共产党长期书记），但问题仅询问命名对象，预测答案在语义上完全等价且准确回应了问题，符合允许措辞差异但意思一致的标准。
Who is the city that AvtoVAZ's headquarters is located in named after?,In which city is AvtoVAZ's headquarters located?,Tolyatti,Tolyatti,True,1.0,1.0,预测答案“Tolyatti”与标准答案完全一致，不仅包含了关键信息，而且在语义上完全等价，没有任何措辞差异。该答案直接、准确地指出了AvtoVAZ总部所在的城市，符合问题要求，因此可以明确判定为正确回答。,Tolyatti,True,1.0,1.0,预测答案“Tolyatti”与标准答案完全一致，不仅包含了关键信息，而且在语义上完全等价，没有任何措辞差异。该答案直接、准确地指出了AvtoVAZ总部所在的城市，符合问题要求，因此可以明确判定为正确回答。
Who is the city that AvtoVAZ's headquarters is located in named after?,Who is the city of Tolyatti named after?,"The city of Tolyatti is named after Palmiro Togliatti, the longest-serving secretary of the Italian Communist Party.",the longest-serving secretary of the Italian Communist Party,False,0.5185185185185185,0.0,预测答案仅提供了“意大利共产党任职时间最长的书记”这一描述，但未明确指出该人物是“帕尔米罗·陶里亚蒂”（Palmiro Togliatti），而问题要求回答的是托利亚蒂市以谁命名。虽然预测答案描述了该人物的身份，但缺少具体的姓名信息，因此未能完整、准确地回答“是谁”这一核心问题，与标准答案在关键信息上存在缺失，不符合语义等价的要求。,Palmiro Togliatti,True,0.32000000000000006,0.0,预测答案“Palmiro Togliatti”直接提供了标准答案中的核心信息，即城市以帕尔米罗·陶里亚蒂命名。虽然预测答案省略了标准答案中关于其身份的补充描述（意大利共产党长期书记），但这并不影响对问题核心的正确回应，因为问题仅询问命名对象，预测答案在语义上已等价且完整地给出了关键人名，符合判断标准。
Where was the founder of the National Women's Party born?,Who is the founder of the National Women's Party?,Alice Paul,Alice Paul,True,1.0,1.0,预测答案“Alice Paul”与标准答案完全一致，不仅包含了关键信息，而且在语义上完全等价，没有任何措辞差异。这一答案准确无误地指出了国家妇女党的创始人，直接回应了问题核心，符合所有判断标准，因此是正确的回答。,Alice Paul,True,1.0,1.0,预测答案“Alice Paul”与标准答案完全一致，不仅包含了关键信息，而且在语义上完全等价，没有任何措辞差异。这一答案准确无误地指出了国家妇女党的创始人，直接回应了问题核心，符合所有判断标准，因此是正确的回答。
Where was the founder of the National Women's Party born?,Where was Alice Paul born?,"Mount Laurel Township, New Jersey.","Paulsdale, in Mount Laurel Township, New Jersey",True,0.7142857142857143,0.0,"预测答案“Paulsdale, in Mount Laurel Township, New Jersey”完全包含了标准答案“Mount Laurel Township, New Jersey”的关键信息，并在语义上等价。虽然预测答案添加了更具体的细节“Paulsdale”，但这不仅没有偏离标准答案，反而提供了更精确的出生地点描述，与标准答案的核心内容保持一致。根据判断标准，允许措辞上的细微差异，只要意思一致即可，因此预测答案正确回答了问题。","Paulsdale, in Mount Laurel Township, New Jersey",True,0.7142857142857143,0.0,"预测答案“Paulsdale, in Mount Laurel Township, New Jersey”完全包含了标准答案“Mount Laurel Township, New Jersey”的关键信息，并在语义上等价。虽然预测答案添加了更具体的细节“Paulsdale”，但这不仅没有偏离标准答案，反而提供了更精确的出生地点描述，与标准答案的核心内容保持一致。根据判断标准，允许措辞上的细微差异，只要意思一致即可，因此预测答案正确回答了问题。"
What administrative territorial entity is the owner of Ciudad Deportiva located?,Where is Ciudad Deportiva located?,"Ciudad Deportiva is located in Nuevo Laredo, Mexico.","Ciudad Deportiva is located in Nuevo Laredo, Mexico.",True,1.0,1.0,预测答案包含了标准答案的关键信息（地点名称和国家），语义上与标准答案完全等价，且措辞无任何差异，意思保持高度一致，因此可以确认预测答案正确回答了问题。,"Ciudad Deportiva is located in Nuevo Laredo, Mexico.",True,1.0,1.0,预测答案包含了标准答案的关键信息（地点名称和国家），语义上与标准答案完全等价，且措辞无任何差异，意思保持高度一致，因此可以确认预测答案正确回答了问题。
What administrative territorial entity is the owner of Ciudad Deportiva located?,"What administrative territorial entity owns the Ciudad Deportiva sports complex in Nuevo Laredo, Mexico?",The Ciudad Deportiva sports complex is owned by the Nuevo Laredo Municipality.,"Ciudad Deportiva is owned by the city of Nuevo Laredo. However, since the question asks for the administrative territorial entity, the correct answer would be the Municipality of Nuevo Laredo.",True,0.5116279069767441,0.0,预测答案明确指出了“the Municipality of Nuevo Laredo”作为所有权实体，这与标准答案中的“Nuevo Laredo Municipality”在语义上完全等价，尽管措辞略有差异。预测答案不仅提供了关键信息，还通过补充说明强调了“行政实体”这一要求，确保了答案的准确性和完整性，完全符合判断标准。,The Municipality of Nuevo Laredo,True,0.4,0.0,预测答案“The Municipality of Nuevo Laredo”与标准答案“the Nuevo Laredo Municipality”在语义上完全等价，两者都指代同一个行政实体，即墨西哥新拉雷多的市政当局。尽管措辞略有差异（如“Municipality of”与“Municipality”的位置不同），但核心信息一致，都准确表达了体育综合体由当地政府所有这一关键事实，没有引入任何错误或歧义信息。
Who founded the company that distributed the film UHF?,Which company distributed the film UHF?,Orion Pictures,"UModcastDocumentDocument: UModcastDocumentDocument: UModcastPictures is an American film distribution company and a film and television production company founded by Kevin Smith in 2011. However, there is no direct mention of the distribution of the film UHF in the provided documents. Given the format of the question and the available information, it's not possible to definitively state which company distributed the film UHF based solely on the given documents. The question might require additional context or information not present in the provided texts.",False,0,0.0,预测答案并未正确回答问题，因为它没有提供标准答案“Orion Pictures”这一关键信息。相反，预测答案主要讨论了UModcastPictures的背景，并错误地声称无法基于给定文档确定发行公司，这偏离了问题的核心。实际上，标准答案明确指出《UHF》这部电影由Orion Pictures发行，而预测答案中完全没有提及这一点，导致语义上不匹配，无法满足正确回答的基本要求。,Orion Pictures,True,1.0,1.0,预测答案“Orion Pictures”与标准答案完全一致，不仅包含了关键信息，而且在语义上完全等价，没有任何措辞差异。该答案准确指出了电影《UHF》的发行公司，直接回答了问题，符合所有判断标准，因此是正确的。
Who founded the company that distributed the film UHF?,Who founded Orion Pictures?,Morris Mike Medavoy was a co-founder of Orion Pictures.,Morris Mike Medavoy,True,0.5882352941176471,0.0,"预测答案""Morris Mike Medavoy""直接提供了标准答案中的核心信息，即Orion Pictures的创始人姓名。虽然预测答案省略了""co-founder""这一具体角色描述，但标准答案的关键事实是创始人的身份，而预测答案准确指出了该人物。在语义上，提及创始人姓名已足以回答""Who founded""的问题，且没有与标准答案产生矛盾。这种措辞差异属于可接受的简化，因为核心信息保持一致，没有引入错误或误导性内容。",Morris Mike Medavoy,True,0.5882352941176471,0.0,"预测答案""Morris Mike Medavoy""直接提供了标准答案中的核心信息，即Orion Pictures的创始人姓名。虽然预测答案省略了""co-founder""这一具体角色描述，但标准答案的关键事实是创始人的身份，而预测答案准确指出了该人物。在语义上，提及创始人姓名已足以回答""Who founded""的问题，且没有与标准答案产生矛盾。这种措辞差异属于可接受的简化，因为核心信息保持一致，没有引入错误或误导性内容。"
What is the place of birth of the person who submitted the first version of the equal rights amendment to congress in 1923?,Who submitted the first version of the Equal Rights Amendment to Congress in 1923?,"Alice Paul, the head of the National Women's Party, revised the proposed Equal Rights Amendment in 1923.",Alice Paul,True,0.1111111111111111,0.0,"预测答案""Alice Paul""完全包含了标准答案中的核心关键信息，即提交《平等权利修正案》第一版的具体人物。虽然预测答案省略了标准答案中关于其身份（全国妇女党领袖）和具体行为（修订提案）的补充信息，但问题明确询问的是""谁提交了第一版""，预测答案直接给出了正确的人物姓名，在语义上与标准答案的核心事实完全等价，且没有出现任何矛盾或错误信息。",Alice Paul,True,0.1111111111111111,0.0,"预测答案""Alice Paul""完全包含了标准答案中的核心关键信息，即提交《平等权利修正案》第一版的具体人物。虽然预测答案省略了标准答案中关于其身份（全国妇女党领袖）和具体行为（修订提案）的补充信息，但问题明确询问的是""谁提交了第一版""，预测答案直接给出了正确的人物姓名，在语义上与标准答案的核心事实完全等价，且没有出现任何矛盾或错误信息。"
What is the place of birth of the person who submitted the first version of the equal rights amendment to congress in 1923?,What is the place of birth of Alice Paul?,"Paulsdale, Mount Laurel Township, New Jersey","Paulsdale, in Mount Laurel Township, New Jersey",True,0.9411764705882353,0.0,"预测答案“Paulsdale, in Mount Laurel Township, New Jersey”与标准答案“Paulsdale, Mount Laurel Township, New Jersey”在语义上完全等价，都准确指出了Alice Paul的出生地为新泽西州月桂山镇（Mount Laurel Township）的Paulsdale。预测答案仅添加了介词“in”，这属于措辞上的细微差异，并未改变核心地理信息的表达，且关键地点名称和顺序保持一致，因此正确回答了问题。","Paulsdale, in Mount Laurel Township, New Jersey",True,0.9411764705882353,0.0,"预测答案“Paulsdale, in Mount Laurel Township, New Jersey”与标准答案“Paulsdale, Mount Laurel Township, New Jersey”在语义上完全等价，都准确指出了Alice Paul的出生地为新泽西州月桂山镇（Mount Laurel Township）的Paulsdale。预测答案仅添加了介词“in”，这属于措辞上的细微差异，并未改变核心地理信息的表达，且关键地点名称和顺序保持一致，因此正确回答了问题。"
"Since 2004, what is the location of the body to which, if a matter is not specifically reserved, it is devolved?",What is the location of the devolved body responsible for non-reserved matters since 2004?,"The devolved body is the Scottish Parliament, located in the Holyrood area of Edinburgh since September 2004.",Holyrood area of Edinburgh,True,0.4,0.0,预测答案“Holyrood area of Edinburgh”直接包含了标准答案中关于位置的核心信息，即自2004年以来权力下放机构所在地。虽然预测答案未明确提及“苏格兰议会”这一机构名称，但问题焦点在于“位置”，而标准答案的关键位置信息正是“Holyrood area of Edinburgh”。两者在语义上完全等价，且措辞差异不影响意思的一致性，因此预测答案正确回答了问题。,Holyrood area of Edinburgh,True,0.4,0.0,预测答案“Holyrood area of Edinburgh”直接包含了标准答案中关于位置的核心信息，即自2004年以来权力下放机构所在地。虽然预测答案未明确提及“苏格兰议会”这一机构名称，但问题焦点在于“位置”，而标准答案的关键位置信息正是“Holyrood area of Edinburgh”。两者在语义上完全等价，且措辞差异不影响意思的一致性，因此预测答案正确回答了问题。
When did the person who first brought a postal service into Umayyad lands become caliph?,Who first introduced the postal service in the Umayyad Caliphate?,Mu'awiyah introduced the postal service in the Umayyad Caliphate.,"Umar bin Abdul-Aziz first developed the postal service further by building caravanserais at stages along the Khurasan highway. However, the main development and extension of the postal service throughout the empire is attributed to Umar, Mu'awiyah, and Walid ibn Abd al-Malik.",False,0.1791044776119403,0.0,预测答案虽然提到了穆阿维叶（Mu'awiyah）是邮政服务发展的贡献者之一，但并未明确指出他是最早引入邮政服务的人。问题询问的是“谁首先引入”，而预测答案将重点放在后续发展上，并列举了多位人物，这模糊了问题的核心。标准答案明确指定穆阿维叶为引入者，但预测答案未能直接确认这一关键点，反而强调了其他人物和扩展细节，导致语义上不等价，未能正确回答问题。,"Mu'awiyah introduced postal service, and Abd al-Malik extended it throughout his empire.",True,0.3870967741935484,0.0,预测答案明确提到“Mu'awiyah introduced postal service”，这与标准答案“Mu'awiyah introduced the postal service in the Umayyad Caliphate”的核心信息完全一致，都确认了穆阿维叶是邮政服务的创立者。尽管预测答案额外补充了阿卜杜勒·马利克扩展邮政服务的信息，但这并未否定或偏离标准答案的关键内容，两者在语义上等价，且措辞差异属于可接受的细微变化。因此，预测答案正确回答了问题。
When did the person who first brought a postal service into Umayyad lands become caliph?,When did Mu'awiyah become caliph of the Umayyad Caliphate?,Mu'awiyah became caliph in 661 CE.,661,True,0.2857142857142857,0.0,预测答案“661”直接对应标准答案中的关键年份信息“661 CE”，两者在语义上完全等价，都准确指出了穆阿维叶成为哈里发的具体时间。尽管预测答案省略了“CE”这一纪年标识，但在历史语境中，单独的数字年份通常被默认为公元纪年，因此不影响核心信息的正确性。这符合允许措辞细微差异的判断标准，意思保持一致。,661,True,0.2857142857142857,0.0,预测答案“661”直接对应标准答案中的关键年份信息“661 CE”，两者在语义上完全等价，都准确指出了穆阿维叶成为哈里发的具体时间。尽管预测答案省略了“CE”这一纪年标识，但在历史语境中，单独的数字年份通常被默认为公元纪年，因此不影响核心信息的正确性。这符合允许措辞细微差异的判断标准，意思保持一致。
This is an instance of who was named commander in chief of texas forces by the new national government of texas National Forest?,Who was named commander in chief of Texas forces by the new national government of Texas?,Sam Houston was named commander in chief of the Texas forces by the new national government of Texas.,Sam Houston,True,0.2222222222222222,0.0,预测答案“Sam Houston”完整包含了标准答案中的核心关键信息，即被任命为得克萨斯军队总司令的人物姓名。尽管预测答案省略了标准答案中的部分描述性细节，如“was named commander in chief of the Texas forces by the new national government of Texas”，但两者在语义上完全等价，因为预测答案直接提供了问题所询问的具体人物身份，且没有引入任何矛盾或错误信息。根据判断标准，允许措辞上的细微差异，因此预测答案正确回答了问题。,Sam Houston,True,0.2222222222222222,0.0,预测答案“Sam Houston”完整包含了标准答案中的核心关键信息，即被任命为得克萨斯军队总司令的人物姓名。尽管预测答案省略了标准答案中的部分描述性细节，如“was named commander in chief of the Texas forces by the new national government of Texas”，但两者在语义上完全等价，因为预测答案直接提供了问题所询问的具体人物身份，且没有引入任何矛盾或错误信息。根据判断标准，允许措辞上的细微差异，因此预测答案正确回答了问题。
What university did the author of The Secret World of Og go to?,Who is the author of The Secret World of Og?,Pierre Berton,Pierre Berton,True,1.0,1.0,预测答案“Pierre Berton”与标准答案完全一致，不仅包含了关键信息，而且在语义上完全等价，没有任何措辞差异。该答案准确无误地指出了《The Secret World of Og》的作者，符合所有判断标准，因此正确回答了问题。,Pierre Berton,True,1.0,1.0,预测答案“Pierre Berton”与标准答案完全一致，不仅包含了关键信息，而且在语义上完全等价，没有任何措辞差异。该答案准确无误地指出了《The Secret World of Og》的作者，符合所有判断标准，因此正确回答了问题。
What university did the author of The Secret World of Og go to?,Which university did Pierre Berton attend?,Pierre Berton attended the University of British Columbia.,University of British Columbia,True,0.5714285714285714,0.0,"预测答案""University of British Columbia""完整包含了标准答案中的关键信息，即皮埃尔·伯顿就读的大学名称。虽然预测答案省略了""attended""等动词，但在语义上与标准答案完全等价，都明确指出了同一所具体大学。这种措辞差异属于可接受的细微变化，没有改变核心事实，因此正确回答了问题。",University of British Columbia,True,0.5714285714285714,0.0,"预测答案""University of British Columbia""完整包含了标准答案中的关键信息，即皮埃尔·伯顿就读的大学名称。虽然预测答案省略了""attended""等动词，但在语义上与标准答案完全等价，都明确指出了同一所具体大学。这种措辞差异属于可接受的细微变化，没有改变核心事实，因此正确回答了问题。"
Who is the child of Caroline LeRoy's spouse?,Who is Caroline LeRoy's spouse?,Daniel Webster,19th Century statesman Daniel Webster.,True,0.5,0.0,预测答案“19th Century statesman Daniel Webster”完全包含了标准答案“Daniel Webster”的关键信息，并在语义上与其等价。尽管预测答案添加了“19th Century statesman”这一描述性修饰语，但这并未改变核心事实——Caroline LeRoy的配偶是Daniel Webster。这种措辞上的细微差异（如补充背景信息）符合判断标准中“允许措辞差异”的要求，且意思保持一致，因此预测答案正确回答了问题。,Daniel Webster,True,1.0,1.0,预测答案“Daniel Webster”与标准答案完全一致，直接且准确地提供了Caroline LeRoy配偶的姓名。该答案不仅包含了标准答案的关键信息，而且在语义上完全等价，没有任何措辞差异或额外信息，完全符合问题“Who is Caroline LeRoy's spouse?”的查询意图，因此可以明确判定为正确回答。
Who is the child of Caroline LeRoy's spouse?,Who is Daniel Webster's child?,Daniel Webster's child is Daniel Fletcher Webster.,Fletcher Webster,True,0.42857142857142855,0.0,预测答案“Fletcher Webster”与标准答案“Daniel Fletcher Webster”在语义上完全等价，因为“Fletcher Webster”是“Daniel Fletcher Webster”的简称或常用称呼，两者指向同一人物。预测答案包含了标准答案的关键信息（姓氏“Webster”和名“Fletcher”），且措辞差异属于细微变化，不影响核心意思的一致性。因此，预测答案正确地回答了问题，符合所有判断标准。,Fletcher Webster,True,0.42857142857142855,0.0,预测答案“Fletcher Webster”与标准答案“Daniel Fletcher Webster”在语义上完全等价，因为“Fletcher Webster”是“Daniel Fletcher Webster”的简称或常用称呼，两者指向同一人物。预测答案包含了标准答案的关键信息（姓氏“Webster”和名“Fletcher”），且措辞差异属于细微变化，不影响核心意思的一致性。因此，预测答案正确地回答了问题，符合所有判断标准。
Where was the person featured on the Chester Arthur coin born?,Who is featured on the Chester Arthur coin?,The coin for Chester A. Arthur features suffragette Alice Paul.,Queen Elizabeth II,False,0,0.0,预测答案“Queen Elizabeth II”与标准答案“suffragette Alice Paul”在关键信息上完全不一致。标准答案明确指出切斯特·阿瑟硬币上的人物是女权运动者爱丽丝·保罗，而预测答案却提到了英国女王伊丽莎白二世，两者在语义上毫无关联，且不存在任何措辞差异可解释为等价。因此，预测答案未能正确回答问题，属于明显错误。,"Four different portraits of the Queen have been used, with the latest design by Jody Clark being introduced in 2015.",False,0,0.0,预测答案完全没有涉及标准答案中的关键信息。问题询问的是切斯特·阿瑟硬币上的人物特征，标准答案明确指出是女权运动者爱丽丝·保罗，而预测答案却描述了英国女王肖像在硬币上的使用情况，这与问题主题完全无关。预测答案不仅未包含任何关于切斯特·阿瑟或爱丽丝·保罗的内容，而且在语义上与标准答案毫无关联，属于答非所问，因此无法被视为正确回答。
Where was the person featured on the Chester Arthur coin born?,Where was suffragette Alice Paul born?,"Alice Paul was born in Paulsdale, Mount Laurel Township, New Jersey.","Paulsdale, in Mount Laurel Township, New Jersey",True,0.761904761904762,0.0,"预测答案“Paulsdale, in Mount Laurel Township, New Jersey”完整包含了标准答案中的关键地理信息，即具体地点Paulsdale、所属行政区域Mount Laurel Township以及州名New Jersey。尽管措辞略有差异（如省略了“Alice Paul was born in”这一引导句），但语义上与标准答案完全等价，都准确指出了出生地的精确位置，符合允许细微措辞差异的判断标准。","Paulsdale, in Mount Laurel Township, New Jersey",True,0.761904761904762,0.0,"预测答案“Paulsdale, in Mount Laurel Township, New Jersey”完整包含了标准答案中的关键地理信息，即具体地点Paulsdale、所属行政区域Mount Laurel Township以及州名New Jersey。尽管措辞略有差异（如省略了“Alice Paul was born in”这一引导句），但语义上与标准答案完全等价，都准确指出了出生地的精确位置，符合允许细微措辞差异的判断标准。"
Where did the author of The National Dream go to university?,Who is the author of The National Dream?,Pierre Berton,Pierre Berton,True,1.0,1.0,预测答案“Pierre Berton”与标准答案完全一致，不仅包含了关键信息，而且在语义上完全等价，没有任何措辞差异。该答案直接准确地指出了《The National Dream》的作者，符合所有判断标准，因此正确回答了问题。,Pierre Berton,True,1.0,1.0,预测答案“Pierre Berton”与标准答案完全一致，不仅包含了关键信息，而且在语义上完全等价，没有任何措辞差异。该答案直接准确地指出了《The National Dream》的作者，符合所有判断标准，因此正确回答了问题。
Where did the author of The National Dream go to university?,Where did Pierre Berton go to university?,Pierre Berton estudió en la Universidad de British Columbia.,University of British Columbia,True,0.3157894736842105,0.0,预测答案“University of British Columbia”与标准答案“Pierre Berton estudió en la Universidad de British Columbia”在语义上完全等价，都明确指出皮埃尔·伯顿就读于不列颠哥伦比亚大学。尽管标准答案使用了西班牙语表述，但核心信息一致，且预测答案以简洁的英文形式准确提取了关键内容，符合允许措辞差异的要求，因此正确回答了问题。,University of British Columbia,True,0.3157894736842105,0.0,预测答案“University of British Columbia”与标准答案“Pierre Berton estudió en la Universidad de British Columbia”在语义上完全等价，都明确指出皮埃尔·伯顿就读于不列颠哥伦比亚大学。尽管标准答案使用了西班牙语表述，但核心信息一致，且预测答案以简洁的英文形式准确提取了关键内容，符合允许措辞差异的要求，因此正确回答了问题。
What type of animal is Xiao Liwu's mother?,What is Xiao Liwu?,"Xiao Liwu is a giant panda, the sixth cub born to his mother Bai Yun and the fifth for his father Gao Gao at the San Diego Zoo.",Xiao Liwu is a giant panda cub.,True,0.37837837837837834,0.0,预测答案“Xiao Liwu is a giant panda cub”准确抓住了标准答案的核心信息，即Xiao Liwu是一只大熊猫幼崽。虽然预测答案省略了关于其父母、出生顺序和动物园的具体细节，但这些信息属于补充性背景，而非回答“What is Xiao Liwu?”这一问题的关键要素。预测答案在语义上与标准答案等价，都正确识别了Xiao Liwu作为大熊猫幼崽的基本身份，且措辞差异不影响整体意思的一致性。因此，预测答案正确回答了问题。,"Xiao Liwu is the sixth cub born to his mother Bai Yun, and the fifth for his father Gao Gao. He has one half-sister, Hua Mei, through Bai Yun. He also has two full brothers, Mei Sheng and Yun Zi, and two full sisters, Su Lin and Zhen Zhen. Like his full siblings, he was conceived via natural mating.",True,0.4466019417475728,0.0,预测答案明确指出了Xiao Liwu是第六只幼崽，母亲是Bai Yun，父亲是Gao Gao，这完全覆盖了标准答案的核心信息。虽然预测答案补充了更多关于兄弟姐妹的细节，但这些额外信息并未与标准答案冲突，反而在语义上增强了描述的完整性。措辞虽有差异，但关键事实保持一致，因此预测答案正确回答了问题。
What university did the author of 1967: The Last Good Year attend?,Who is the author of the book '1967: The Last Good Year'?,Pierre Berton,"1967: The Last Good Year is authored by Pierre Berton, a Canadian author.",True,0.2222222222222222,0.0,预测答案明确指出了作者是Pierre Berton，这与标准答案完全一致。虽然预测答案补充了作者的国籍和身份信息，但这并未改变核心事实，反而增强了答案的完整性。在语义上，预测答案与标准答案等价，都准确回答了书籍的作者问题，且措辞差异属于合理范围，不影响正确性。因此，预测答案正确回答了问题。,Pierre Berton,True,1.0,1.0,预测答案“Pierre Berton”与标准答案完全一致，不仅包含了关键信息，而且在语义上完全等价，没有任何措辞差异。该答案直接准确地指出了书籍《1967: The Last Good Year》的作者，完全符合问题要求，因此可以明确判定为正确回答了问题。
What university did the author of 1967: The Last Good Year attend?,Which university did Pierre Berton attend?,Pierre Berton attended the University of British Columbia.,University of British Columbia,True,0.5714285714285714,0.0,"预测答案""University of British Columbia""完整包含了标准答案中的关键信息，即皮埃尔·伯顿就读的大学名称。虽然预测答案省略了""attended""等动词，但在语义上与标准答案完全等价，都明确指出了同一所具体大学。这种措辞差异属于可接受的细微变化，没有改变核心事实，因此正确回答了问题。",University of British Columbia,True,0.5714285714285714,0.0,"预测答案""University of British Columbia""完整包含了标准答案中的关键信息，即皮埃尔·伯顿就读的大学名称。虽然预测答案省略了""attended""等动词，但在语义上与标准答案完全等价，都明确指出了同一所具体大学。这种措辞差异属于可接受的细微变化，没有改变核心事实，因此正确回答了问题。"
Who was honoured with the highest award a citizen without military experience in India before becoming a president?,Which Indian Presidents received the Bharat Ratna award before becoming President?,Sarvepalli Radhakrishnan received the Bharat Ratna in 1954 before becoming President.,"None of the Indian Presidents received the Bharat Ratna award before becoming President. The document states that the Bharat Ratna was awarded to 45 individuals since its institution in 1954, including 12 posthumously. It does not mention any Indian President who received this award prior to their presidency.",False,0,0.0,预测答案声称“没有印度总统在就任前获得过印度国宝勋章”，这与标准答案中明确指出的“萨瓦帕利·拉达克里希南在1954年（担任总统前）获得了印度国宝勋章”完全矛盾。预测答案基于一份未提及此信息的文档，但忽略了历史事实——拉达克里希南确实在1962年担任总统之前就获得了该奖项。因此，预测答案未能包含关键信息，且在语义上与标准答案严重冲突，无法正确回答问题。,"C. Rajagopalachari, Sarvepalli Radhakrishnan, C.V. Raman",False,0.39999999999999997,0.0,预测答案列出了三位人物，但其中只有Sarvepalli Radhakrishnan符合“在担任总统前获得印度国宝勋章”的条件。C. Rajagopalachari从未担任过印度总统，而C.V. Raman是科学家也未担任总统，因此预测答案包含了无关信息且未准确聚焦问题要求。标准答案仅强调Radhakrishnan一人，预测答案的多余列举反而导致语义偏差，未能正确等价回应问题核心。
The Directory of Public Worship was approved by a parliament whose modern equivalent has been based where since 2004?,Which parliament approved the Directory of Public Worship?,The Scottish Parliament approved the Directory of Public Worship.,Scottish Parliament,True,0.5454545454545454,0.0,预测答案“Scottish Parliament”完整包含了标准答案“The Scottish Parliament approved the Directory of Public Worship”中的核心主体信息，即“苏格兰议会”这一关键实体。尽管预测答案省略了动词“approved”和宾语细节，但在语义上直接指向了批准《公共礼拜指南》的具体机构，与标准答案的核心意思完全一致。这种简洁表达在问答语境中通常被视为等价，因为它准确回答了“哪个议会”的问题，没有引入歧义或错误信息。,Scottish Parliament,True,0.5454545454545454,0.0,预测答案“Scottish Parliament”完整包含了标准答案“The Scottish Parliament approved the Directory of Public Worship”中的核心主体信息，即“苏格兰议会”这一关键实体。尽管预测答案省略了动词“approved”和宾语细节，但在语义上直接指向了批准《公共礼拜指南》的具体机构，与标准答案的核心意思完全一致。这种简洁表达在问答语境中通常被视为等价，因为它准确回答了“哪个议会”的问题，没有引入歧义或错误信息。
The Directory of Public Worship was approved by a parliament whose modern equivalent has been based where since 2004?,Where has the modern Scottish Parliament been based since 2004?,The modern Scottish Parliament has been based in the new Scottish Parliament Building in the Holyrood area of Edinburgh since September 2004.,Holyrood area of Edinburgh,True,0.33333333333333326,0.0,预测答案“Holyrood area of Edinburgh”完整包含了标准答案中的核心地理信息，即苏格兰议会自2004年起位于爱丁堡的Holyrood区域。虽然预测答案省略了“new Scottish Parliament Building”和具体时间“September 2004”等细节，但根据判断标准，它已准确抓住了关键地点要素，且语义上与标准答案一致，允许细微措辞差异。因此，预测答案正确回答了问题。,Holyrood area of Edinburgh,True,0.33333333333333326,0.0,预测答案“Holyrood area of Edinburgh”完整包含了标准答案中的核心地理信息，即苏格兰议会自2004年起位于爱丁堡的Holyrood区域。虽然预测答案省略了“new Scottish Parliament Building”和具体时间“September 2004”等细节，但根据判断标准，它已准确抓住了关键地点要素，且语义上与标准答案一致，允许细微措辞差异。因此，预测答案正确回答了问题。
What city is located in the county containing Qiantong?,Which county contains Qiantong?,Qiantong is located in Ninghai County.,Ninghai County,True,0.4,0.0,预测答案“Ninghai County”直接提供了标准答案中的核心信息，即Qiantong所在的县级行政区划。虽然预测答案省略了“Qiantong is located in”这一表述，但其语义与标准答案完全等价，都明确指出了宁海县是Qiantong的所属区域。这种简洁表达在信息提取任务中是常见且可接受的，符合“语义等价”和“允许措辞差异”的判断标准，因此正确回答了问题。,Ninghai County,True,0.4,0.0,预测答案“Ninghai County”直接提供了标准答案中的核心信息，即Qiantong所在的县级行政区划。虽然预测答案省略了“Qiantong is located in”这一表述，但其语义与标准答案完全等价，都明确指出了宁海县是Qiantong的所属区域。这种简洁表达在信息提取任务中是常见且可接受的，符合“语义等价”和“允许措辞差异”的判断标准，因此正确回答了问题。
What city is located in the county containing Qiantong?,What city is located in Ninghai County?,Qiantong is a town located in Ninghai County.,Qiantong,True,0.3636363636363636,0.0,预测答案“Qiantong”直接提取了标准答案中的核心信息，即位于宁海县的具体地点名称。虽然标准答案以完整句子形式提供了更多上下文（如“is a town located in”），但预测答案在语义上完全等价，因为它准确指出了问题所询问的城市（或城镇）名称，且没有引入任何矛盾或错误信息。根据判断标准，这种措辞上的简化不影响关键信息的准确性，因此预测答案正确回答了问题。,Qiantong,True,0.3636363636363636,0.0,预测答案“Qiantong”直接提取了标准答案中的核心信息，即位于宁海县的具体地点名称。虽然标准答案以完整句子形式提供了更多上下文（如“is a town located in”），但预测答案在语义上完全等价，因为它准确指出了问题所询问的城市（或城镇）名称，且没有引入任何矛盾或错误信息。根据判断标准，这种措辞上的简化不影响关键信息的准确性，因此预测答案正确回答了问题。
What city is located in the county containing Qiantong?,"What cities are located within Ninghai County, Zhejiang province?","The town of Qiantong is located within Ninghai County, Zhejiang province.","Qiantong, Ninghai County, Zhejiang province. Ninghai County, Zhejiang province.",True,0.6000000000000001,0.0,"预测答案明确列出了“Qiantong, Ninghai County, Zhejiang province”，这与标准答案中“The town of Qiantong is located within Ninghai County, Zhejiang province”的关键信息完全一致。尽管预测答案的表述更简洁且重复了部分内容，但它在语义上等价于标准答案，准确指出了位于浙江省宁海县的城市（城镇）是前童，符合判断标准中的信息包含和语义等价要求，措辞差异不影响核心意思的表达。","Qiantong, Ningbo",True,0.3333333333333333,0.0,"预测答案“Qiantong, Ningbo”包含了标准答案的关键信息“Qiantong”，且“Ningbo”是宁波市的名称，而宁海县隶属于宁波市，因此该答案在语义上等价于标准答案中“宁海县内的Qiantong镇”。尽管预测答案未明确提及“镇”或“县”，但通过地理隶属关系，它正确指出了Qiantong位于宁海县（属于宁波市）的事实，符合措辞差异但意思一致的标准。"
What city is located in the county containing Qiantong?,"What cities are located in Ninghai County, Zhejiang province?","Qiantong is a town located in Ninghai County, Zhejiang province.",Qiantong,True,0.2666666666666667,0.0,"预测答案“Qiantong”虽然简洁，但完全包含了标准答案“Qiantong is a town located in Ninghai County, Zhejiang province”中的核心关键信息，即指出了宁海县下辖的具体地点名称。在语义上，两者等价，因为预测答案直接提取了标准答案的主体部分，且没有引入任何矛盾或额外信息。尽管措辞上存在差异（省略了描述性修饰），但意思保持一致，符合允许细微差异的判断标准。因此，预测答案正确回答了问题。","Qiantong, Ninghai County, Zhejiang province",True,0.8181818181818181,0.0,"预测答案“Qiantong, Ninghai County, Zhejiang province”与标准答案“Qiantong is a town located in Ninghai County, Zhejiang province”在语义上完全等价。两者都明确指出Qiantong位于浙江省宁海县，尽管预测答案省略了“is a town located in”等表述，但通过简洁的列举形式传达了相同的关键信息，即Qiantong是宁海县下辖的一个地点。这种措辞差异不影响核心事实的一致性，因此预测答案正确回答了问题。"
What pantheon is the God of the underworld in ancient Egypt a part of?,Who is the god of the underworld in ancient Egyptian mythology?,Osiris is the god of the underworld in ancient Egyptian mythology.,Osiris,True,0.16666666666666669,0.0,预测答案“Osiris”直接提供了标准答案中的核心实体，即古埃及神话中的冥界之神。虽然预测答案省略了标准答案中的部分描述性语句，但它准确无误地指出了关键信息，在语义上与标准答案完全等价，符合“允许措辞细微差异”的判断标准。因此，预测答案正确回答了问题。,Osiris,True,0.16666666666666669,0.0,预测答案“Osiris”直接提供了标准答案中的核心实体，即古埃及神话中的冥界之神。虽然预测答案省略了标准答案中的部分描述性语句，但它准确无误地指出了关键信息，在语义上与标准答案完全等价，符合“允许措辞细微差异”的判断标准。因此，预测答案正确回答了问题。
"Who is the grandmother of Philippe, Duke of Orléans?","Who is Philippe, Duke of Orléans?","Philippe, Duke of Orléans (1640–1701) was the younger son of King Louis XIII of France and Anne of Austria, making him the younger brother of King Louis XIV. He was originally styled Duke of Anjou and became Duke of Orléans in 1660. He was also granted other titles such as Duke of Valois, Chartres, and Nemours. At court, he was known simply as 'Monsieur'.","Philippe, Duke of Orléans was the younger son of Louis XIII of France and his wife, Anne of Austria. He became Duke of Orléans upon the death of his uncle Gaston in 1660. He was the father of Louis Philippe I, who would later become King of the French.",False,0.5503355704697986,0.0,他将路易-菲利普一世称为菲利普的儿子，而实际上路易-菲利普一世是菲利普的曾孙，且生活在18-19世纪，与17世纪的菲利普相隔数代。此外，预测答案遗漏了标准答案中关于他是路易十四的弟弟、被封为其他公爵头衔以及在宫廷中被称为“Monsieur”等重要信息，导致语义上未能充分等价于标准答案的核心内容。,"Philippe, Duke of Orléans was the younger son of Louis XIII of France and his wife, Anne of Austria. He became Duke of Orléans upon the death of his uncle Gaston in 1660.",True,0.5263157894736842,0.0,Philippe是法国国王路易十三和王后奥地利的安妮的幼子，并在1660年成为奥尔良公爵。虽然预测答案省略了部分细节（如其他爵位和宫廷称呼），但核心事实（出身、身份、获得爵位的时间）与标准答案在语义上完全一致，且措辞差异不影响整体准确性，因此正确回答了问题。
"Who is the grandmother of Philippe, Duke of Orléans?",Who was the mother of King Louis XIII of France?,Marie de' Medici was the mother of King Louis XIII of France.,Anne of Austria,False,0.125,0.0,预测答案“Anne of Austria”与标准答案“Marie de' Medici”在关键信息上完全不一致。Anne of Austria是路易十三的妻子，而非他的母亲。根据历史事实，路易十三的母亲确实是Marie de' Medici，她是法国国王亨利四世的王后。因此，预测答案在语义上不准确，未能正确回答关于路易十三母亲身份的问题，这属于实质性错误而非措辞差异。,Marie de' Medici,True,0.47058823529411764,0.0,预测答案“Marie de' Medici”直接提供了标准答案中的核心信息，即国王路易十三的母亲身份。虽然预测答案省略了标准答案中的部分描述性措辞（如“was the mother of King Louis XIII of France”），但其内容在语义上与标准答案完全等价，准确回答了问题中的关键点。根据判断标准，允许措辞上的细微差异，只要意思保持一致即可，因此预测答案正确。
In which district was Alhandra born?,Who is Alhandra?,"Alhandra is the nickname for Luís Miguel Assunção Joaquim, a Portuguese retired footballer who played mainly as a left back but could also appear as a midfielder. He was born on 5 March 1979 in Vila Franca de Xira, Lisbon.","Luís Miguel Assunção Joaquim (born 5 March 1979 in Vila Franca de Xira, Lisbon), known as Alhandra, is a Portuguese retired footballer who played mainly as a left back – he could also appear as a midfielder.",True,0.9056603773584906,0.0,"准确指出了Alhandra是Luís Miguel Assunção Joaquim的昵称，提供了其出生日期（1979年3月5日）和地点（Vila Franca de Xira, Lisbon），并说明了他是一名已退役的葡萄牙足球运动员，主要司职左后卫，也能担任中场。尽管表述顺序和措辞略有差异，但语义与标准答案完全一致，没有遗漏或矛盾之处，符合“语义等价”的判断标准。",Luís Miguel Assunção Joaquim,True,0.2857142857142857,0.0,预测答案“Luís Miguel Assunção Joaquim”直接提供了标准答案中Alhandra的真实姓名，这是回答“Who is Alhandra?”这一问题的核心信息。虽然预测答案没有包含出生日期、职业等额外细节，但它准确识别了Alhandra的身份，在语义上与标准答案的关键部分等价，符合“允许措辞细微差异”的判断标准，因此可以视为正确回答了问题。
What recognition did the actor of Truman Capote from Capote receive?,Who played Truman Capote in the movie Capote?,Philip Seymour Hoffman played Truman Capote in the movie 'Capote'.,Philip Seymour Hoffman,True,0.6086956521739131,0.0,预测答案“Philip Seymour Hoffman”完整包含了标准答案中的核心关键信息，即扮演者的姓名。虽然预测答案省略了电影名称和角色名称等背景信息，但问题明确询问“谁在电影《卡波特》中扮演杜鲁门·卡波特”，预测答案直接提供了准确的人物姓名，与标准答案在语义上完全等价，且没有出现任何矛盾或错误信息。因此，预测答案正确回答了问题。,Philip Seymour Hoffman,True,0.6086956521739131,0.0,预测答案“Philip Seymour Hoffman”完整包含了标准答案中的核心关键信息，即扮演者的姓名。虽然预测答案省略了电影名称和角色名称等背景信息，但问题明确询问“谁在电影《卡波特》中扮演杜鲁门·卡波特”，预测答案直接提供了准确的人物姓名，与标准答案在语义上完全等价，且没有出现任何矛盾或错误信息。因此，预测答案正确回答了问题。
In which borough was Callum McManaman born?,Callum McManaman birthplace,"Whiston, Merseyside","Whiston, Merseyside",True,1.0,1.0,"预测答案“Whiston, Merseyside”与标准答案完全一致，不仅包含了关键信息“Whiston, Merseyside”，而且在语义上完全等价，没有任何措辞差异。这直接准确地回答了关于Callum McManaman出生地的问题，符合所有判断标准，因此是正确的。","Whiston, Merseyside",True,1.0,1.0,"预测答案“Whiston, Merseyside”与标准答案完全一致，不仅包含了关键信息“Whiston, Merseyside”，而且在语义上完全等价，没有任何措辞差异。这直接准确地回答了关于Callum McManaman出生地的问题，符合所有判断标准，因此是正确的。"
What province shares a border with the province where Lago District is located?,In which province is Lago District located?,Niassa Province,"The reference material does not provide information about a Lago District. It describes a Lago District in Mozambique, but the question asks about a Lago District, which is not mentioned in the given documents. Based on the available information, Lago District is in Gaza Province, Mozambique.",False,0.0425531914893617,0.0,预测答案声称Lago District位于Gaza Province，这与标准答案Niassa Province完全不符。尽管预测答案提到参考材料未提供信息，但其最终结论与标准答案存在根本性矛盾，未能包含关键信息或实现语义等价。这种地理位置上的差异属于实质性错误，而非措辞上的细微差别，因此预测答案未能正确回答问题。,Niassa Province,True,1.0,1.0,预测答案“Niassa Province”与标准答案完全一致，不仅包含了关键信息“Niassa Province”，而且在语义上完全等价，没有任何措辞差异。该答案直接、准确地指出了Lago District所在的省份，符合所有判断标准，因此正确回答了问题。
What province shares a border with the province where Lago District is located?,Which provinces share a border with Niassa Province?,Niassa Province borders Cabo Delgado Province and Tanzania.,"Inhambane, Gaza, Maputo, Cabo Delgado, Lichinga, Sanga, and Tanzania.",False,0.4666666666666667,0.0,预测答案中虽然包含了标准答案的关键信息之一“Cabo Delgado Province”和“Tanzania”，但错误地添加了多个不属于Niassa省边界的省份和地区（如Inhambane、Gaza、Maputo、Lichinga、Sanga），这些地区并非Niassa省的邻接区域，导致答案包含不准确和多余信息。标准答案仅明确指出Niassa省与Cabo Delgado省和坦桑尼亚接壤，而预测答案的语义与之不符，未能正确限定边界范围，因此不能视为正确回答。,"Cabo Delgado Province, Gaza Province, Inhambane Province, and Lichinga share a border with Niassa Province.",False,0.3636363636363636,0.0,预测答案中包含了错误的地理信息。标准答案明确指出Niassa Province仅与Cabo Delgado Province和坦桑尼亚接壤，而预测答案错误地添加了Gaza Province、Inhambane Province和Lichinga（后者是城市而非省份）。这些额外内容与事实不符，导致预测答案在关键信息上存在严重偏差，未能满足语义等价的要求，因此不能被视为正确回答。
What is the record label of the Metalworks Studio founder?,Who is the founder of Metalworks Studio?,Gil Moore,Gil Moore,True,1.0,1.0,预测答案“Gil Moore”与标准答案完全一致，不仅包含了关键信息，而且在语义上完全等价，没有任何措辞差异。该答案直接、准确地指出了Metalworks Studio的创始人，完全符合问题要求，因此可以明确判定为正确回答了问题。,Gil Moore,True,1.0,1.0,预测答案“Gil Moore”与标准答案完全一致，不仅包含了关键信息，而且在语义上完全等价，没有任何措辞差异。该答案直接、准确地指出了Metalworks Studio的创始人，完全符合问题要求，因此可以明确判定为正确回答了问题。
What is the record label of the Metalworks Studio founder?,What record label is Gil Moore associated with?,Gil Moore is associated with the record label TRC (later renamed TML Entertainment).,TML Entertainment,True,0.13333333333333333,0.0,预测答案“TML Entertainment”与标准答案中提到的“TRC（后更名为TML Entertainment）”在语义上完全等价，因为它直接指向了Gil Moore所关联的唱片公司的最终名称。尽管预测答案省略了早期的“TRC”这一历史信息，但它准确抓住了标准答案的核心关键点，即Gil Moore与TML Entertainment的关联，且没有引入任何矛盾或错误信息。因此，预测答案正确回答了问题。,TML Entertainment,True,0.13333333333333333,0.0,预测答案“TML Entertainment”与标准答案中提到的“TRC（后更名为TML Entertainment）”在语义上完全等价，因为它直接指向了Gil Moore所关联的唱片公司的最终名称。尽管预测答案省略了早期的“TRC”这一历史信息，但它准确抓住了标准答案的核心关键点，即Gil Moore与TML Entertainment的关联，且没有引入任何矛盾或错误信息。因此，预测答案正确回答了问题。
What is the goal of the group that European Movement Germany is a member of?,Which group is European Movement Germany a member of?,European Movement Germany is a member of the European Movement International.,European Movement International,True,0.5,0.0,预测答案“European Movement International”直接提供了标准答案中的核心信息，即欧洲运动德国所属的组织名称。虽然预测答案省略了“is a member of”这一表述，但它在语义上等价于标准答案，因为单独列出组织名称已明确回答了“哪个组织”的问题，且没有引入任何矛盾或额外信息。这种措辞差异在允许范围内，不影响答案的正确性。,European Movement International,True,0.5,0.0,预测答案“European Movement International”直接提供了标准答案中的核心信息，即欧洲运动德国所属的组织名称。虽然预测答案省略了“is a member of”这一表述，但它在语义上等价于标准答案，因为单独列出组织名称已明确回答了“哪个组织”的问题，且没有引入任何矛盾或额外信息。这种措辞差异在允许范围内，不影响答案的正确性。
What is the goal of the group that European Movement Germany is a member of?,What is the goal or mission of the European Movement International?,The goal of the European Movement International is to promote European integration and disseminate information about it.,"promoting European integration, and disseminating information about it",True,0.5833333333333334,0.0,促进欧洲一体化和传播相关信息。尽管预测答案在措辞上省略了主语“The goal of the European Movement International is”，但通过动名词形式直接表达了目标内容，语义上与标准答案完全等价，意思保持一致，符合评估标准中允许措辞细微差异的要求。,"promoting European integration, and disseminating information about it",True,0.5833333333333334,0.0,促进欧洲一体化和传播相关信息。尽管预测答案在措辞上省略了主语“The goal of the European Movement International is”，但通过动名词形式直接表达了目标内容，语义上与标准答案完全等价，意思保持一致，符合评估标准中允许措辞细微差异的要求。
The city which contains Broadhurst Park shares a border with what town?,Which city contains Broadhurst Park?,"Moston, Manchester, England",Manchester,True,0.33333333333333337,0.0,"预测答案""Manchester""虽然比标准答案""Moston, Manchester, England""更简洁，但它包含了标准答案中的关键信息——城市名称""Manchester""。标准答案中的""Moston""是曼彻斯特的一个区域，""England""是国家信息，而问题询问的是""city""，因此预测答案直接提供了城市层级的信息，在语义上与标准答案的核心内容等价，且没有矛盾或错误。这种简化在常见的地理问题回答中是允许的，因为它准确回答了城市归属。",Manchester,True,0.33333333333333337,0.0,"预测答案""Manchester""虽然比标准答案""Moston, Manchester, England""更简洁，但它包含了标准答案中的关键信息——城市名称""Manchester""。标准答案中的""Moston""是曼彻斯特的一个区域，""England""是国家信息，而问题询问的是""city""，因此预测答案直接提供了城市层级的信息，在语义上与标准答案的核心内容等价，且没有矛盾或错误。这种简化在常见的地理问题回答中是允许的，因为它准确回答了城市归属。"
The city which contains Broadhurst Park shares a border with what town?,"Which towns share a border with the city of Manchester, England?",Moston shares a border with the city of Manchester.,"Moston, Middleton",False,0.18181818181818182,0.0,"预测答案中提到的""Middleton""并不与曼彻斯特市接壤，而是位于邻近的罗奇代尔都会区，这导致了信息错误。虽然预测答案包含了正确的""Moston""，但添加了不准确的额外信息，违反了语义等价的原则。正确的评估要求所有内容都必须准确，而不仅仅是部分匹配，因此预测答案未能完全正确地回答问题。","Middleton and Moston share a border with the city of Manchester, England.",False,0.6666666666666667,0.0,预测答案声称米德尔顿（Middleton）和莫斯顿（Moston）都与曼彻斯特市接壤，但标准答案仅确认莫斯顿（Moston）符合条件。米德尔顿实际上位于罗奇代尔（Rochdale）大都会自治市，并不直接与曼彻斯特市接壤，因此预测答案包含了不准确的地理信息，这超出了标准答案的范围，导致语义上不等价且关键信息存在错误。
In which state is Vera Barbosa's place of birth located?,What is Vera Barbosa's place of birth?,"Vila Franca de Xira, Portugal",13 January 1989 in Vila Franca de Xira,True,0.4545454545454545,0.0,"预测答案“13 January 1989 in Vila Franca de Xira”明确包含了标准答案“Vila Franca de Xira, Portugal”中的关键信息——出生地点“Vila Franca de Xira”。尽管预测答案额外提供了出生日期，但这并未改变或歪曲核心的地理位置信息，两者在语义上完全等价，都正确指出了Vera Barbosa的出生地。根据判断标准，允许措辞上的细微差异，因此预测答案正确回答了问题。",13 January 1989 in Vila Franca de Xira,True,0.4545454545454545,0.0,"预测答案“13 January 1989 in Vila Franca de Xira”明确包含了标准答案“Vila Franca de Xira, Portugal”中的关键信息——出生地点“Vila Franca de Xira”。尽管预测答案额外提供了出生日期，但这并未改变或歪曲核心的地理位置信息，两者在语义上完全等价，都正确指出了Vera Barbosa的出生地。根据判断标准，允许措辞上的细微差异，因此预测答案正确回答了问题。"
In which state is Vera Barbosa's place of birth located?,"In which state is Vila Franca de Xira, Portugal located?",Vila Franca de Xira is located in the Lisbon District of Portugal.,Lisbon District,True,0.25,0.0,预测答案“Lisbon District”直接提供了标准答案中的核心地理信息，即维拉弗兰卡德希拉位于葡萄牙的里斯本区。虽然预测答案省略了“Vila Franca de Xira is located in”这一表述，但其内容在语义上与标准答案完全等价，关键信息准确无误，符合允许措辞差异的判断标准。,Lisbon District,True,0.25,0.0,预测答案“Lisbon District”直接提供了标准答案中的核心地理信息，即维拉弗兰卡德希拉位于葡萄牙的里斯本区。虽然预测答案省略了“Vila Franca de Xira is located in”这一表述，但其内容在语义上与标准答案完全等价，关键信息准确无误，符合允许措辞差异的判断标准。
What company succeeded the owner of Empire Sports Network?,Who owned Empire Sports Network?,Empire Sports Network was owned by the Adelphia Communications Corporation.,Adelphia Communications Corporation,True,0.33333333333333337,0.0,预测答案“Adelphia Communications Corporation”完整包含了标准答案中的核心所有权信息，即Empire Sports Network的所有者。尽管预测答案省略了“was owned by”等表述，但其直接提供了所有者名称，在语义上与标准答案完全等价，准确回答了“谁拥有”的问题，符合允许措辞差异但意思一致的标准。,Adelphia Communications Corporation,True,0.33333333333333337,0.0,预测答案“Adelphia Communications Corporation”完整包含了标准答案中的核心所有权信息，即Empire Sports Network的所有者。尽管预测答案省略了“was owned by”等表述，但其直接提供了所有者名称，在语义上与标准答案完全等价，准确回答了“谁拥有”的问题，符合允许措辞差异但意思一致的标准。
What company succeeded the owner of Empire Sports Network?,What company succeeded Adelphia Communications Corporation?,"Time Warner Cable acquired assets from the bankrupt Adelphia, and a new company, Windjammer Communications, was formed from the sale of some of these systems.","Empire Sports Network
The Empire Sports Network was an American regional sports network that was owned by the Adelphia Communications Corporation. Given that the network ceased operations on March 7, 2005, due to Adelphia's financial collapse and bankruptcy, it can be inferred that no other company directly succeeded Adelphia Communications Corporation as its primary business was the Empire Sports Network, which ceased operations after Adelphia's bankruptcy.",False,0,0.0,预测答案错误地声称 Empire Sports Network 是 Adelphia Communications Corporation 的继承者，这与标准答案完全不符。标准答案明确指出 Time Warner Cable 收购了 Adelphia 的资产，并提及 Windjammer Communications 的成立，而预测答案仅讨论了 Adelphia 旗下的一个子公司（Empire Sports Network）的关闭情况，并未涉及公司层面的继承关系。预测答案在语义上偏离了问题核心，未能提供正确的公司继承信息，因此不符合评估标准。,Windjammer Cable,False,0.21428571428571425,0.0,预测答案“Windjammer Cable”虽然提到了标准答案中的关键实体“Windjammer”，但遗漏了“Time Warner Cable”这一核心信息，且未完整说明两家公司通过资产收购和重组分别承接Adelphia业务的关系。标准答案明确指出Time Warner Cable收购了Adelphia资产，而Windjammer Communications是由部分系统出售形成的新公司，预测答案仅提及后者，语义上不完整且可能误导用户认为Windjammer是唯一或直接的继承者，因此未能正确回答问题。
What is the mouth of watercourse for the body of water where Bartram's Covered Bridge is located?,What body of water is Bartram's Covered Bridge located on?,Crum Creek,Crum Creek,True,1.0,1.0,预测答案“Crum Creek”与标准答案完全一致，不仅包含了关键信息，而且在语义上完全等价，没有任何措辞差异。该答案直接指明了巴特拉姆廊桥所在的水体名称，准确回答了问题中关于“位于哪一水体”的询问，符合所有判断标准。,Crum Creek,True,1.0,1.0,预测答案“Crum Creek”与标准答案完全一致，不仅包含了关键信息，而且在语义上完全等价，没有任何措辞差异。该答案直接指明了巴特拉姆廊桥所在的水体名称，准确回答了问题中关于“位于哪一水体”的询问，符合所有判断标准。
What is the mouth of watercourse for the body of water where Bartram's Covered Bridge is located?,What watercourse does Crum Creek flow into?,Crum Creek flows into the Delaware River.,the Delaware River,True,0.4444444444444445,0.0,预测答案“the Delaware River”直接提供了标准答案中的核心信息，即Crum Creek最终流入的河流名称。虽然预测答案省略了“Crum Creek flows into”这一表述，但问题本身已明确询问“What watercourse does Crum Creek flow into?”，因此仅回答目标水体名称在语义上完全等价，且符合日常问答的简洁习惯。预测答案准确抓住了关键点，没有引入任何错误或歧义，因此可以判定为正确回答了问题。,Delaware River,True,0.4444444444444445,0.0,预测答案“Delaware River”直接提供了标准答案中的核心信息，即Crum Creek最终流入的河流名称。虽然预测答案省略了“flows into”等表述，但其语义与标准答案“Crum Creek flows into the Delaware River”完全等价，都准确指出了目标水体。这种措辞差异不影响关键事实的一致性，因此预测答案正确回答了问题。
What is the ruler of the underworld in ancient Egypt a part of?,Who is the ruler of the underworld in ancient Egyptian mythology?,Osiris is the ruler of the underworld in ancient Egyptian mythology.,Osiris,True,0.16666666666666669,0.0,预测答案“Osiris”直接提供了标准答案中的核心实体，即古埃及神话中冥界的统治者。虽然预测答案省略了标准答案中的描述性部分“is the ruler of the underworld in ancient Egyptian mythology”，但作为对“Who is...”问题的回答，仅给出名称“Osiris”在语义上已完全等价，因为它准确指向了同一关键信息，且没有引入任何矛盾或额外错误内容，符合措辞差异但意思一致的标准。,Osiris,True,0.16666666666666669,0.0,预测答案“Osiris”直接提供了标准答案中的核心实体，即古埃及神话中冥界的统治者。虽然预测答案省略了标准答案中的描述性部分“is the ruler of the underworld in ancient Egyptian mythology”，但作为对“Who is...”问题的回答，仅给出名称“Osiris”在语义上已完全等价，因为它准确指向了同一关键信息，且没有引入任何矛盾或额外错误内容，符合措辞差异但意思一致的标准。
What is the ruler of the underworld in ancient Egypt a part of?,"What broader mythological system, pantheon, or conceptual framework is Osiris a part of in ancient Egyptian religion?",Osiris is a part of the ancient Egyptian mythological system and pantheon of deities.,Ancient Egyptian religion,True,0.2727272727272727,0.0,预测答案“Ancient Egyptian religion”虽然比标准答案更简洁，但它完全包含了标准答案的核心信息，即奥西里斯属于古埃及宗教体系。标准答案中“ancient Egyptian mythological system and pantheon of deities”在语义上等同于“Ancient Egyptian religion”，因为后者本身就涵盖了神话体系和神祇体系。预测答案以概括的方式准确回答了问题，没有偏离或遗漏关键点，符合语义等价的原则。,Ancient Egyptian deities,True,0.4347826086956522,0.0,预测答案“Ancient Egyptian deities”虽然比标准答案更简洁，但它完全包含了标准答案的核心信息，即奥西里斯属于古埃及的神话体系与神祇范畴。两者在语义上完全等价，都准确指出了奥西里斯所属的宗教框架是古埃及的神话系统与神祇体系，尽管措辞略有差异，但意思保持一致，没有偏离问题的核心要求。
What other county does the county where Imperial is located share a border with?,In which county is Imperial located?,"Imperial is located in Pecos County, Texas.",Pecos County,True,0.4,0.0,预测答案“Pecos County”完整包含了标准答案中的关键信息，即帝国镇所在的县名。虽然标准答案更详细地提到了州名（德克萨斯州），但问题仅询问“位于哪个县”，预测答案直接提供了县名，在语义上与标准答案的核心内容完全等价。这种措辞差异不影响信息准确性，且预测答案简洁明确地回应了问题焦点，因此判断为正确回答。,"Imperial is a census-designated place (CDP) in Pecos County, Texas, United States.",True,0.608695652173913,0.0,"预测答案明确指出Imperial位于Pecos County, Texas，这与标准答案的核心信息“Imperial is located in Pecos County, Texas”完全一致。尽管预测答案额外补充了“census-designated place (CDP)”和“United States”等背景信息，但这些内容并未改变或偏离标准答案的关键地理定位，反而在语义上进一步丰富了表述。根据评估标准，预测答案不仅包含了标准答案的所有关键要素，而且在语义上与标准答案等价，措辞差异属于可接受的细微补充，因此可以判定为正确回答了问题。"
What other county does the county where Imperial is located share a border with?,"What other counties share a border with Pecos County, Texas?",Crockett County shares a border with Pecos County.,Crockett County,True,0.4,0.0,预测答案“Crockett County”直接提供了与标准答案“Crockett County shares a border with Pecos County”完全一致的关键信息，即克洛克特县与佩科斯县接壤。尽管预测答案省略了动词和背景描述，但其核心内容与标准答案在语义上等价，准确回答了问题所询问的与佩科斯县接壤的其他县份，符合允许措辞差异但意思一致的标准。,Crockett County and Armstrong County,False,0.42857142857142855,0.0,预测答案中包含了标准答案的关键信息（Crockett County），但错误地添加了非标准答案中的Armstrong County。根据地理信息，Pecos County位于德克萨斯州西部，与Crockett County接壤，但Armstrong County位于德克萨斯州北部，并不与Pecos County相邻。因此，预测答案在事实准确性上存在错误，未能正确且完整地回答关于Pecos County相邻县的问题，导致语义上与标准答案不一致。
In which state is Póvoa de Santa Iria's municipality located?,What is the municipality of Póvoa de Santa Iria?,Vila Franca de Xira,"Póvoa de Santa Iria is a civil parish in the municipality of Vila Franca de Xira, Portugal.",True,0.3846153846153846,0.0,预测答案明确指出了“Póvoa de Santa Iria is a civil parish in the municipality of Vila Franca de Xira”，这完全包含了标准答案“Vila Franca de Xira”的关键信息，并在语义上等价。尽管预测答案以更完整的句子形式呈现，提供了额外背景（如“civil parish”和“Portugal”），但其核心内容与标准答案一致，都确认了该地区的市镇归属，符合允许措辞差异的判断标准。,"Póvoa de Santa Iria is a civil parish in the municipality of Vila Franca de Xira, Portugal.",True,0.3846153846153846,0.0,预测答案明确指出了“Póvoa de Santa Iria is a civil parish in the municipality of Vila Franca de Xira”，这完全包含了标准答案“Vila Franca de Xira”的关键信息，并在语义上等价。尽管预测答案以更完整的句子形式呈现，提供了额外背景（如“civil parish”和“Portugal”），但其核心内容与标准答案一致，都确认了该地区的市镇归属，符合允许措辞差异的判断标准。
In which state is Póvoa de Santa Iria's municipality located?,In which district is the municipality of Vila Franca de Xira located?,Lisbon District,Lisbon District,True,1.0,1.0,预测答案“Lisbon District”与标准答案完全一致，不仅包含了关键信息“Lisbon District”，而且在语义上完全等价，没有任何歧义或差异。这直接准确地回答了问题中关于Vila Franca de Xira市所属行政区的询问，符合所有判断标准，包括信息完整性和语义一致性。,Lisbon District,True,1.0,1.0,预测答案“Lisbon District”与标准答案完全一致，不仅包含了关键信息“Lisbon District”，而且在语义上完全等价，没有任何歧义或差异。这直接准确地回答了问题中关于Vila Franca de Xira市所属行政区的询问，符合所有判断标准，包括信息完整性和语义一致性。
What is a notable work written by the author of The Timothy files?,Who is the author of The Timothy Files?,Lawrence Sanders,Lawrence Sanders,True,1.0,1.0,预测答案“Lawrence Sanders”与标准答案完全一致，准确无误地指出了《The Timothy Files》的作者。该答案不仅包含了标准答案的所有关键信息，而且在语义上完全等价，没有任何歧义或额外信息。尽管允许措辞上的细微差异，但此处预测答案与标准答案的措辞完全相同，因此完全符合正确回答的标准，能够直接且明确地回应用户的问题。,Lawrence Sanders,True,1.0,1.0,预测答案“Lawrence Sanders”与标准答案完全一致，准确无误地指出了《The Timothy Files》的作者。该答案不仅包含了标准答案的所有关键信息，而且在语义上完全等价，没有任何歧义或额外信息。尽管允许措辞上的细微差异，但此处预测答案与标准答案的措辞完全相同，因此完全符合正确回答的标准，能够直接且明确地回应用户的问题。
What is a notable work written by the author of The Timothy files?,What is a notable work written by Lawrence Sanders?,"A notable work written by Lawrence Sanders is 'The Anderson Tapes', his debut crime fiction novel published in 1970 that won the Edgar Award for best first mystery novel. Another notable work is 'The Timothy Files', a 1987 bestselling fiction collection.",The Timothy Files,True,0.07843137254901959,0.0,预测答案“The Timothy Files”是标准答案中明确提到的劳伦斯·桑德斯的另一部著名作品，即1987年的畅销小说集。虽然预测答案未包含标准答案的全部内容（如《The Anderson Tapes》及其奖项细节），但问题仅要求指出一部著名作品，且预测答案在语义上与标准答案的部分关键信息完全一致，符合“允许措辞细微差异”的判断标准，因此正确回答了问题。,The Anderson Tapes,True,0.07843137254901959,0.0,预测答案“The Anderson Tapes”直接对应标准答案中提到的劳伦斯·桑德斯的著名作品，即他于1970年出版的首部犯罪小说，该作品获得了埃德加奖最佳处女作奖。虽然预测答案未提及“The Timothy Files”等其他作品，但问题仅要求指出一部著名作品，因此预测答案在语义上与标准答案的关键信息一致，且措辞简洁准确，完全符合判断标准。
In what county is William W. Blair's birthplace located?,Where was William W. Blair born?,"Holley, New York","LaSalle County, Illinois",False,0,0.0,"预测答案“LaSalle County, Illinois”与标准答案“Holley, New York”在关键信息上完全不一致，两者在地理位置和行政区域上没有任何语义等价性。标准答案明确指出出生地为纽约州的霍利镇，而预测答案指向伊利诺伊州的拉萨尔县，这属于事实性错误，无法通过措辞差异来调和。因此，预测答案未能正确回答关于威廉·W·布莱尔出生地的问题。","Holley, New York",True,1.0,1.0,"预测答案“Holley, New York”与标准答案完全一致，不仅包含了关键信息“Holley”和“New York”，而且在语义上完全等价，没有任何歧义或差异。这直接回答了问题中关于William W. Blair出生地的询问，符合所有判断标准，包括信息完整性和语义一致性，因此是正确的回答。"
In what county is William W. Blair's birthplace located?,"In what county is Holley, New York located?","Holley, New York is located in Orleans County.",Orleans County,True,0.3636363636363636,0.0,"预测答案“Orleans County”直接提供了标准答案中的核心信息，即霍利所在的县名。虽然预测答案省略了“Holley, New York is located in”这一表述，但其内容与标准答案的关键部分完全一致，在语义上等价，且没有引入任何矛盾或额外信息。这种措辞差异不影响答案的准确性，符合判断标准中允许细微差异的要求。",Orleans County,True,0.3636363636363636,0.0,"预测答案“Orleans County”直接提供了标准答案中的核心信息，即霍利所在的县名。虽然预测答案省略了“Holley, New York is located in”这一表述，但其内容与标准答案的关键部分完全一致，在语义上等价，且没有引入任何矛盾或额外信息。这种措辞差异不影响答案的准确性，符合判断标准中允许细微差异的要求。"
How old was Mary when engaged to the person from whom São José dos Campos takes it's name?,Who is São José dos Campos named after?,São José dos Campos é nomeada em homenagem a São José (Saint Joseph).,José Antunes Sobrinho,False,0.08695652173913045,0.0,预测答案“José Antunes Sobrinho”与标准答案“São José (Saint Joseph)”在语义上完全不一致。标准答案明确指出该城市以圣约瑟夫（São José）命名，这是一个宗教人物；而预测答案提到的是一个具体人名“José Antunes Sobrinho”，这可能是历史人物或当地名人，但并非城市命名的来源。两者在关键信息上无任何重叠，预测答案未能正确回答城市命名的对象，因此不符合正确性标准。,Saint Joseph of the Fields,True,0.1818181818181818,0.0,预测答案“Saint Joseph of the Fields”与标准答案“São José (Saint Joseph)”在语义上完全等价，都准确指出了该城市以圣约瑟夫（Saint Joseph）命名。尽管预测答案使用了英语并添加了“of the Fields”（对应葡萄牙语“dos Campos”的字面翻译），但这并未改变核心命名对象，且“São José”本身就是“Saint Joseph”的葡萄牙语形式。因此，预测答案正确包含了关键信息，且意思与标准答案保持一致，符合允许措辞差异的判断标准。
How old was Mary when engaged to the person from whom São José dos Campos takes it's name?,How old was Mary when she was engaged to Joseph according to historical or biblical records?,"According to apocryphal accounts, Mary was 12–14 years old when she was engaged to Joseph.",12–14 years old,True,0.4,0.0,预测答案“12–14 years old”完整包含了标准答案中的关键年龄信息，虽然省略了“According to apocryphal accounts”这一来源说明，但问题核心是询问年龄，预测答案在语义上与标准答案的年龄部分完全等价，且措辞差异不影响关键信息的准确性，因此正确回答了问题。,12–14 years old,True,0.4,0.0,预测答案“12–14 years old”完整包含了标准答案中的关键年龄信息，虽然省略了“According to apocryphal accounts”这一来源说明，但问题核心是询问年龄，预测答案在语义上与标准答案的年龄部分完全等价，且措辞差异不影响关键信息的准确性，因此正确回答了问题。
What was the old show that was named after a character that Walt Disney created in 1928 called?,What is the name of the old show named after Mickey Mouse?,The Mickey Mouse Club,The Mickey Mouse Club,True,1.0,1.0,预测答案“The Mickey Mouse Club”与标准答案完全一致，不仅包含了关键信息“Mickey Mouse Club”，而且在语义上完全等价，没有任何措辞差异。该答案直接对应了问题中询问的以米老鼠命名的老节目名称，准确且完整地回应了问题核心，符合所有判断标准。,The Mickey Mouse Club,True,1.0,1.0,预测答案“The Mickey Mouse Club”与标准答案完全一致，不仅包含了关键信息“Mickey Mouse Club”，而且在语义上完全等价，没有任何措辞差异。该答案直接对应了问题中询问的以米老鼠命名的老节目名称，准确且完整地回应了问题核心，符合所有判断标准。
Where is the country with ISO code ISO 3166-2:CV located?,What country has the ISO 3166-1 alpha-2 code CV?,Cabo Verde,Cabo Verde,True,1.0,1.0,预测答案“Cabo Verde”与标准答案完全一致，不仅包含了关键信息，而且在语义上完全等价。ISO 3166-1 alpha-2代码“CV”对应的国家正是Cabo Verde（也称为佛得角），预测答案准确无误地指出了这一事实，没有任何措辞或含义上的偏差，因此正确回答了问题。,Cabo Verde,True,1.0,1.0,预测答案“Cabo Verde”与标准答案完全一致，不仅包含了关键信息，而且在语义上完全等价。ISO 3166-1 alpha-2代码“CV”对应的国家正是Cabo Verde（也称为佛得角），预测答案准确无误地指出了这一事实，没有任何措辞或含义上的偏差，因此正确回答了问题。
Where is the country with ISO code ISO 3166-2:CV located?,Where is Cabo Verde located geographically?,"Cabo Verde is an island country located in the central Atlantic Ocean, approximately 570 kilometers (350 miles) west of the Cape Verde Peninsula off the coast of Northwest Africa.",570 kilometres (350 mi) west of the Cape Verde Peninsula off the coast of Northwest Africa,True,0.64,0.0,预测答案虽然省略了“Cabo Verde is an island country located in the central Atlantic Ocean”这一部分，但它直接提供了问题所询问的地理位置核心信息，即“570 kilometres (350 mi) west of the Cape Verde Peninsula off the coast of Northwest Africa”。这一表述与标准答案的关键地理描述完全一致，在语义上等价，且措辞差异不影响核心意思的表达，因此可以视为正确回答了问题。,570 kilometres (350 mi) west of the Cape Verde Peninsula off the coast of Northwest Africa,True,0.64,0.0,预测答案虽然省略了“Cabo Verde is an island country located in the central Atlantic Ocean”这一部分，但它直接提供了问题所询问的地理位置核心信息，即“570 kilometres (350 mi) west of the Cape Verde Peninsula off the coast of Northwest Africa”。这一表述与标准答案的关键地理描述完全一致，在语义上等价，且措辞差异不影响核心意思的表达，因此可以视为正确回答了问题。
What award did the author of The Red Tree receive?,Who is the author of The Red Tree?,Shaun Tan,Shaun Tan,True,1.0,1.0,预测答案“Shaun Tan”与标准答案完全一致，准确无误地指出了《The Red Tree》的作者。该答案不仅包含了标准答案的所有关键信息，而且在语义上完全等价，没有任何歧义或偏差。尽管可能存在其他翻译或表述方式，但此处的直接姓名匹配确保了答案的精确性，完全符合评估标准中对关键信息包含和语义一致性的要求。,Shaun Tan,True,1.0,1.0,预测答案“Shaun Tan”与标准答案完全一致，准确无误地指出了《The Red Tree》的作者。该答案不仅包含了标准答案的所有关键信息，而且在语义上完全等价，没有任何歧义或偏差。尽管可能存在其他翻译或表述方式，但此处的直接姓名匹配确保了答案的精确性，完全符合评估标准中对关键信息包含和语义一致性的要求。
What award did the author of The Red Tree receive?,What award did Shaun Tan receive?,Shaun Tan received an Academy Award for Best Animated Short Film in 2011.,2001 Caldecott Medal,False,0.17391304347826086,0.0,预测答案“2001 Caldecott Medal”与标准答案“Academy Award for Best Animated Short Film in 2011”在关键信息上完全不一致。Shaun Tan确实曾获得凯迪克奖，但这是针对其绘本作品《抵岸》的奖项，而问题询问的是他获得的奖项，标准答案明确指出是2011年的奥斯卡最佳动画短片奖。两者在奖项名称、颁发机构和年份上均无重叠，语义上不等价，因此预测答案未能正确回答问题。,Academy Award for Best Animated Short Film,True,0.5217391304347825,0.0,预测答案“Academy Award for Best Animated Short Film”完整包含了标准答案中的核心奖项信息，即肖恩·谭所获得的奖项名称。尽管预测答案省略了获奖年份（2011年）和“received”等动词，但问题仅询问“获得了什么奖项”，因此预测答案在语义上完全等价于标准答案的关键部分，且措辞差异不影响其正确性。这符合判断标准中允许细微措辞差异的要求。
What was the show named after the character featured in the video game Mickey's Safari in Letterland?,What character is featured in the video game Mickey's Safari in Letterland?,Mickey Mouse,Mickey Mouse,True,1.0,1.0,预测答案“Mickey Mouse”与标准答案完全一致，不仅包含了关键信息，而且在语义上完全等价，没有任何歧义或差异。该答案直接准确地指出了视频游戏《Mickey's Safari in Letterland》中的主角角色，符合问题要求，且措辞与标准答案完全相同，因此可以明确判定为正确回答。,Mickey Mouse,True,1.0,1.0,预测答案“Mickey Mouse”与标准答案完全一致，不仅包含了关键信息，而且在语义上完全等价，没有任何歧义或差异。该答案直接准确地指出了视频游戏《Mickey's Safari in Letterland》中的主角角色，符合问题要求，且措辞与标准答案完全相同，因此可以明确判定为正确回答。
What was the show named after the character featured in the video game Mickey's Safari in Letterland?,What television show is named after the character Mickey Mouse?,The Mickey Mouse Club,The Mickey Mouse Club,True,1.0,1.0,预测答案“The Mickey Mouse Club”与标准答案完全一致，不仅包含了关键信息“Mickey Mouse Club”这一电视节目名称，而且在语义上完全等价，没有任何措辞差异。该答案直接、准确地回应了问题中关于以米老鼠角色命名的电视节目的询问，符合所有判断标准。,The Mickey Mouse Club,True,1.0,1.0,预测答案“The Mickey Mouse Club”与标准答案完全一致，不仅包含了关键信息“Mickey Mouse Club”这一电视节目名称，而且在语义上完全等价，没有任何措辞差异。该答案直接、准确地回应了问题中关于以米老鼠角色命名的电视节目的询问，符合所有判断标准。
In which county is Southern Maryland Electric Cooperative headquartered?,Where is the headquarters of Southern Maryland Electric Cooperative?,"The headquarters of Southern Maryland Electric Cooperative is in Hughesville, Maryland.","Hughesville, Maryland",True,0.5,0.0,"预测答案“Hughesville, Maryland”完整包含了标准答案中的核心信息，即总部所在地的具体城镇和州份。尽管预测答案省略了“The headquarters of Southern Maryland Electric Cooperative is in”这一表述，但其直接提供了地理位置的关键内容，与标准答案在语义上完全等价。这种措辞差异属于允许的细微变化，因为答案准确回答了问题所询问的总部位置，且未引入任何错误或歧义信息。","Hughesville, Maryland",True,0.5,0.0,"预测答案“Hughesville, Maryland”完整包含了标准答案中的核心信息，即总部所在地的具体城镇和州份。尽管预测答案省略了“The headquarters of Southern Maryland Electric Cooperative is in”这一表述，但其直接提供了地理位置的关键内容，与标准答案在语义上完全等价。这种措辞差异属于允许的细微变化，因为答案准确回答了问题所询问的总部位置，且未引入任何错误或歧义信息。"
Where is Amílcar Cabral International Airport?,Amílcar Cabral International Airport location,Amílcar Cabral International Airport is located two km west-southwest from Espargos on Sal Island.,2 km west-southwest from Espargos on Sal Island,True,0.6875000000000001,0.0,距离（2 km）、方位（west-southwest）、参考点（Espargos）和具体位置（Sal Island）。虽然省略了机场名称和“is located”等表述，但语义上与标准答案完全等价，核心地理信息准确无误，符合允许措辞差异的判断标准。,2 km west-southwest from Espargos on Sal Island,True,0.6875000000000001,0.0,距离（2 km）、方位（west-southwest）、参考点（Espargos）和具体位置（Sal Island）。虽然省略了机场名称和“is located”等表述，但语义上与标准答案完全等价，核心地理信息准确无误，符合允许措辞差异的判断标准。
Where was the author of Hannibal and Scipio educated at?,Who is the author of the book 'Hannibal and Scipio'?,Thomas Nabbes,Thomas Nabbes,True,1.0,1.0,预测答案“Thomas Nabbes”与标准答案完全一致，不仅包含了关键信息，而且在语义上完全等价，没有任何措辞差异。这直接准确地回答了关于书籍《Hannibal and Scipio》作者的问题，符合所有判断标准，包括信息完整性和意思一致性，因此可以明确认定为正确回答。,Thomas Nabbes,True,1.0,1.0,预测答案“Thomas Nabbes”与标准答案完全一致，不仅包含了关键信息，而且在语义上完全等价，没有任何措辞差异。这直接准确地回答了关于书籍《Hannibal and Scipio》作者的问题，符合所有判断标准，包括信息完整性和意思一致性，因此可以明确认定为正确回答。
Where was the author of Hannibal and Scipio educated at?,Where was Thomas Nabbes educated?,"Thomas Nabbes was educated at Exeter College, Oxford in 1621.","Exeter College, Oxford",True,0.38095238095238093,0.0,"预测答案“Exeter College, Oxford”完全包含了标准答案中的核心关键信息，即教育机构名称和地点，虽然省略了具体年份“1621”，但这并不影响对问题“在哪里受教育”的准确回答。在语义上，预测答案与标准答案在“教育地点”这一核心点上完全等价，且措辞简洁直接，符合允许细微差异的要求，因此可以判定为正确回答了问题。","Exeter College, Oxford",True,0.38095238095238093,0.0,"预测答案“Exeter College, Oxford”完全包含了标准答案中的核心关键信息，即教育机构名称和地点，虽然省略了具体年份“1621”，但这并不影响对问题“在哪里受教育”的准确回答。在语义上，预测答案与标准答案在“教育地点”这一核心点上完全等价，且措辞简洁直接，符合允许细微差异的要求，因此可以判定为正确回答了问题。"
Where was Tyler MacDuff's child educated?,Who is Tyler MacDuff?,Tyler MacDuff is an actor and the father of Dana MacDuff.,"Tyler MacDuff is the son of actor Tyler MacDuff and Beverlie May Anderson. He is named after his father's close friend, Dana Andrews. Tyler MacDuff graduated from Blair International Baccalaureate School in Pasadena in 1974. He served in the United States Navy from 1974 to 1977. After his military service, he worked as a page at the American Broadcasting Company and later as a floor and stage manager with the BBC in Belfast, Northern Ireland. He then returned to Hollywood in 1995 to produce films. He and his brother Brandon R. MacDuff have formed Oakdale Pictures, a production company in Reno.",False,0.17105263157894737,0.0,预测答案虽然提供了关于Tyler MacDuff的详细信息，如教育背景、职业经历和家庭关系，但它完全未包含标准答案中的关键信息——即“他是Dana MacDuff的父亲”。相反，预测答案错误地将他描述为“演员Tyler MacDuff的儿子”，这导致了事实矛盾。由于预测答案遗漏了核心身份定义，且部分内容与标准答案在语义上不一致，因此未能正确回答问题。,"Tyler MacDuff is a producer who was born in Pasadena, California, to the actor Tyler MacDuff and Beverlie May Anderson. He served in the United States Navy and worked as a page at the American Broadcasting Company before returning to Hollywood to produce films. He and his brother Brandon formed Oakdale Pictures, a production company in Reno.",False,0.25641025641025644,0.0,预测答案与标准答案在关键信息上存在严重矛盾。标准答案明确指出Tyler MacDuff是一名演员，而预测答案却描述他为一名制片人，并声称其父亲才是演员Tyler MacDuff，这实际上将同一个人物关系错误地分割为两代不同的个体。预测答案中关于出生地、职业经历等细节虽然具体，但完全偏离了标准答案的核心定义，导致语义上无法等价，未能正确回答“Who is Tyler MacDuff”这一基本问题。
Where was Tyler MacDuff's child educated?,Where was Dana MacDuff educated?,He graduated from Blair International Baccalaureate School in Pasadena.,1972 graduate of Blair High School,True,0.2608695652173913,0.0,预测答案“1972 graduate of Blair High School”与标准答案“He graduated from Blair International Baccalaureate School in Pasadena”在关键信息上高度一致。两者都明确指出Dana MacDuff毕业于Blair学校，尽管预测答案省略了“International Baccalaureate”和“Pasadena”等细节，但核心事实“毕业于Blair学校”已准确传达，且语义等价。允许的措辞差异（如年份补充）不影响整体正确性，因此预测答案正确回答了问题。,Blair International Baccalaureate School in Pasadena,True,0.88,0.0,预测答案“Blair International Baccalaureate School in Pasadena”完整包含了标准答案中的关键信息，即教育机构名称和地点，虽然省略了“He graduated from”这一表述，但核心内容在语义上与标准答案完全等价。问题询问教育地点，预测答案直接提供了学校名称和城市，准确回应了问题，符合允许措辞差异但意思一致的标准。
In which county is Kimbrough Memorial Stadium located?,In which city is Kimbrough Memorial Stadium located?,"Canyon, Texas",Canyon,True,0.8,0.0,"预测答案“Canyon”与标准答案“Canyon, Texas”在语义上完全等价，因为“Canyon”本身就是城市名称，而“Texas”是其所属州，属于补充信息。预测答案已包含标准答案中的关键地理实体——城市名“Canyon”，足以准确回答“位于哪个城市”的问题。措辞上的细微差异（省略州名）不影响核心信息的正确性，且在实际语境中，单独提及“Canyon”通常即指德克萨斯州的该城市，符合语义一致性要求。",Canyon,True,0.8,0.0,"预测答案“Canyon”与标准答案“Canyon, Texas”在语义上完全等价，因为“Canyon”本身就是城市名称，而“Texas”是其所属州，属于补充信息。预测答案已包含标准答案中的关键地理实体——城市名“Canyon”，足以准确回答“位于哪个城市”的问题。措辞上的细微差异（省略州名）不影响核心信息的正确性，且在实际语境中，单独提及“Canyon”通常即指德克萨斯州的该城市，符合语义一致性要求。"
In which county is Kimbrough Memorial Stadium located?,"Which county is Canyon, Texas located in?","Canyon, Texas is located in Randall County.",Randall County,True,0.3636363636363636,0.0,"预测答案“Randall County”直接提供了标准答案中的核心信息，即坎宁市所在的县名。虽然预测答案省略了标准答案中“Canyon, Texas is located in”这一背景陈述，但其内容与标准答案的关键事实完全一致，语义上等价，且没有引入任何矛盾或额外信息。这种简洁表达在回答此类直接询问地点的问题中是可接受的，符合判断标准中允许措辞差异的要求。",Randall County,True,0.3636363636363636,0.0,"预测答案“Randall County”直接提供了标准答案中的核心信息，即坎宁市所在的县名。虽然预测答案省略了标准答案中“Canyon, Texas is located in”这一背景陈述，但其内容与标准答案的关键事实完全一致，语义上等价，且没有引入任何矛盾或额外信息。这种简洁表达在回答此类直接询问地点的问题中是可接受的，符合判断标准中允许措辞差异的要求。"
What military overran much of Erich Zakowski's place of birth?,Where was Erich Zakowski born?,Erich Zakowski was born in East Prussia.,东普鲁士,True,0,0.0,预测答案“东普鲁士”与标准答案“Erich Zakowski was born in East Prussia”在语义上完全等价，因为“东普鲁士”是“East Prussia”的标准中文翻译，直接包含了标准答案中的关键出生地点信息。尽管预测答案省略了主语和谓语部分，但根据判断标准，它准确传达了核心事实，且措辞差异在允许范围内，意思保持一致，因此正确回答了问题。,25 November 1934 in East Prussia,True,0.39999999999999997,0.0,预测答案“25 November 1934 in East Prussia”明确包含了标准答案中的关键信息“East Prussia”，即埃里希·扎科夫斯基的出生地。尽管预测答案额外提供了出生日期“25 November 1934”，但这并未改变或偏离核心地理信息，语义上与标准答案“Erich Zakowski was born in East Prussia”完全等价，都准确指出了出生地点为东普鲁士。措辞上的差异（如省略主语和动词）不影响意思的一致性，因此预测答案正确回答了问题。
What military overran much of Erich Zakowski's place of birth?,Which military force overran much of East Prussia during World War II?,The Soviet Union overran much of East Prussia during World War II.,Soviet Union,True,0.2666666666666667,0.0,预测答案“Soviet Union”与标准答案“The Soviet Union overran much of East Prussia during World War II”在语义上完全等价，因为它包含了关键信息“Soviet Union”，并准确指代了在二战期间占领东普鲁士大部分地区的军事力量。尽管预测答案省略了动词和部分细节，但核心实体和事件关系保持一致，符合允许措辞差异的判断标准，因此正确回答了问题。,Soviet Union,True,0.2666666666666667,0.0,预测答案“Soviet Union”与标准答案“The Soviet Union overran much of East Prussia during World War II”在语义上完全等价，因为它包含了关键信息“Soviet Union”，并准确指代了在二战期间占领东普鲁士大部分地区的军事力量。尽管预测答案省略了动词和部分细节，但核心实体和事件关系保持一致，符合允许措辞差异的判断标准，因此正确回答了问题。
The 1967 Federation Cup is an instance of this tournament which is named after what organization?,What is the Federation Cup in sports?,The Federation Cup is the premier international team competition in women's tennis. It was launched in 1963 and is the world's largest annual women's international team sports competition in terms of participating nations.,"The Federation Cup is the premier international team competition in women's tennis, launched in 1963 to celebrate the 50th anniversary of the International Tennis Federation (ITF). It is now known as the Fed Cup.",True,0.5915492957746479,0.0,明确指出联合会杯是女子网球的首要国际团体赛事，于1963年启动，并强调了其作为国际团队竞赛的性质。虽然预测答案补充了“庆祝国际网球联合会成立50周年”和“现称Fed Cup”等细节，但这些信息并未与标准答案冲突，反而增强了内容的完整性。语义上与标准答案完全一致，仅在措辞上略有扩展，符合判断标准中允许细微差异的要求。,"The Federation Cup is a women's international team competition in tennis, now known as the Fed Cup. It was launched in 1963 and is the world's largest annual women's international team sports competition in terms of the number of nations that compete.",True,0.8533333333333334,0.0,明确指出Federation Cup是女子网球国际团体赛事，于1963年启动，并且是参与国家数量最多的年度女子国际团体体育赛事。虽然预测答案补充了“现在称为Fed Cup”这一细节，但这并未偏离核心事实，反而提供了额外背景。语义上与标准答案完全等价，仅存在措辞上的细微差异（如“participating nations”与“number of nations that compete”），但意思完全一致。
The 1967 Federation Cup is an instance of this tournament which is named after what organization?,Which organization is the Federation Cup in women's tennis named after?,The International Tennis Federation (ITF),International Tennis Federation (ITF),True,1.0,1.0,预测答案“International Tennis Federation (ITF)”与标准答案“The International Tennis Federation (ITF)”在语义上完全等价，都指代同一组织，仅存在冠词“The”的细微措辞差异，这并不影响核心信息的准确性。预测答案明确包含了关键信息“International Tennis Federation”及其缩写“ITF”，完全符合问题关于女子网球联合会杯命名来源的查询要求，因此正确回答了问题。,International Tennis Federation (ITF),True,1.0,1.0,预测答案“International Tennis Federation (ITF)”与标准答案“The International Tennis Federation (ITF)”在语义上完全等价，都指代同一组织，仅存在冠词“The”的细微措辞差异，这并不影响核心信息的准确性。预测答案明确包含了关键信息“International Tennis Federation”及其缩写“ITF”，完全符合问题关于女子网球联合会杯命名来源的查询要求，因此正确回答了问题。
What is another notable work made by the author of Miss Sara Sampson?,What are notable works by Gotthold Ephraim Lessing?,"Notable works by Gotthold Ephraim Lessing include the plays 'Emilia Galotti', a classic bourgeois tragedy, and 'Miss Sara Sampson', considered one of the first bourgeois tragedies.","Emilia Galotti, Miss Sara Sampson",True,0.3902439024390244,0.0,预测答案虽然简洁，但完整包含了标准答案中提到的两部核心戏剧作品《Emilia Galotti》和《Miss Sara Sampson》，这两部作品正是莱辛最具代表性的剧作。尽管预测答案省略了标准答案中对作品类型的补充描述（如“资产阶级悲剧”），但问题仅要求列举“notable works”，预测答案直接提供了作品名称，在语义上与标准答案的核心信息完全等价，符合“允许措辞细微差异”的判断标准。,"Emilia Galotti, Miss Sara Sampson",True,0.3902439024390244,0.0,预测答案虽然简洁，但完整包含了标准答案中提到的两部核心戏剧作品《Emilia Galotti》和《Miss Sara Sampson》，这两部作品正是莱辛最具代表性的剧作。尽管预测答案省略了标准答案中对作品类型的补充描述（如“资产阶级悲剧”），但问题仅要求列举“notable works”，预测答案直接提供了作品名称，在语义上与标准答案的核心信息完全等价，符合“允许措辞细微差异”的判断标准。
What record label is the performer of Almost Made Ya signed to?,Who is the performer of the song Almost Made Ya?,"The performers of the song 'Almost Made Ya' are the duo Ali & Gipp, featuring LeToya Luckett.",Ali & Gipp,True,0.21052631578947367,0.0,预测答案“Ali & Gipp”直接对应了标准答案中“the duo Ali & Gipp”这一核心信息，虽然省略了“featuring LeToya Luckett”这一补充细节，但已准确指出了歌曲的主要表演者。根据判断标准，预测答案在语义上与标准答案的关键部分等价，且措辞差异不影响对主要表演者的正确识别，因此可以视为正确回答了问题。,Ali & Gipp,True,0.21052631578947367,0.0,预测答案“Ali & Gipp”直接对应了标准答案中“the duo Ali & Gipp”这一核心信息，虽然省略了“featuring LeToya Luckett”这一补充细节，但已准确指出了歌曲的主要表演者。根据判断标准，预测答案在语义上与标准答案的关键部分等价，且措辞差异不影响对主要表演者的正确识别，因此可以视为正确回答了问题。
What record label is the performer of Almost Made Ya signed to?,What record label is the duo Ali & Gipp signed to?,Ali & Gipp are signed to Derrty Entertainment and Universal Records.,Derrty Entertainment and Universal Records,True,0.6666666666666666,0.0,预测答案“Derrty Entertainment and Universal Records”完整包含了标准答案中的关键信息，即Ali & Gipp签约的两家唱片公司。尽管预测答案省略了主语“Ali & Gipp are signed to”，但其核心内容与标准答案在语义上完全等价，且措辞差异不影响意思的一致性。预测答案直接提供了问题所询问的唱片公司名称，因此正确回答了问题。,Universal Records,False,0.15384615384615385,0.0,预测答案仅提到了“Universal Records”，但标准答案明确指出Ali & Gipp同时签约于“Derrty Entertainment”和“Universal Records”两家唱片公司。预测答案遗漏了“Derrty Entertainment”这一关键信息，未能完整覆盖标准答案的全部内容，因此在语义上不等价，不符合“包含关键信息”的判断标准。尽管措辞允许细微差异，但信息缺失导致答案不准确。
"According to the agency that published U.S. and World Population Clock, what is the total area in square miles?",Which agency publishes the U.S. and World Population Clock?,The United States Census Bureau publishes the U.S. and World Population Clock.,United States Census Bureau,True,0.5714285714285715,0.0,预测答案“United States Census Bureau”完全包含了标准答案中的关键信息，即发布美国及世界人口时钟的机构是美国人口普查局。尽管预测答案省略了“The”和“publishes the U.S. and World Population Clock”等描述性部分，但其核心实体与标准答案在语义上完全等价，意思保持一致，符合允许措辞细微差异的判断标准。因此，预测答案正确地回答了问题。,United States Census Bureau,True,0.5714285714285715,0.0,预测答案“United States Census Bureau”完全包含了标准答案中的关键信息，即发布美国及世界人口时钟的机构是美国人口普查局。尽管预测答案省略了“The”和“publishes the U.S. and World Population Clock”等描述性部分，但其核心实体与标准答案在语义上完全等价，意思保持一致，符合允许措辞细微差异的判断标准。因此，预测答案正确地回答了问题。
"According to the agency that published U.S. and World Population Clock, what is the total area in square miles?",What total area in square miles does the United States Census Bureau report?,3.8 million square miles,3.8 million square miles,True,1.0,1.0,预测答案“3.8 million square miles”与标准答案完全一致，不仅包含了关键数字“3.8 million”和单位“square miles”，而且在语义上完全等价，没有任何信息缺失或歧义。尽管允许措辞上的细微差异，但此处预测答案的措辞与标准答案完全相同，因此可以明确判定为正确回答了问题。,9.8 million km2,False,0.5,0.0,预测答案虽然提供了美国国土面积的数值，但使用了不同的单位（平方千米而非平方英里），且数值与标准答案的3.8 million square miles不符。虽然单位换算后9.8 million km²约等于3.78 million square miles，但预测答案未明确提及单位换算或语义等价性，且直接给出的数值和单位组合可能导致误解，不符合“语义上等价”的判断标准，因此不能视为正确回答。
"According to the developer of Topologically Integrated Geographic Encoding and Referencing, what is the total area of Atlantic City in square miles?",What is the total area of Atlantic City in square miles according to TIGER?,The total area of Atlantic City is 17.037 square miles.,17.037 square miles,True,0.6,0.0,预测答案“17.037 square miles”完全包含了标准答案中的关键数值信息“17.037”和单位“square miles”，且语义上与标准答案“The total area of Atlantic City is 17.037 square miles”等价，仅省略了描述性语句，但核心数据准确无误，符合允许措辞细微差异的判断标准，因此正确回答了问题。,"44.125 km2

The reference text mentions ""According to the United States Census Bureau, the city had a total area of 17.037 square miles (44.125 km2)"". This indicates that the total area of Atlantic City, New Jersey is 44.125 square kilometers according to the TIGER format used by the United States Census Bureau. However, the question asks for the area in square miles, which is 17.037 square miles. The conversion from square kilometers to square miles is not straightforward and requires a conversion factor, but based on the information provided, the area in square kilometers is 44.125 km2.",False,0.1,0.0,预测答案虽然提供了正确的面积数值（44.125），但使用了错误的单位（km²），而问题明确要求以平方英里（square miles）为单位。标准答案为17.037平方英里，预测答案的单位与问题要求不符，导致语义上不等价，未能正确回答问题。尽管参考文本中提到了两种单位的换算关系，但预测答案未遵循问题指令，因此不符合评估标准。
Who is the child of Sigrid Eskilsdotter's child?,Who is the child of Sigrid Eskilsdotter?,Christina Gyllenstierna,Christina Gyllenstierna,True,1.0,1.0,预测答案“Christina Gyllenstierna”与标准答案完全一致，不仅包含了关键信息，而且在语义上完全等价，没有任何措辞差异。该答案直接准确地回答了关于Sigrid Eskilsdotter子女身份的问题，符合历史事实，因此可以确认预测答案正确无误地回应了问题。,Christina Gyllenstierna,True,1.0,1.0,预测答案“Christina Gyllenstierna”与标准答案完全一致，不仅包含了关键信息，而且在语义上完全等价，没有任何措辞差异。该答案直接准确地回答了关于Sigrid Eskilsdotter子女身份的问题，符合历史事实，因此可以确认预测答案正确无误地回应了问题。
Who is the child of Sigrid Eskilsdotter's child?,Who are the children of Christina Gyllenstierna?,Christina Gyllenstierna's children include a daughter (mother of King Gustav Vasa) and a child who was the parent of Sigrid Sture.,"Christina Gyllenstierna's children are the children of Sigrid Sture, who was Christina Gyllenstierna's daughter. Therefore, the children of Christina Gyllenstierna are not directly stated in the given documents, but based on the family relationships provided, Sigrid Sture's children would be the grandchildren of Christina Gyllenstierna. Specifically, Svante Turesson Bielke, who was the son of Sigrid Sture and Ture Pedersson Bielke, would be one of her grandchildren.",False,0.2903225806451613,0.0,预测答案未能正确回答问题，因为它错误地描述了家族关系。标准答案明确指出Christina Gyllenstierna的子女包括一个女儿（古斯塔夫·瓦萨国王的母亲）和一个作为Sigrid Sture父母的孩子，而预测答案却声称Sigrid Sture是Christina Gyllenstierna的女儿，这混淆了代际关系，并错误地将孙辈（如Svante Turesson Bielke）作为讨论焦点，导致关键信息缺失且语义与标准答案不符。,"Sigrid Sture, Christina Gyllenstierna",False,0.43243243243243246,0.0,预测答案仅列出了两个名字，但并未明确说明她们是Christina Gyllenstierna的子女，而是直接并列呈现，这容易造成混淆。标准答案明确指出Christina Gyllenstierna的子女包括一个女儿（古斯塔夫·瓦萨国王的母亲）以及另一个是Sigrid Sture的父母之一，而预测答案中Sigrid Sture被错误地列为子女之一，这与历史事实不符，因为Sigrid Sture实际上是Christina Gyllenstierna的孙女。因此，预测答案既未准确反映亲属关系，也未包含关键信息，语义上不等价于标准答案。
Who is the child of the Victim of Romance performer?,Who performed the song 'Victim of Romance'?,Michelle Phillips,Michelle Phillips,True,1.0,1.0,预测答案“Michelle Phillips”与标准答案完全一致，准确包含了“Victim of Romance”这首歌曲的演唱者这一关键信息。两者在语义上完全等价，没有任何歧义或差异，且措辞完全相同，完全符合评估标准中关于信息准确性和语义一致性的要求。因此，预测答案正确回答了问题。,Michelle Phillips,True,1.0,1.0,预测答案“Michelle Phillips”与标准答案完全一致，准确包含了“Victim of Romance”这首歌曲的演唱者这一关键信息。两者在语义上完全等价，没有任何歧义或差异，且措辞完全相同，完全符合评估标准中关于信息准确性和语义一致性的要求。因此，预测答案正确回答了问题。
Who is the child of the Victim of Romance performer?,Who is Michelle Phillips' child?,Chynna Phillips,"Michelle Phillips' child is Isabelle Willis, as Michelle Phillips married Matt Willis (who is also known as Ewan McGregor's co-star in Nanny McPhee and the Big Bang) and they had a daughter named Isabelle in June 2009. However, it's important to note that Michelle Phillips is not related to Ewan McGregor's character in Nanny McPhee and the Big Bang, as the document about Nanny McPhee and the Big Bang is about a different Michelle Phillips (not the singer). The correct answer based on the given information is that Michelle Phillips, the singer, had a daughter named Isabelle.",False,0.046511627906976744,0.0,预测答案声称Michelle Phillips的孩子是Isabelle Willis，这与标准答案Chynna Phillips完全不符。预测答案基于错误的信息，将另一位同名人物（非歌手Michelle Phillips）的家庭关系混淆进来，导致核心事实错误。标准答案明确指出Michelle Phillips（歌手）的孩子是Chynna Phillips，而预测答案未包含此关键信息，语义上也不等价，因此无法正确回答问题。,"Michelle Phillips' child is Chifundo ""Mercy"" James, who was adopted from Malawi.",False,0.2608695652173913,0.0,"预测答案与标准答案在关键信息上完全不一致。标准答案明确指出米歇尔·菲利普斯的孩子是**Chynna Phillips**（其亲生女儿，美国歌手），而预测答案却错误地声称孩子是**Chifundo ""Mercy"" James**（来自马拉维的收养孩子），这实际上是麦当娜收养的女儿，与米歇尔·菲利普斯无关。预测答案在人物关系和事实描述上存在根本性错误，未能正确回答问题，因此不符合语义等价或信息一致性的要求。"
What happened to the Curonians who lived in the area where Erich Zakowski was born?,Where was Erich Zakowski born?,Erich Zakowski was born in East Prussia.,东普鲁士,True,0,0.0,预测答案“东普鲁士”与标准答案“Erich Zakowski was born in East Prussia”在语义上完全等价，因为“东普鲁士”是“East Prussia”的标准中文翻译，直接包含了标准答案中的关键出生地点信息。尽管预测答案省略了主语和谓语部分，但根据判断标准，它准确传达了核心事实，且措辞差异在允许范围内，意思保持一致，因此正确回答了问题。,25 November 1934 in East Prussia,True,0.39999999999999997,0.0,预测答案“25 November 1934 in East Prussia”明确包含了标准答案中的关键信息“East Prussia”，即埃里希·扎科夫斯基的出生地。尽管预测答案额外提供了出生日期“25 November 1934”，但这并未改变或偏离核心地理信息，语义上与标准答案“Erich Zakowski was born in East Prussia”完全等价，都准确指出了出生地点为东普鲁士。措辞上的差异（如省略主语和动词）不影响意思的一致性，因此预测答案正确回答了问题。
What happened to the Curonians who lived in the area where Erich Zakowski was born?,Which specific Curonian population historically inhabited East Prussia?,The Curonians who lived in the area around the Curonian Lagoon in East Prussia.,219 Curonians lived along the Curonian Spit in 1955 in East Prussia.,False,0.5714285714285715,0.0,"预测答案虽然提到了""Curonians""和""East Prussia""，但错误地将焦点放在1955年的人口数量（219人）和具体地点（Curonian Spit），而标准答案强调的是历史上居住在库尔斯泻湖（Curonian Lagoon）地区的库洛尼亚人。预测答案在时间（1955年 vs 历史时期）和地理范围（Curonian Spit vs Curonian Lagoon）上存在明显偏差，未能准确捕捉标准答案中关于特定历史族群及其居住区域的核心信息，因此语义上不等价。",Curonians that remained behind in East Prussia were subsequently expelled by the Soviet Union.,False,0.37500000000000006,0.0,"预测答案虽然提到了""Curonians""和""East Prussia""，但并未明确指出标准答案中的关键信息——即他们具体是""生活在东普鲁士库尔斯泻湖地区""的库洛尼亚人。预测答案主要描述了该群体后来的历史遭遇（被苏联驱逐），这属于补充信息，但并未直接回答""哪些特定库洛尼亚人口历史上居住在东普鲁士""这一核心问题。因此，预测答案在关键地理细节上缺失，与标准答案的语义不等价，未能正确回答问题。"
What is the competition that the 1965 Federation Cup is part of named after?,What is the 1965 Federation Cup?,"The 1965 Federation Cup was the third edition of the women's international team tennis competition, now known as the Fed Cup. It was held from 15–18 January at the Kooyong Lawn Tennis Club in Melbourne, Australia. Eleven nations participated, and Australia defended their title by defeating the United States in the final.","17 nations participated in the tournament, which was held at the Blau-Weiss Tennis Club in West Berlin from 6–11 June. United States defended their title, defeating Great Britain in the final.",False,0.47311827956989244,0.0,预测答案与标准答案在多个关键事实上存在严重不符。标准答案明确指出1965年联合会杯有11个国家参与，在澳大利亚墨尔本的库扬草地网球俱乐部举行，时间为1月15日至18日，且澳大利亚卫冕冠军击败了美国；而预测答案却声称有17个国家参与，地点在柏林布劳-魏斯网球俱乐部，时间为6月6日至11日，且美国卫冕冠军击败了英国。这些核心信息（参与国家数量、地点、时间、冠军队伍）的冲突表明预测答案未能正确回答问题，其内容与历史事实不符，因此无法被视为语义上的等价或正确回答。,"11 nations participated in the tournament, which was held at the Kooyong Lawn Tennis Club in Melbourne, Australia from 15–18 January. United States and Australia both reached the final for the third consecutive time, and Australia defended their title, defeating United States by winning both of their singles rubbers.",True,0.6666666666666666,0.0,明确指出这是第三届女子国际网球团体赛（现称联合会杯），举办时间为1965年1月15日至18日，地点在墨尔本的库扬草地网球俱乐部，参赛国家为11个，且澳大利亚在决赛中击败美国卫冕成功。尽管预测答案未直接提及“第三届”这一细节，但通过描述“美国和澳大利亚连续第三次进入决赛”间接呼应了赛事历史背景，整体语义与标准答案完全一致，仅存在措辞上的合理差异。
What is the competition that the 1965 Federation Cup is part of named after?,What is the Fed Cup (formerly Federation Cup) tennis competition named after?,The Fed Cup (formerly the Federation Cup) is named in honor of the 50th anniversary of the International Tennis Federation (ITF).,International Tennis Federation (ITF),True,0.33333333333333337,0.0,预测答案“International Tennis Federation (ITF)”直接提供了标准答案中的核心信息，即Fed Cup是以国际网球联合会命名的。虽然预测答案省略了“50周年纪念”这一细节，但标准答案的关键在于说明该赛事与ITF的关联，预测答案在语义上与此等价，且措辞差异不影响整体意思的一致性，因此正确回答了问题。,International Tennis Federation (ITF),True,0.33333333333333337,0.0,预测答案“International Tennis Federation (ITF)”直接提供了标准答案中的核心信息，即Fed Cup是以国际网球联合会命名的。虽然预测答案省略了“50周年纪念”这一细节，但标准答案的关键在于说明该赛事与ITF的关联，预测答案在语义上与此等价，且措辞差异不影响整体意思的一致性，因此正确回答了问题。
What county was Tim Dubois born in?,Where was Tim Dubois born?,"Tim DuBois was born in Southwest City, Missouri.","Southwest City, Missouri",True,0.46153846153846156,0.0,"预测答案“Southwest City, Missouri”完整包含了标准答案中的关键地理信息，即出生地点“Southwest City, Missouri”，尽管省略了主语“Tim DuBois was born in”，但语义上与标准答案完全等价，意思保持一致，符合允许措辞细微差异的判断标准。","Southwest City, Missouri",True,0.46153846153846156,0.0,"预测答案“Southwest City, Missouri”完整包含了标准答案中的关键地理信息，即出生地点“Southwest City, Missouri”，尽管省略了主语“Tim DuBois was born in”，但语义上与标准答案完全等价，意思保持一致，符合允许措辞细微差异的判断标准。"
What county was Tim Dubois born in?,"What county is Southwest City, Missouri located in?","Southwest City is located in McDonald County, Missouri.",McDonald County,True,0.42857142857142855,0.0,"预测答案""McDonald County""直接提供了标准答案中的核心信息，即西南城所在的县名。虽然预测答案省略了""Southwest City is located in""和""Missouri""等背景描述，但问题明确询问的是县名，预测答案精准地给出了""McDonald County""这一关键实体。在语义上，预测答案与标准答案的实质内容完全等价，都确认了西南城位于麦克唐纳县，符合""允许措辞细微差异""的判断标准。",McDonald County,True,0.42857142857142855,0.0,"预测答案""McDonald County""直接提供了标准答案中的核心信息，即西南城所在的县名。虽然预测答案省略了""Southwest City is located in""和""Missouri""等背景描述，但问题明确询问的是县名，预测答案精准地给出了""McDonald County""这一关键实体。在语义上，预测答案与标准答案的实质内容完全等价，都确认了西南城位于麦克唐纳县，符合""允许措辞细微差异""的判断标准。"
Who is the father of the performer of Qui de noux deux?,Who performed the song 'Qui de nous deux'?,"Matthieu Chedid, in his persona as -M-.",Matthieu Chedid,True,0.6666666666666666,0.0,预测答案“Matthieu Chedid”完全包含了标准答案中的核心关键信息，即歌曲的表演者。虽然标准答案额外提到了他的艺名“-M-”，但这属于补充细节，预测答案在语义上与标准答案等价，都正确指出了表演者的本名。在音乐语境中，使用本名或艺名通常被视为可接受的细微差异，不影响答案的正确性。因此，预测答案准确回答了问题。,Matthieu Chedid,True,0.6666666666666666,0.0,预测答案“Matthieu Chedid”完全包含了标准答案中的核心关键信息，即歌曲的表演者。虽然标准答案额外提到了他的艺名“-M-”，但这属于补充细节，预测答案在语义上与标准答案等价，都正确指出了表演者的本名。在音乐语境中，使用本名或艺名通常被视为可接受的细微差异，不影响答案的正确性。因此，预测答案准确回答了问题。
What record label did the person who is part of The Bruce Lee Band start?,Who are the members of The Bruce Lee Band?,"The Bruce Lee Band is Mike Park and his backing band, which has included members from Less Than Jake and the Rx Bandits.","Mike Park and his backing band, which has included Less Than Jake and the Rx Bandits.",True,0.7999999999999999,0.0,明确指出The Bruce Lee Band的核心成员是Mike Park及其伴奏乐队，并正确列举了曾参与的主要乐队Less Than Jake和Rx Bandits。尽管预测答案在措辞上省略了“members from”这一细节，但“included Less Than Jake and the Rx Bandits”在上下文中语义明确，与标准答案中“included members from...”表达的意思完全一致，均指这些乐队的成员曾参与其中，因此两者在核心事实上完全等价。,"Mike Park and his backing band, which has included Less Than Jake and the Rx Bandits.",True,0.7999999999999999,0.0,明确指出The Bruce Lee Band的核心成员是Mike Park及其伴奏乐队，并正确列举了曾参与的主要乐队Less Than Jake和Rx Bandits。尽管预测答案在措辞上省略了“members from”这一细节，但“included Less Than Jake and the Rx Bandits”在上下文中语义明确，与标准答案中“included members from...”表达的意思完全一致，均指这些乐队的成员曾参与其中，因此两者在核心事实上完全等价。
What record label did the person who is part of The Bruce Lee Band start?,What record label did Mike Park start?,Mike Park started the record label Asian Man Records.,Dill Records,False,0.2,0.0,预测答案“Dill Records”与标准答案“Asian Man Records”在关键信息上完全不一致，两者在语义上没有任何等价关系。Mike Park 确实创立了 Asian Man Records，这是一个知名的独立唱片厂牌，而“Dill Records”并非他所创立的厂牌，因此预测答案未能正确回答关于 Mike Park 所创唱片厂牌的问题，属于事实性错误。,Asian Man Records,True,0.36363636363636365,0.0,预测答案“Asian Man Records”完整包含了标准答案中的关键信息，即Mike Park创立的唱片厂牌名称。尽管预测答案省略了“Mike Park started the record label”这一部分表述，但问题明确询问的是“什么唱片厂牌”，因此直接提供名称在语义上与标准答案完全等价，且意思保持一致，符合允许措辞差异的判断标准。
Who is the father of the performer of Je dis aime?,Who performed the song 'Je dis aime'?,"The work 'Je dis aime' is a studio album performed by French singer-songwriter Matthieu Chedid, under his persona -M-.",Je dis aime was performed by French singer-songwriter Mylène Farmer.,False,0.4571428571428572,0.0,预测答案与标准答案在关键信息上存在根本性错误。标准答案明确指出“Je dis aime”是由Matthieu Chedid（艺名-M-）演唱的专辑，而预测答案错误地将其归因于另一位法国歌手Mylène Farmer。两者在表演者身份上完全不同，这并非措辞差异，而是实质性的事实错误，因此预测答案未能正确回答问题。,Matthieu Chedid,True,0.37037037037037035,0.0,预测答案“Matthieu Chedid”直接提供了标准答案中的核心信息，即表演者身份。虽然标准答案更详细地说明了“Je dis aime”是专辑而非单曲，且提及艺名“-M-”，但预测答案在语义上等价，因为Matthieu Chedid正是该作品的创作者和表演者，关键信息准确无误，符合允许措辞差异的判断标准。
Who is the father of the performer of Je dis aime?,Who is the father of Matthieu Chedid?,Louis Chedid,Louis Chedid,True,1.0,1.0,预测答案“Louis Chedid”与标准答案完全一致，直接提供了Matthieu Chedid父亲的确切姓名，没有任何语义上的偏差或信息缺失。这满足了判断标准中的关键信息包含和语义等价要求，且措辞上无任何差异，因此预测答案正确回答了问题。,Louis Chedid,True,1.0,1.0,预测答案“Louis Chedid”与标准答案完全一致，直接提供了Matthieu Chedid父亲的确切姓名，没有任何语义上的偏差或信息缺失。这满足了判断标准中的关键信息包含和语义等价要求，且措辞上无任何差异，因此预测答案正确回答了问题。
Who is the father of the Labo M performer?,What is Labo M?,Labo M is the third studio album by French singer-songwriter Matthieu Chedid (under his persona -M-). It is an all-instrumental work released in 2003.,Labo M is the third studio album by French singer-songwriter Matthieu Chedid in his persona as -M-.,True,0.75,0.0,Labo M是法国歌手兼词曲作者Matthieu Chedid（以其艺名-M-身份）的第三张录音室专辑。虽然预测答案省略了“2003年发行的纯器乐作品”这一细节，但根据判断标准，它已涵盖主要事实（专辑性质、创作者、艺名和顺序），语义上与标准答案的主体部分等价，且措辞差异不影响核心意思的一致性。因此，预测答案正确回答了问题。,Labo M is the third studio album by French singer-songwriter Matthieu Chedid in his persona as -M-.,True,0.75,0.0,Labo M是法国歌手兼词曲作者Matthieu Chedid（以其艺名-M-身份）的第三张录音室专辑。虽然预测答案省略了“2003年发行的纯器乐作品”这一细节，但根据判断标准，它已涵盖主要事实（专辑性质、创作者、艺名和顺序），语义上与标准答案的主体部分等价，且措辞差异不影响核心意思的一致性。因此，预测答案正确回答了问题。
Who is the father of the Labo M performer?,Who is the father of French singer-songwriter Matthieu Chedid?,Louis Chedid,Louis Chedid,True,1.0,1.0,预测答案“Louis Chedid”与标准答案完全一致，直接提供了法国歌手兼词曲作者Matthieu Chedid的父亲姓名，满足了关键信息包含和语义等价的要求。两者在措辞上无任何差异，准确无误地回应了问题，因此预测答案正确回答了问题。,Louis Chedid,True,1.0,1.0,预测答案“Louis Chedid”与标准答案完全一致，直接提供了法国歌手兼词曲作者Matthieu Chedid的父亲姓名，满足了关键信息包含和语义等价的要求。两者在措辞上无任何差异，准确无误地回应了问题，因此预测答案正确回答了问题。
Where did the producer of Julius Caesar study or work?,Who is the producer of Julius Caesar?,John Houseman,"romeo and julietDocument: Caesar Must Die () is a 2012 Italian drama film directed by Paolo and Vittorio Taviani. The film competed at the 62nd Berlin International Film Festival where it won the Golden Bear. The film is set in Rebibbia Prison (suburb of Rome), and follows convicts in their rehearsals ahead of a prison performance of ""Julius Caesar"".",False,0,0.0,预测答案完全没有提供标准答案中的关键信息“John Houseman”，而是错误地引用了电影《Caesar Must Die》的相关内容，并提及了“Romeo and Juliet”这一无关作品。预测答案与标准答案在语义上完全不等价，且未涉及任何关于《Julius Caesar》制作人的正确信息，因此未能正确回答问题。,John Houseman,True,1.0,1.0,预测答案“John Houseman”与标准答案完全一致，不仅包含了关键信息，而且在语义上完全等价，没有任何措辞差异。该答案直接准确地指出了电影《Julius Caesar》的制片人身份，符合所有判断标准，因此正确回答了问题。
Where did the producer of Julius Caesar study or work?,Where did John Houseman study or work?,John Houseman was educated at Clifton College in England and worked in the grain trade in London.,"Houseman was educated in England at Clifton College, became a British subject, and worked in the grain trade in London before emigrating to the United States in 1925.",True,0.6666666666666666,0.0,预测答案完全包含了标准答案的关键信息，即约翰·豪斯曼在英格兰的克利夫顿学院接受教育，并在伦敦从事谷物贸易工作。虽然预测答案额外提到了他成为英国公民和1925年移民美国的信息，但这些补充内容并未与标准答案的核心事实冲突，反而在语义上保持了高度一致。措辞上的细微差异，如“educated in England at Clifton College”与“educated at Clifton College in England”只是表达顺序不同，意思完全相同。因此，预测答案正确回答了问题。,"John Houseman was educated in England at Clifton College and worked in the grain trade in London before emigrating to the United States in 1925, where he took the stage name of John Houseman.",True,0.6206896551724138,0.0,预测答案完全包含了标准答案的所有关键信息，即约翰·豪斯曼在英格兰的克利夫顿学院接受教育，并在伦敦从事谷物贸易工作。虽然预测答案额外提到了他于1925年移民美国并采用艺名等细节，但这些补充信息并未与标准答案的核心内容冲突，反而在语义上保持了高度一致。措辞上的细微差异（如“educated in England at Clifton College”与“educated at Clifton College in England”）不影响整体意思的准确性，因此预测答案正确回答了问题。
What is the competition the 1972 Federation Cup is part of named after?,What is the Federation Cup in sports?,The Federation Cup is the premier international team competition in women's tennis. It was launched in 1963 and is the world's largest annual women's international team sports competition in terms of participating nations.,"The Federation Cup is the premier international team competition in women's tennis, launched in 1963 to celebrate the 50th anniversary of the International Tennis Federation (ITF). It is now known as the Fed Cup.",True,0.5915492957746479,0.0,明确指出联合会杯是女子网球的首要国际团体赛事，于1963年启动，并强调了其作为国际团队竞赛的性质。虽然预测答案补充了“庆祝国际网球联合会成立50周年”和“现称Fed Cup”等细节，但这些信息并未与标准答案冲突，反而增强了内容的完整性。语义上与标准答案完全一致，仅在措辞上略有扩展，符合判断标准中允许细微差异的要求。,"The Federation Cup is a women's international team competition in tennis, now known as the Fed Cup. It was launched in 1963 and is the world's largest annual women's international team sports competition in terms of the number of nations that compete.",True,0.8533333333333334,0.0,明确指出Federation Cup是女子网球国际团体赛事，于1963年启动，并且是参与国家数量最多的年度女子国际团体体育赛事。虽然预测答案补充了“现在称为Fed Cup”这一细节，但这并未偏离核心事实，反而提供了额外背景。语义上与标准答案完全等价，仅存在措辞上的细微差异（如“participating nations”与“number of nations that compete”），但意思完全一致。
What is the competition the 1972 Federation Cup is part of named after?,What is the Federation Cup in women's tennis named after?,"The Federation Cup was named in honor of the International Tennis Federation (ITF), as it was launched to celebrate the ITF's 50th anniversary.",the International Tennis Federation (ITF),True,0.2758620689655173,0.0,预测答案“the International Tennis Federation (ITF)”直接提供了标准答案中的核心信息，即联合会杯是以国际网球联合会命名的。虽然预测答案省略了标准答案中关于庆祝ITF成立50周年的背景细节，但问题仅询问命名来源，预测答案在语义上准确且等价地回应了这一点，符合允许措辞差异的判断标准。,50th anniversary of the International Tennis Federation (ITF),True,0.5294117647058824,0.0,联合会杯的命名是为了纪念国际网球联合会（ITF）的50周年。标准答案中强调“named in honor of the ITF”和“launched to celebrate the ITF's 50th anniversary”，而预测答案通过“50th anniversary of the ITF”直接点明了这一关键点，语义上与标准答案完全等价，仅存在措辞上的细微差异，不影响整体意思的一致性。因此，预测答案正确回答了问题。
What is the seat of the county where Van Hook Township is located?,In which county is Van Hook Township located?,"Van Hook Township is located in Mountrail County, North Dakota.",Mountrail County,True,0.4,0.0,预测答案“Mountrail County”直接提供了标准答案中的核心信息，即范胡克镇所在的县。虽然预测答案省略了“North Dakota”这一州名，但问题仅询问县（county）这一层级，因此预测答案在语义上与标准答案的关键部分完全等价，且措辞简洁准确，符合判断标准中关于关键信息包含和语义一致的要求。,Mountrail County,True,0.4,0.0,预测答案“Mountrail County”直接提供了标准答案中的核心信息，即范胡克镇所在的县。虽然预测答案省略了“North Dakota”这一州名，但问题仅询问县（county）这一层级，因此预测答案在语义上与标准答案的关键部分完全等价，且措辞简洁准确，符合判断标准中关于关键信息包含和语义一致的要求。
What is the seat of the county where Van Hook Township is located?,"What is the county seat of Mountrail County, North Dakota?","Stanley, North Dakota",Stanley,True,0.4,0.0,"预测答案“Stanley”完全包含了标准答案“Stanley, North Dakota”的关键信息，即县治名称“Stanley”。虽然预测答案省略了州名“North Dakota”，但在上下文中问题已明确指定了“Mountrail County, North Dakota”，因此“Stanley”在语义上与标准答案等价，意思保持一致，符合允许措辞细微差异的判断标准。",Stanley,True,0.4,0.0,"预测答案“Stanley”完全包含了标准答案“Stanley, North Dakota”的关键信息，即县治名称“Stanley”。虽然预测答案省略了州名“North Dakota”，但在上下文中问题已明确指定了“Mountrail County, North Dakota”，因此“Stanley”在语义上与标准答案等价，意思保持一致，符合允许措辞细微差异的判断标准。"
Where did the producer of On Dangerous Ground study or work?,Who produced the film On Dangerous Ground?,John Houseman produced the 1951 film 'On Dangerous Ground'.,John Houseman,True,0.2857142857142857,0.0,"预测答案""John Houseman""完全包含了标准答案中的核心关键信息，即电影《On Dangerous Ground》的制片人是John Houseman。尽管预测答案省略了电影年份和完整片名等细节，但它在语义上与标准答案等价，准确回答了问题所询问的制片人身份。根据判断标准，允许措辞上的细微差异，只要核心意思保持一致即可，因此预测答案正确回答了问题。",John Houseman,True,0.2857142857142857,0.0,"预测答案""John Houseman""完全包含了标准答案中的核心关键信息，即电影《On Dangerous Ground》的制片人是John Houseman。尽管预测答案省略了电影年份和完整片名等细节，但它在语义上与标准答案等价，准确回答了问题所询问的制片人身份。根据判断标准，允许措辞上的细微差异，只要核心意思保持一致即可，因此预测答案正确回答了问题。"
Where did the producer of On Dangerous Ground study or work?,Where did John Houseman study or work?,John Houseman was educated at Clifton College in England and worked in the grain trade in London.,"England, grain trade in London, United States",False,0.4,0.0,"预测答案虽然提到了""England""和""grain trade in London""，但缺少了关键的教育机构""Clifton College""，并且错误地添加了无关信息""United States""。标准答案明确说明John Houseman在英格兰的Clifton College接受教育，而预测答案仅笼统提及""England""，未能准确反映具体学习地点。此外，添加的""United States""与标准答案内容不符，可能导致信息误导。因此，预测答案未能完整且准确地包含标准答案的核心要素。",John Houseman studied in England at Clifton College and worked in the grain trade in London before emigrating to the United States in 1925.,True,0.6666666666666667,0.0,预测答案完全包含了标准答案的关键信息，即约翰·豪斯曼在英格兰的克利夫顿学院学习，并在伦敦从事谷物贸易工作。虽然预测答案额外提到了他于1925年移民美国，但这并未影响核心信息的准确性，且与标准答案在语义上完全等价。措辞上的细微差异，如“educated”与“studied”的替换，以及语序调整，均未改变原意，因此预测答案正确回答了问题。
