Main Question,Sub Question,Ground Truth,Predicted,Correct,F1,EM,Reason,Rate1_Predicted,Rate1_Correct,Rate1_F1,Rate1_EM,Rate1_Reason
What is the network which National Cycle Route 57 is part of an example of?,What network is National Cycle Route 57 part of?,National Cycle Route 57 is part of the United Kingdom's National Cycle Network (NCN).,National Cycle Network,True,0.23529411764705882,0.0,预测答案“National Cycle Network”与标准答案“United Kingdom's National Cycle Network (NCN)”在语义上完全等价，因为它直接提取了标准答案中的核心关键信息，即国家自行车网络这一主体。尽管预测答案省略了“United Kingdom's”和缩写“NCN”等细节，但这些并不影响对问题本质的回答，因为问题明确询问的是“什么网络”，而预测答案准确指出了网络名称，符合措辞差异允许的范围，意思保持一致。,National Cycle Network,True,0.23529411764705882,0.0,预测答案“National Cycle Network”与标准答案“United Kingdom's National Cycle Network (NCN)”在语义上完全等价，因为它直接提取了标准答案中的核心关键信息，即国家自行车网络这一主体。尽管预测答案省略了“United Kingdom's”和缩写“NCN”等细节，但这些并不影响对问题本质的回答，因为问题明确询问的是“什么网络”，而预测答案准确指出了网络名称，符合措辞差异允许的范围，意思保持一致。
What district is the headquarter of Julia's House located?,Where is the headquarters of Julia's House located?,"Corfe Mullen, Dorset, England","Corfe Mullen, Dorset, England",True,1.0,1.0,"预测答案“Corfe Mullen, Dorset, England”与标准答案完全一致，不仅包含了所有关键信息（地点名称、郡县和国家），而且在语义上完全等价，没有任何措辞差异或信息缺失。这确保了预测答案准确地回答了关于Julia's House总部位置的问题，符合所有判断标准。","Corfe Mullen, Dorset, England",True,1.0,1.0,"预测答案“Corfe Mullen, Dorset, England”与标准答案完全一致，不仅包含了所有关键信息（地点名称、郡县和国家），而且在语义上完全等价，没有任何措辞差异或信息缺失。这确保了预测答案准确地回答了关于Julia's House总部位置的问题，符合所有判断标准。"
What body of water includes the terrain feature where Coffee Swamp is located?,Where is Coffee Swamp located?,"Coffee Swamp is located on the northern edge of Washington Island, in Door County, Wisconsin.","Coffee Swamp is located on the northern edge of Washington Island, in Door County Wisconsin.",True,1.0,1.0,"预测答案与标准答案在语义上完全等价，都明确指出Coffee Swamp位于华盛顿岛北缘、威斯康星州多尔县。虽然预测答案中省略了“Door County”后的逗号，但这属于标点符号的细微差异，不影响核心地理信息的准确性和完整性。关键要素“northern edge of Washington Island”和“Door County, Wisconsin”均被准确包含，因此预测答案正确回答了问题。","Coffee Swamp is located on the northern edge of Washington Island, in Door County Wisconsin.",True,1.0,1.0,"预测答案与标准答案在语义上完全等价，都明确指出Coffee Swamp位于华盛顿岛北缘、威斯康星州多尔县。虽然预测答案中省略了“Door County”后的逗号，但这属于标点符号的细微差异，不影响核心地理信息的准确性和完整性。关键要素“northern edge of Washington Island”和“Door County, Wisconsin”均被准确包含，因此预测答案正确回答了问题。"
Who is the spouse of the child of Peter Andreas Heiberg?,Who is the child of Peter Andreas Heiberg?,Johan Ludvig Heiberg is the child of Peter Andreas Heiberg.,Johan Ludvig Heiberg,True,0.5714285714285715,0.0,预测答案“Johan Ludvig Heiberg”直接提供了标准答案中的核心信息，即彼得·安德烈亚斯·海贝格的孩子是谁。虽然预测答案省略了标准答案中的完整句子结构，但它在语义上完全等价，因为人名本身已准确回答了问题。根据判断标准，预测答案包含了关键信息，且措辞差异不影响意思的一致性，因此正确回答了问题。,Johan Ludvig Heiberg,True,0.5714285714285715,0.0,预测答案“Johan Ludvig Heiberg”直接提供了标准答案中的核心信息，即彼得·安德烈亚斯·海贝格的孩子是谁。虽然预测答案省略了标准答案中的完整句子结构，但它在语义上完全等价，因为人名本身已准确回答了问题。根据判断标准，预测答案包含了关键信息，且措辞差异不影响意思的一致性，因此正确回答了问题。
Who is the spouse of the child of Peter Andreas Heiberg?,Who is the spouse of Johan Ludvig Heiberg?,Johanne Luise Heiberg,Johanne Luise Heiberg,True,1.0,1.0,预测答案“Johanne Luise Heiberg”与标准答案完全一致，不仅包含了关键信息——即Johan Ludvig Heiberg的配偶姓名，而且在语义上完全等价，没有任何措辞差异。该答案直接、准确地回答了问题，符合所有判断标准，因此可以确认为正确回答。,Johanne Luise Heiberg,True,1.0,1.0,预测答案“Johanne Luise Heiberg”与标准答案完全一致，不仅包含了关键信息——即Johan Ludvig Heiberg的配偶姓名，而且在语义上完全等价，没有任何措辞差异。该答案直接、准确地回答了问题，符合所有判断标准，因此可以确认为正确回答。
"When was the sibling of Alice de Lusignan, Countess of Surrey crowned?","Who were the siblings of Alice de Lusignan, Countess of Surrey?","Alice de Lusignan had a uterine half-brother, King Henry III of England.",King Henry III of England,True,0.4799999999999999,0.0,预测答案“King Henry III of England”完全包含了标准答案中的关键信息，即爱丽丝·德·吕西尼昂的同母异父兄弟是英格兰国王亨利三世。尽管预测答案省略了“uterine half-brother”这一具体关系描述，但标准答案的核心内容已通过“King Henry III of England”准确体现，两者在语义上完全等价，且没有引入任何矛盾或错误信息。这种措辞上的简化不影响答案的正确性，因为问题直接询问兄弟姐妹身份，而预测答案给出了唯一且准确的姓名。,King Henry III of England,True,0.4799999999999999,0.0,预测答案“King Henry III of England”完全包含了标准答案中的关键信息，即爱丽丝·德·吕西尼昂的同母异父兄弟是英格兰国王亨利三世。尽管预测答案省略了“uterine half-brother”这一具体关系描述，但标准答案的核心内容已通过“King Henry III of England”准确体现，两者在语义上完全等价，且没有引入任何矛盾或错误信息。这种措辞上的简化不影响答案的正确性，因为问题直接询问兄弟姐妹身份，而预测答案给出了唯一且准确的姓名。
"When was the sibling of Alice de Lusignan, Countess of Surrey crowned?",When was King Henry III of England crowned?,Henry III was first crowned in 1216 at Gloucester Cathedral and had a second coronation on 17 May 1220 at Westminster Abbey.,1216 and 1220,True,0.4,0.0,预测答案“1216 and 1220”简洁地包含了标准答案中亨利三世加冕的两个关键年份，即1216年和1220年。虽然预测答案省略了具体地点和第二次加冕的精确日期（5月17日），但问题核心是询问加冕时间，预测答案通过提供两个年份准确回应了这一点，在语义上与标准答案等价，且措辞差异不影响关键信息的传达。,1216 and 1220,True,0.4,0.0,预测答案“1216 and 1220”简洁地包含了标准答案中亨利三世加冕的两个关键年份，即1216年和1220年。虽然预测答案省略了具体地点和第二次加冕的精确日期（5月17日），但问题核心是询问加冕时间，预测答案通过提供两个年份准确回应了这一点，在语义上与标准答案等价，且措辞差异不影响关键信息的传达。
Which university employed the person that Mach bands are named after?,Which university employed Ernst Mach?,Ernst Mach was employed at Charles University in Prague.,Charles University in Prague,True,0.625,0.0,预测答案“Charles University in Prague”直接提供了标准答案中的核心信息，即雇佣恩斯特·马赫的大学是布拉格的查理大学。虽然预测答案省略了“Ernst Mach was employed at”这一表述，但其内容在语义上与标准答案完全等价，关键信息（大学名称和地点）准确无误，符合允许措辞差异但意思一致的要求。因此，预测答案正确回答了问题。,Charles University in Prague,True,0.625,0.0,预测答案“Charles University in Prague”直接提供了标准答案中的核心信息，即雇佣恩斯特·马赫的大学是布拉格的查理大学。虽然预测答案省略了“Ernst Mach was employed at”这一表述，但其内容在语义上与标准答案完全等价，关键信息（大学名称和地点）准确无误，符合允许措辞差异但意思一致的要求。因此，预测答案正确回答了问题。
Who is the employer of the physicist who Mach number is named after?,Who is the physicist that the Mach number is named after?,The Mach number is named after the Austrian physicist and philosopher Ernst Mach.,Ernst Mach,True,0.2857142857142857,0.0,预测答案“Ernst Mach”直接提供了标准答案中的核心关键信息，即物理学家姓名，虽然省略了国籍和哲学家身份等补充细节，但已完整回答了“马赫数以哪位物理学家命名”这一问题的本质。在语义上，两者完全等价，因为标准答案的主体就是“Ernst Mach”，预测答案通过简洁表述准确抓住了问题的核心，符合允许措辞差异但意思一致的标准。,Ernst Mach,True,0.2857142857142857,0.0,预测答案“Ernst Mach”直接提供了标准答案中的核心关键信息，即物理学家姓名，虽然省略了国籍和哲学家身份等补充细节，但已完整回答了“马赫数以哪位物理学家命名”这一问题的本质。在语义上，两者完全等价，因为标准答案的主体就是“Ernst Mach”，预测答案通过简洁表述准确抓住了问题的核心，符合允许措辞差异但意思一致的标准。
Who is the employer of the physicist who Mach number is named after?,Who was Ernst Mach's employer or academic institution during his career?,Ernst Mach was a professor at Charles University in Prague.,Charles University in Prague,True,0.625,0.0,预测答案“Charles University in Prague”直接提供了标准答案中的核心信息，即恩斯特·马赫的雇主或学术机构是布拉格的查理大学。虽然预测答案省略了“Ernst Mach was a professor at”这一部分，但问题询问的是雇主或机构名称，预测答案精准地给出了这一关键实体，与标准答案在语义上完全等价，且没有引入任何矛盾或错误信息。因此，预测答案正确回答了问题。,Charles University in Prague,True,0.625,0.0,预测答案“Charles University in Prague”直接提供了标准答案中的核心信息，即恩斯特·马赫的雇主或学术机构是布拉格的查理大学。虽然预测答案省略了“Ernst Mach was a professor at”这一部分，但问题询问的是雇主或机构名称，预测答案精准地给出了这一关键实体，与标准答案在语义上完全等价，且没有引入任何矛盾或错误信息。因此，预测答案正确回答了问题。
When did a storm disperse the fleet led by the English king who trusted William de Longchamp?,Which English king trusted William de Longchamp?,King Richard I of England,Richard I,True,0.5,0.0,预测答案“Richard I”与标准答案“King Richard I of England”在语义上完全等价，都指向同一位历史人物。虽然预测答案省略了“King”和“of England”等修饰词，但“Richard I”在英语历史语境中通常特指英格兰国王理查一世，这已足够明确且无歧义。预测答案准确捕捉了标准答案的核心关键信息，符合语义一致性和措辞差异允许的原则，因此正确回答了问题。,Richard I,True,0.5,0.0,预测答案“Richard I”与标准答案“King Richard I of England”在语义上完全等价，都指向同一位历史人物。虽然预测答案省略了“King”和“of England”等修饰词，但“Richard I”在英语历史语境中通常特指英格兰国王理查一世，这已足够明确且无歧义。预测答案准确捕捉了标准答案的核心关键信息，符合语义一致性和措辞差异允许的原则，因此正确回答了问题。
When did a storm disperse the fleet led by the English king who trusted William de Longchamp?,What specific naval expedition or fleet did King Richard I lead that was dispersed by a storm?,"King Richard I led a large fleet from Messina to Acre in April 1191, which was dispersed by a storm.",Richard the Lion-hearted's fleet to reach Acre,True,0.25806451612903225,0.0,预测答案“Richard the Lion-hearted's fleet to reach Acre”与标准答案在语义上完全等价，因为“Richard the Lion-hearted”是国王理查一世的通用别称，而“fleet to reach Acre”准确概括了“从墨西拿前往阿卡的大型舰队”这一关键信息。尽管预测答案省略了具体时间（1191年4月）和出发地点（墨西拿），但核心要素——理查一世领导的舰队目的地为阿卡，且被风暴驱散（问题中已提及风暴）——已明确涵盖，符合措辞差异但意思一致的标准。,Richard the Lion-hearted's fleet to reach Acre,True,0.25806451612903225,0.0,预测答案“Richard the Lion-hearted's fleet to reach Acre”与标准答案在语义上完全等价，因为“Richard the Lion-hearted”是国王理查一世的通用别称，而“fleet to reach Acre”准确概括了“从墨西拿前往阿卡的大型舰队”这一关键信息。尽管预测答案省略了具体时间（1191年4月）和出发地点（墨西拿），但核心要素——理查一世领导的舰队目的地为阿卡，且被风暴驱散（问题中已提及风暴）——已明确涵盖，符合措辞差异但意思一致的标准。
The Unwinding author volunteered for which organisation?,Who is the author of The Unwinding?,George Packer,George Packer,True,1.0,1.0,预测答案“George Packer”与标准答案完全一致，不仅包含了关键信息，而且在语义上完全等价，没有任何措辞差异。该答案直接准确地指出了《The Unwinding》的作者，符合所有判断标准，因此正确回答了问题。,George Packer,True,1.0,1.0,预测答案“George Packer”与标准答案完全一致，不仅包含了关键信息，而且在语义上完全等价，没有任何措辞差异。该答案直接准确地指出了《The Unwinding》的作者，符合所有判断标准，因此正确回答了问题。
The Unwinding author volunteered for which organisation?,Which organization did George Packer volunteer for?,Peace Corps,Peace Corps,True,1.0,1.0,预测答案“Peace Corps”与标准答案完全一致，不仅包含了关键信息“Peace Corps”这一组织名称，而且在语义上完全等价，没有任何歧义或差异。这直接回答了问题中关于乔治·帕克所志愿服务的组织，符合所有判断标准，包括信息准确性和语义一致性，因此可以明确判定为正确回答。,Peace Corps,True,1.0,1.0,预测答案“Peace Corps”与标准答案完全一致，不仅包含了关键信息“Peace Corps”这一组织名称，而且在语义上完全等价，没有任何歧义或差异。这直接回答了问题中关于乔治·帕克所志愿服务的组织，符合所有判断标准，包括信息准确性和语义一致性，因此可以明确判定为正确回答。
Who is the lead singer of the band performing Bang Bang Rock & Roll?,Which band performed the song 'Bang Bang Rock & Roll'?,The song 'Bang Bang Rock & Roll' was performed by the British rock band Art Brut.,Art Brut,True,0.15384615384615385,0.0,预测答案“Art Brut”直接提供了标准答案中的核心信息，即演唱歌曲“Bang Bang Rock & Roll”的乐队名称。虽然预测答案省略了标准答案中关于乐队国籍和风格的描述（如“British rock band”），但问题仅询问“哪个乐队演唱了这首歌”，预测答案准确给出了乐队名称，在语义上与标准答案的关键部分完全等价，且措辞差异不影响正确性。因此，预测答案正确回答了问题。,Art Brut,True,0.15384615384615385,0.0,预测答案“Art Brut”直接提供了标准答案中的核心信息，即演唱歌曲“Bang Bang Rock & Roll”的乐队名称。虽然预测答案省略了标准答案中关于乐队国籍和风格的描述（如“British rock band”），但问题仅询问“哪个乐队演唱了这首歌”，预测答案准确给出了乐队名称，在语义上与标准答案的关键部分完全等价，且措辞差异不影响正确性。因此，预测答案正确回答了问题。
Who is the lead singer of the band performing Bang Bang Rock & Roll?,Who is the lead singer of the band Art Brut?,Eddie Argos,Eddie Argos,True,1.0,1.0,预测答案“Eddie Argos”与标准答案完全一致，准确无误地指出了Art Brut乐队的主唱身份。这一答案不仅包含了标准答案的关键信息，而且在语义上完全等价，没有任何措辞差异或信息缺失。Eddie Argos作为该乐队的创始人和主唱，是公认的事实，因此预测答案正确回答了问题，符合所有判断标准。,Eddie Argos,True,1.0,1.0,预测答案“Eddie Argos”与标准答案完全一致，准确无误地指出了Art Brut乐队的主唱身份。这一答案不仅包含了标准答案的关键信息，而且在语义上完全等价，没有任何措辞差异或信息缺失。Eddie Argos作为该乐队的创始人和主唱，是公认的事实，因此预测答案正确回答了问题，符合所有判断标准。
What company did the company that initiated a successful price war among PC manufacturers in 1994 merge with in 2002?,Which company initiated a successful price war among PC manufacturers in 1994?,Compaq initiated a successful price war among PC manufacturers in 1994.,Compaq,True,0.13333333333333333,0.0,预测答案“Compaq”直接提供了标准答案中的核心实体，即发起价格战的公司名称。虽然预测答案省略了“initiated a successful price war among PC manufacturers in 1994”这一完整描述，但在语义上，它完全等价于标准答案的关键信息，因为问题明确询问“哪家公司”，预测答案精准地给出了公司名称，没有引入任何矛盾或额外信息。根据判断标准，预测答案与标准答案在关键信息上一致，且措辞差异不影响语义等价性，因此正确回答了问题。,Compaq,True,0.13333333333333333,0.0,预测答案“Compaq”直接提供了标准答案中的核心实体，即发起价格战的公司名称。虽然预测答案省略了“initiated a successful price war among PC manufacturers in 1994”这一完整描述，但在语义上，它完全等价于标准答案的关键信息，因为问题明确询问“哪家公司”，预测答案精准地给出了公司名称，没有引入任何矛盾或额外信息。根据判断标准，预测答案与标准答案在关键信息上一致，且措辞差异不影响语义等价性，因此正确回答了问题。
What company did the company that initiated a successful price war among PC manufacturers in 1994 merge with in 2002?,Which company did Compaq merge with in 2002?,Hewlett Packard,Hewlett Packard,True,1.0,1.0,预测答案“Hewlett Packard”与标准答案完全一致，不仅包含了关键信息，而且在语义上完全等价，没有任何措辞差异。该答案准确指出了康柏公司在2002年与之合并的企业是惠普公司，符合历史事实，且与问题要求完全匹配，因此正确回答了问题。,Hewlett Packard,True,1.0,1.0,预测答案“Hewlett Packard”与标准答案完全一致，不仅包含了关键信息，而且在语义上完全等价，没有任何措辞差异。该答案准确指出了康柏公司在2002年与之合并的企业是惠普公司，符合历史事实，且与问题要求完全匹配，因此正确回答了问题。
What year was the father of Katherine of England crowned?,Who is Katherine of England?,"Katherine of England was the fifth child of King Henry III and Eleanor of Provence. She was born on 25 November 1253, was either deaf-mute or deaf and mentally challenged, was very sickly, possibly had a degenerative disease, and died at Windsor on 3 May 1257 before reaching her fourth year.","Katherine of England was the fifth child of Henry III and his wife, Eleanor of Provence. She was born either a deaf-mute or just deaf and mentally challenged and was very sickly. She possibly had a degenerative disease, did not survive her fourth year and died at Windsor.",True,0.7438016528925621,0.0,凯瑟琳是亨利三世与普罗旺斯的埃莉诺的第五个孩子，天生聋哑或仅聋且智力障碍，体弱多病，可能患有退行性疾病，未满四岁便在温莎去世。尽管在措辞和细节顺序上略有差异（如未明确出生日期和具体死亡日期），但核心事实完全一致，语义上与标准答案等价，符合评估标准。,"Katherine of England was the fifth child of Henry III and his wife, Eleanor of Provence. She was born either a deaf-mute or just deaf and mentally challenged and was very sickly. She possibly had a degenerative disease, did not survive her fourth year and died at Windsor.",True,0.7438016528925621,0.0,凯瑟琳是亨利三世与普罗旺斯的埃莉诺的第五个孩子，天生聋哑或仅聋且智力障碍，体弱多病，可能患有退行性疾病，未满四岁便在温莎去世。尽管在措辞和细节顺序上略有差异（如未明确出生日期和具体死亡日期），但核心事实完全一致，语义上与标准答案等价，符合评估标准。
What year was the father of Katherine of England crowned?,What year was King Henry III of England crowned?,Henry III was first crowned in 1216 and had a second coronation in 1220.,1216 and 1220,True,0.5806451612903226,0.0,预测答案“1216 and 1220”直接提供了亨利三世加冕的具体年份，这与标准答案中“1216年首次加冕并在1220年第二次加冕”的关键信息完全一致。尽管预测答案省略了“first crowned”和“second coronation”等措辞，但通过列出两个年份，在语义上明确传达了两次加冕事件，符合允许措辞差异但意思一致的标准。因此，预测答案正确回答了问题，没有遗漏或歪曲核心事实。,1216 and 1220,True,0.5806451612903226,0.0,预测答案“1216 and 1220”直接提供了亨利三世加冕的具体年份，这与标准答案中“1216年首次加冕并在1220年第二次加冕”的关键信息完全一致。尽管预测答案省略了“first crowned”和“second coronation”等措辞，但通过列出两个年份，在语义上明确传达了两次加冕事件，符合允许措辞差异但意思一致的标准。因此，预测答案正确回答了问题，没有遗漏或歪曲核心事实。
Who is the sibling of the actress that played the little girl in Miracle on 34th street 1947?,Who played the little girl in the 1947 film Miracle on 34th Street?,"Natalie Wood played the little girl, Susan Walker, in the 1947 film Miracle on 34th Street.",Natalie Wood,True,0.16666666666666669,0.0,预测答案“Natalie Wood”完整包含了标准答案中的核心关键信息，即演员姓名。虽然预测答案省略了角色名“Susan Walker”和电影细节，但问题明确询问“谁扮演了小女孩”，预测答案直接提供了正确的人物名称，在语义上与标准答案完全等价，且措辞差异不影响准确性。因此，预测答案正确回答了问题。,Natalie Wood,True,0.16666666666666669,0.0,预测答案“Natalie Wood”完整包含了标准答案中的核心关键信息，即演员姓名。虽然预测答案省略了角色名“Susan Walker”和电影细节，但问题明确询问“谁扮演了小女孩”，预测答案直接提供了正确的人物名称，在语义上与标准答案完全等价，且措辞差异不影响准确性。因此，预测答案正确回答了问题。
Who is the sibling of the actress that played the little girl in Miracle on 34th street 1947?,Who is the sibling of actress Natalie Wood?,Lana Wood is the sibling of actress Natalie Wood.,Lana Wood,True,0.33333333333333337,0.0,"预测答案""Lana Wood""直接提供了标准答案中的核心信息，即娜塔莉·伍德的姐妹姓名。虽然预测答案省略了标准答案中的部分描述性措辞（如""is the sibling of actress""），但两者在语义上完全等价，都准确指出了姐妹关系的具体对象。这种简洁表达并未改变关键事实，符合允许措辞差异的判断标准。",Lana Wood,True,0.33333333333333337,0.0,"预测答案""Lana Wood""直接提供了标准答案中的核心信息，即娜塔莉·伍德的姐妹姓名。虽然预测答案省略了标准答案中的部分描述性措辞（如""is the sibling of actress""），但两者在语义上完全等价，都准确指出了姐妹关系的具体对象。这种简洁表达并未改变关键事实，符合允许措辞差异的判断标准。"
What is the capital of the county that Pine Springs is located in?,In which county is Pine Springs located?,"Culberson County, Texas",Culberson County,True,0.8571428571428571,0.0,"预测答案“Culberson County”完全包含了标准答案“Culberson County, Texas”中的核心关键信息，即县名“Culberson County”。虽然预测答案省略了州名“Texas”，但问题仅询问Pine Springs位于哪个县，并未要求具体说明州份。在语义上，两者完全等价，因为县名本身已能唯一确定地理位置，且措辞差异不影响答案的正确性。因此，预测答案正确回答了问题。",Culberson County,True,0.8571428571428571,0.0,"预测答案“Culberson County”完全包含了标准答案“Culberson County, Texas”中的核心关键信息，即县名“Culberson County”。虽然预测答案省略了州名“Texas”，但问题仅询问Pine Springs位于哪个县，并未要求具体说明州份。在语义上，两者完全等价，因为县名本身已能唯一确定地理位置，且措辞差异不影响答案的正确性。因此，预测答案正确回答了问题。"
What is the capital of the county that Pine Springs is located in?,"What is the county seat of Culberson County, Texas?",Van Horn,Pine Springs,False,0,0.0,预测答案“Pine Springs”与标准答案“Van Horn”在语义上完全不匹配，两者指的是不同的地点。Culberson County的县治确实是Van Horn，而Pine Springs只是该县内的一个非县治社区。预测答案未能包含标准答案的关键信息，也不存在语义等价或措辞上的细微差异，因此无法正确回答问题。,Pine Springs,False,0,0.0,预测答案“Pine Springs”与标准答案“Van Horn”在语义上完全不匹配，两者指的是不同的地点。Culberson County的县治确实是Van Horn，而Pine Springs只是该县内的一个非县治社区。预测答案未能包含标准答案的关键信息，也不存在语义等价或措辞上的细微差异，因此无法正确回答问题。
"In 2002, what company merged with the top PC manufacturer from 1994?",Who was the top PC manufacturer in 1994?,Compaq was the top PC manufacturer in 1994.,Compaq,True,0.16666666666666669,0.0,"预测答案""Compaq""直接提供了标准答案中的核心实体，即1994年顶级PC制造商的具体名称。虽然预测答案省略了标准答案中的完整陈述结构，但它在语义上完全等价，因为""Compaq""这一专有名词已明确指向了问题所询问的主体。根据判断标准，预测答案包含了关键信息，且意思与标准答案保持一致，措辞差异不影响正确性。",Compaq,True,0.16666666666666669,0.0,"预测答案""Compaq""直接提供了标准答案中的核心实体，即1994年顶级PC制造商的具体名称。虽然预测答案省略了标准答案中的完整陈述结构，但它在语义上完全等价，因为""Compaq""这一专有名词已明确指向了问题所询问的主体。根据判断标准，预测答案包含了关键信息，且意思与标准答案保持一致，措辞差异不影响正确性。"
"In 2002, what company merged with the top PC manufacturer from 1994?",What company did Compaq merge with in 2002?,Compaq merged with Hewlett Packard (HP) in 2002.,Hewlett Packard,True,0.4210526315789474,0.0,预测答案“Hewlett Packard”直接提供了标准答案中的核心信息，即康柏公司在2002年合并的对象是惠普。虽然预测答案省略了“Compaq merged with”和年份等背景描述，但问题明确询问的是“哪家公司”，因此仅回答公司名称已完整覆盖关键信息，语义上与标准答案完全一致，符合措辞差异允许的范围。,Hewlett Packard,True,0.4210526315789474,0.0,预测答案“Hewlett Packard”直接提供了标准答案中的核心信息，即康柏公司在2002年合并的对象是惠普。虽然预测答案省略了“Compaq merged with”和年份等背景描述，但问题明确询问的是“哪家公司”，因此仅回答公司名称已完整覆盖关键信息，语义上与标准答案完全一致，符合措辞差异允许的范围。
"In the King's Speech, who played the person who was the King of England in 1950?",Who was the King of England in 1950?,George VI was the King of the United Kingdom in 1950.,George VI,True,0.2666666666666667,0.0,"预测答案""George VI""直接提供了标准答案中的核心信息，即1950年英格兰国王的身份。虽然预测答案省略了""was the King of the United Kingdom in 1950""这一完整表述，但通过专有名词""George VI""已准确锁定历史人物，在语义上与标准答案完全等价。根据判断标准，这种省略不影响关键信息的完整性，且历史语境中""英格兰国王""与""英国国王""通常指向同一君主职务，因此预测答案正确回答了问题。",George VI,True,0.2666666666666667,0.0,"预测答案""George VI""直接提供了标准答案中的核心信息，即1950年英格兰国王的身份。虽然预测答案省略了""was the King of the United Kingdom in 1950""这一完整表述，但通过专有名词""George VI""已准确锁定历史人物，在语义上与标准答案完全等价。根据判断标准，这种省略不影响关键信息的完整性，且历史语境中""英格兰国王""与""英国国王""通常指向同一君主职务，因此预测答案正确回答了问题。"
"In the King's Speech, who played the person who was the King of England in 1950?",Which actor played King George VI in the film 'The King's Speech'?,Colin Firth,Colin Firth,True,1.0,1.0,预测答案“Colin Firth”完全符合标准答案，不仅包含了关键信息，而且在语义上与标准答案完全等价，没有任何措辞差异。该答案准确指出了在电影《国王的演讲》中饰演乔治六世国王的演员，直接回应了问题核心，信息精确无误，因此正确回答了问题。,Colin Firth,True,1.0,1.0,预测答案“Colin Firth”完全符合标准答案，不仅包含了关键信息，而且在语义上与标准答案完全等价，没有任何措辞差异。该答案准确指出了在电影《国王的演讲》中饰演乔治六世国王的演员，直接回应了问题核心，信息精确无误，因此正确回答了问题。
Whose sister played Susie in miracle on 34th street?,Who played Susie in Miracle on 34th Street?,Natalie Wood played Susan Walker in Miracle on 34th Street.,Natalie Wood,True,0.25,0.0,预测答案“Natalie Wood”直接提供了标准答案中的核心信息，即演员姓名。虽然省略了角色全名“Susan Walker”和电影名称“Miracle on 34th Street”，但问题明确询问“谁扮演了Susie”，预测答案准确对应了标准答案的关键主体。在语义上，两者完全等价，因为问题本身已包含电影和角色背景，预测答案无需重复这些上下文即可正确回答问题。这种简洁回答符合常见问答场景，未产生歧义或信息缺失。,Natalie Wood,True,0.25,0.0,预测答案“Natalie Wood”直接提供了标准答案中的核心信息，即演员姓名。虽然省略了角色全名“Susan Walker”和电影名称“Miracle on 34th Street”，但问题明确询问“谁扮演了Susie”，预测答案准确对应了标准答案的关键主体。在语义上，两者完全等价，因为问题本身已包含电影和角色背景，预测答案无需重复这些上下文即可正确回答问题。这种简洁回答符合常见问答场景，未产生歧义或信息缺失。
Whose sister played Susie in miracle on 34th street?,Who is Natalie Wood's brother?,Natalie Wood's sister is Lana Wood. The documents do not mention a brother.,"Lana Wood, the sister of Natalie Wood.",True,0.4,0.0,"预测答案虽然直接回答了“Lana Wood, the sister of Natalie Wood”，但问题询问的是“brother”（兄弟），而标准答案明确指出文档未提及兄弟，并补充了姐妹信息。预测答案通过提供姐妹的姓名，间接且准确地传达了“Natalie Wood没有兄弟被提及”这一核心信息，与标准答案在语义上等价，且关键信息一致，符合允许措辞差异的判断标准。","Lana Wood, the sister of Natalie Wood.",True,0.4,0.0,"预测答案虽然直接回答了“Lana Wood, the sister of Natalie Wood”，但问题询问的是“brother”（兄弟），而标准答案明确指出文档未提及兄弟，并补充了姐妹信息。预测答案通过提供姐妹的姓名，间接且准确地传达了“Natalie Wood没有兄弟被提及”这一核心信息，与标准答案在语义上等价，且关键信息一致，符合允许措辞差异的判断标准。"
What team was Anna Benson's husband on?,Who is Anna Benson's husband?,"Kris Benson, a former Major League Baseball pitcher.",Kris Benson,True,0.5454545454545454,0.0,"预测答案""Kris Benson""完全包含了标准答案中的核心关键信息——Anna Benson的丈夫姓名。虽然预测答案省略了""a former Major League Baseball pitcher""这一补充说明，但这一部分属于背景信息而非回答问题的必要成分。根据判断标准，预测答案与标准答案在语义上完全等价，都准确指出了人物关系，且姓名表述完全一致，符合""允许措辞细微差异""的原则。因此可以认定预测答案正确回答了问题。",Kris Benson,True,0.5454545454545454,0.0,"预测答案""Kris Benson""完全包含了标准答案中的核心关键信息——Anna Benson的丈夫姓名。虽然预测答案省略了""a former Major League Baseball pitcher""这一补充说明，但这一部分属于背景信息而非回答问题的必要成分。根据判断标准，预测答案与标准答案在语义上完全等价，都准确指出了人物关系，且姓名表述完全一致，符合""允许措辞细微差异""的原则。因此可以认定预测答案正确回答了问题。"
What team was Anna Benson's husband on?,What team did Kris Benson play for in Major League Baseball?,"Kris Benson played for the Pittsburgh Pirates, New York Mets, and Baltimore Orioles.","Pittsburgh Pirates, New York Mets, and the Baltimore Orioles",True,0.8125000000000001,0.0,"匹兹堡海盗队、纽约大都会队和巴尔的摩金莺队，与标准答案的关键信息完全一致。尽管在措辞上略有差异（如使用了""the""和标点格式不同），但语义上完全等价，没有遗漏或错误添加任何球队，因此正确回答了问题。","Pittsburgh Pirates, New York Mets, and the Baltimore Orioles",True,0.8125000000000001,0.0,"匹兹堡海盗队、纽约大都会队和巴尔的摩金莺队，与标准答案的关键信息完全一致。尽管在措辞上略有差异（如使用了""the""和标点格式不同），但语义上完全等价，没有遗漏或错误添加任何球队，因此正确回答了问题。"
What is the record label for the singer who originally sang You Belong To Me.,Who originally sang the song You Belong To Me?,Joni James,Joni James,True,1.0,1.0,预测答案“Joni James”与标准答案完全一致，准确无误地指出了歌曲《You Belong To Me》的原唱者。该答案不仅包含了标准答案的关键信息，而且在语义上完全等价，没有任何措辞差异或信息偏差。这直接满足了判断标准中的前两条要求，即关键信息匹配和语义等价性，同时由于答案简洁明确，也符合第三条关于措辞细微差异的允许范围。因此，预测答案正确回答了问题，无需进一步修正或补充。,Joni James,True,1.0,1.0,预测答案“Joni James”与标准答案完全一致，准确无误地指出了歌曲《You Belong To Me》的原唱者。该答案不仅包含了标准答案的关键信息，而且在语义上完全等价，没有任何措辞差异或信息偏差。这直接满足了判断标准中的前两条要求，即关键信息匹配和语义等价性，同时由于答案简洁明确，也符合第三条关于措辞细微差异的允许范围。因此，预测答案正确回答了问题，无需进一步修正或补充。
What is the record label for the singer who originally sang You Belong To Me.,What record label was Joni James signed to when she released 'You Belong To Me' in 1952?,MGM Records,Sharp Records,False,0.6666666666666666,0.0,预测答案“Sharp Records”与标准答案“MGM Records”在关键信息上完全不一致，两者代表不同的唱片公司，没有任何语义上的等价性。Joni James在1952年发行《You Belong To Me》时确实签约于MGM Records，这是历史事实，而Sharp Records并非相关记录，因此预测答案未能正确回答问题，属于信息错误。,Sharp Records,False,0.6666666666666666,0.0,预测答案“Sharp Records”与标准答案“MGM Records”在关键信息上完全不一致，两者代表不同的唱片公司，没有任何语义上的等价性。Joni James在1952年发行《You Belong To Me》时确实签约于MGM Records，这是历史事实，而Sharp Records并非相关记录，因此预测答案未能正确回答问题，属于信息错误。
When did the crowning of the person under whom the Chapter House was built happen?,Who was the person under whom the Chapter House was built?,Henry III,Henry III,True,1.0,1.0,预测答案“Henry III”与标准答案完全一致，不仅包含了关键信息，而且在语义上完全等价。该答案直接准确地指出了建造Chapter House的人物，没有任何歧义或额外信息，符合所有判断标准。即使存在措辞上的细微差异，如使用全称或简称，但此处预测答案与标准答案的表述完全相同，因此可以明确判定为正确回答。,Henry III,True,1.0,1.0,预测答案“Henry III”与标准答案完全一致，不仅包含了关键信息，而且在语义上完全等价。该答案直接准确地指出了建造Chapter House的人物，没有任何歧义或额外信息，符合所有判断标准。即使存在措辞上的细微差异，如使用全称或简称，但此处预测答案与标准答案的表述完全相同，因此可以明确判定为正确回答。
When did the crowning of the person under whom the Chapter House was built happen?,When was Henry III crowned?,"Henry III was first crowned in 1216 at Gloucester Cathedral, and then again at Westminster Abbey in 1220.",1216 and 1220,True,0.4615384615384615,0.0,预测答案“1216 and 1220”简洁地包含了标准答案中的关键信息，即亨利三世加冕的两个年份。虽然预测答案省略了具体地点（格洛斯特大教堂和威斯敏斯特教堂）以及“首次”等细节，但问题核心是询问加冕时间，预测答案在语义上与标准答案等价，准确提供了两个关键年份，符合允许措辞差异的判断标准。,1216 and 1220,True,0.4615384615384615,0.0,预测答案“1216 and 1220”简洁地包含了标准答案中的关键信息，即亨利三世加冕的两个年份。虽然预测答案省略了具体地点（格洛斯特大教堂和威斯敏斯特教堂）以及“首次”等细节，但问题核心是询问加冕时间，预测答案在语义上与标准答案等价，准确提供了两个关键年份，符合允许措辞差异的判断标准。
What record label does the artist who sang you belong to me belong to?,Who sang the song 'You Belong to Me'?,Joni James sang the song 'You Belong to Me'.,Joni James,True,0.4,0.0,预测答案“Joni James”直接提供了标准答案中的核心信息，即演唱者姓名，与标准答案“Joni James sang the song 'You Belong to Me'”在语义上完全等价。虽然预测答案省略了歌曲名称和动词描述，但问题明确询问“谁演唱了歌曲‘You Belong to Me’”，预测答案精准回应了演唱者身份，符合关键信息包含和语义一致的要求，措辞差异不影响正确性。,Joni James,True,0.4,0.0,预测答案“Joni James”直接提供了标准答案中的核心信息，即演唱者姓名，与标准答案“Joni James sang the song 'You Belong to Me'”在语义上完全等价。虽然预测答案省略了歌曲名称和动词描述，但问题明确询问“谁演唱了歌曲‘You Belong to Me’”，预测答案精准回应了演唱者身份，符合关键信息包含和语义一致的要求，措辞差异不影响正确性。
What record label does the artist who sang you belong to me belong to?,What record label is Joni James signed to?,Joni James was signed to MGM Records.,M-G-M Records,True,0.4,0.0,预测答案“M-G-M Records”与标准答案“MGM Records”在语义上完全等价，两者均指代同一家唱片公司，仅存在拼写格式上的细微差异（连字符的使用）。预测答案准确包含了标准答案的关键信息，即Joni James签约的唱片公司名称，且意思保持一致，因此正确回答了问题。这种措辞差异不影响对核心事实的传达。,M-G-M Records,True,0.4,0.0,预测答案“M-G-M Records”与标准答案“MGM Records”在语义上完全等价，两者均指代同一家唱片公司，仅存在拼写格式上的细微差异（连字符的使用）。预测答案准确包含了标准答案的关键信息，即Joni James签约的唱片公司名称，且意思保持一致，因此正确回答了问题。这种措辞差异不影响对核心事实的传达。
What place does the administrative territorial entity that Juba is located in share a border with?,What is the administrative territorial entity that contains Juba?,Central Equatoria,Central Equatoria,True,1.0,1.0,预测答案“Central Equatoria”与标准答案完全一致，不仅包含了关键信息，而且在语义上完全等价，没有任何措辞差异。朱巴（Juba）是南苏丹的首都，而中央赤道州（Central Equatoria）正是南苏丹的一个一级行政区划，直接包含了朱巴市，因此预测答案准确地回答了关于朱巴所属行政实体的地理问题。,Central Equatoria,True,1.0,1.0,预测答案“Central Equatoria”与标准答案完全一致，不仅包含了关键信息，而且在语义上完全等价，没有任何措辞差异。朱巴（Juba）是南苏丹的首都，而中央赤道州（Central Equatoria）正是南苏丹的一个一级行政区划，直接包含了朱巴市，因此预测答案准确地回答了关于朱巴所属行政实体的地理问题。
What place does the administrative territorial entity that Juba is located in share a border with?,What places share a border with Central Equatoria?,Eastern Equatoria shares a border with Central Equatoria.,"Terekeka, Lafon, Gomma, Setema, and Southern Nations, Nationalities and Peoples Region share borders with Central Equatoria.",False,0.25,0.0,"预测答案中列举的“Terekeka, Lafon, Gomma, Setema, and Southern Nations, Nationalities and Peoples Region”并非标准答案中的“Eastern Equatoria”。虽然Terekeka是南苏丹的一个县，Lafon是东赤道州的一个县，但预测答案整体混淆了行政区域层级，且“Gomma”和“Setema”可能为拼写错误或无关地名，“Southern Nations, Nationalities and Peoples Region”则是埃塞俄比亚的一个州，与南苏丹的中央赤道州不接壤。因此，预测答案未能正确包含标准答案的关键信息，语义上也不等价，无法准确回答问题。","Badigeru Swamp, Terekeka, Lafon, and Gera woreda share a border with Central Equatoria.",False,0.33333333333333326,0.0,"预测答案列举了Badigeru Swamp、Terekeka、Lafon和Gera woreda等具体地点，但这些名称与标准答案中的""Eastern Equatoria""在语义上并不等价。标准答案明确指出与Central Equatoria接壤的是Eastern Equatoria这一行政区划，而预测答案中的地点可能位于Eastern Equatoria内部或属于其他区域，未能准确反映行政边界关系。因此，预测答案未包含标准答案的关键信息，且两者在语义上存在显著差异，无法视为正确回答。"
Who played the monarch at the end of WW2 in The King's Speech?,Who played King George VI in The King's Speech?,Colin Firth,Colin Firth,True,1.0,1.0,预测答案“Colin Firth”与标准答案完全一致，准确无误地指出了在电影《国王的演讲》中饰演乔治六世国王的演员。该答案不仅包含了标准答案的所有关键信息，而且在语义上完全等价，没有任何歧义或额外修饰，完全符合判断标准中对措辞一致性和意思准确性的要求。,Colin Firth,True,1.0,1.0,预测答案“Colin Firth”与标准答案完全一致，准确无误地指出了在电影《国王的演讲》中饰演乔治六世国王的演员。该答案不仅包含了标准答案的所有关键信息，而且在语义上完全等价，没有任何歧义或额外修饰，完全符合判断标准中对措辞一致性和意思准确性的要求。
Who is the spouse of a cast member from King of the Mountain?,Who are the cast members of King of the Mountain?,The cast includes Harry Hamlin as Steve and Deborah Van Valkenburgh as Tina.,"Harry Hamlin, Deborah Van Valkenburgh",True,0.6206896551724138,0.0,预测答案虽然省略了角色信息，但完整列出了标准答案中提到的两位演员姓名——Harry Hamlin 和 Deborah Van Valkenburgh，这完全覆盖了标准答案的核心人物信息。在语义上，预测答案与标准答案的关键内容一致，都正确指出了该影片的主要演员阵容。根据判断标准，允许措辞上的细微差异，因此即使预测答案未提及具体角色，其提供的信息已足够准确回答“演员是谁”的问题。,"Harry Hamlin, Deborah Van Valkenburgh",True,0.6206896551724138,0.0,预测答案虽然省略了角色信息，但完整列出了标准答案中提到的两位演员姓名——Harry Hamlin 和 Deborah Van Valkenburgh，这完全覆盖了标准答案的核心人物信息。在语义上，预测答案与标准答案的关键内容一致，都正确指出了该影片的主要演员阵容。根据判断标准，允许措辞上的细微差异，因此即使预测答案未提及具体角色，其提供的信息已足够准确回答“演员是谁”的问题。
Who is the spouse of a cast member from King of the Mountain?,Who is Harry Hamlin's spouse?,Lisa Rinna,Lisa Rinna,True,1.0,1.0,预测答案“Lisa Rinna”与标准答案完全一致，不仅包含了关键信息，而且在语义上完全等价，没有任何措辞差异。该答案直接准确地回答了关于Harry Hamlin配偶身份的问题，符合所有判断标准，因此可以确认为正确回答。,Lisa Rinna,True,1.0,1.0,预测答案“Lisa Rinna”与标准答案完全一致，不仅包含了关键信息，而且在语义上完全等价，没有任何措辞差异。该答案直接准确地回答了关于Harry Hamlin配偶身份的问题，符合所有判断标准，因此可以确认为正确回答。
Who played king whose regal Name did Albert Adopt in the king's speech?,What was the regnal name adopted by King George VI?,Albert assumed the regnal name 'George VI'.,George VI,True,0.4,0.0,"预测答案""George VI""直接提供了问题所询问的国王采用的尊号，这与标准答案中""Albert assumed the regnal name 'George VI'""的核心信息完全一致。虽然预测答案省略了国王原名""Albert""和动词""assumed""等细节，但它准确抓住了关键事实——尊号是""George VI""，这完全符合语义等价原则，且措辞差异不影响答案的正确性。在历史类问题中，这种简洁回答通常被视为有效，因为它精准回应了问题的核心诉求。",George VI,True,0.4,0.0,"预测答案""George VI""直接提供了问题所询问的国王采用的尊号，这与标准答案中""Albert assumed the regnal name 'George VI'""的核心信息完全一致。虽然预测答案省略了国王原名""Albert""和动词""assumed""等细节，但它准确抓住了关键事实——尊号是""George VI""，这完全符合语义等价原则，且措辞差异不影响答案的正确性。在历史类问题中，这种简洁回答通常被视为有效，因为它精准回应了问题的核心诉求。"
Who played king whose regal Name did Albert Adopt in the king's speech?,Who played King George VI in the film 'The King's Speech'?,Colin Firth,Colin Firth,True,1.0,1.0,预测答案“Colin Firth”完全符合标准答案，不仅包含了关键信息，而且在语义上与标准答案完全等价，没有任何措辞差异。Colin Firth 确实是电影《国王的演讲》中饰演国王乔治六世的演员，这一事实准确无误，因此预测答案正确回答了问题。,Colin Firth,True,1.0,1.0,预测答案“Colin Firth”完全符合标准答案，不仅包含了关键信息，而且在语义上与标准答案完全等价，没有任何措辞差异。Colin Firth 确实是电影《国王的演讲》中饰演国王乔治六世的演员，这一事实准确无误，因此预测答案正确回答了问题。
What administrative territorial entity contains the place where KPRM is licensed to broadcast to?,Where is KPRM licensed to broadcast?,"Park Rapids, Minnesota","Park Rapids, Minnesota",True,1.0,1.0,"预测答案“Park Rapids, Minnesota”与标准答案完全一致，不仅包含了关键信息“Park Rapids, Minnesota”，而且在语义上完全等价，没有任何信息缺失或歧义。两者都明确指出了广播许可的具体地点，措辞上也无任何差异，因此预测答案正确回答了问题。","Park Rapids, Minnesota",True,1.0,1.0,"预测答案“Park Rapids, Minnesota”与标准答案完全一致，不仅包含了关键信息“Park Rapids, Minnesota”，而且在语义上完全等价，没有任何信息缺失或歧义。两者都明确指出了广播许可的具体地点，措辞上也无任何差异，因此预测答案正确回答了问题。"
What year did the author of Prince Prigio die?,Who is the author of Prince Prigio?,The author of Prince Prigio is Andrew Lang.,Andrew Lang,True,0.3636363636363636,0.0,预测答案“Andrew Lang”与标准答案“The author of Prince Prigio is Andrew Lang”在语义上完全等价，它直接包含了标准答案中的关键信息——作者姓名，且没有添加任何可能引起歧义或错误的额外内容。尽管预测答案在措辞上更为简洁，省略了问题背景的复述，但这并不影响其准确回答问题的核心，即明确指出作者身份，因此符合所有判断标准。,Andrew Lang,True,0.3636363636363636,0.0,预测答案“Andrew Lang”与标准答案“The author of Prince Prigio is Andrew Lang”在语义上完全等价，它直接包含了标准答案中的关键信息——作者姓名，且没有添加任何可能引起歧义或错误的额外内容。尽管预测答案在措辞上更为简洁，省略了问题背景的复述，但这并不影响其准确回答问题的核心，即明确指出作者身份，因此符合所有判断标准。
What year did the author of Prince Prigio die?,What year did Andrew Lang die?,Andrew Lang died in 1912.,1912,True,0.5,0.0,预测答案“1912”直接提供了标准答案“Andrew Lang died in 1912”中的核心信息，即安德鲁·朗去世的年份。尽管预测答案省略了句子结构，仅以数字形式呈现，但它在语义上与标准答案完全等价，都准确指出了1912年这一关键事实。根据判断标准，允许措辞上的细微差异，因此预测答案正确回答了问题，无需额外解释或上下文即可满足查询需求。,1912,True,0.5,0.0,预测答案“1912”直接提供了标准答案“Andrew Lang died in 1912”中的核心信息，即安德鲁·朗去世的年份。尽管预测答案省略了句子结构，仅以数字形式呈现，但它在语义上与标准答案完全等价，都准确指出了1912年这一关键事实。根据判断标准，允许措辞上的细微差异，因此预测答案正确回答了问题，无需额外解释或上下文即可满足查询需求。
In which county is Mark Dismore's birthplace located?,Where was Mark Dismore born?,"Greenfield, Indiana","Greenfield, Indiana",True,1.0,1.0,"预测答案“Greenfield, Indiana”与标准答案完全一致，不仅包含了关键信息“Greenfield, Indiana”，而且在语义上完全等价，没有任何措辞差异。这表明预测答案准确地回答了问题“Where was Mark Dismore born?”，提供了正确的出生地点，符合所有判断标准，包括信息完整性和语义一致性。","Greenfield, Indiana",True,1.0,1.0,"预测答案“Greenfield, Indiana”与标准答案完全一致，不仅包含了关键信息“Greenfield, Indiana”，而且在语义上完全等价，没有任何措辞差异。这表明预测答案准确地回答了问题“Where was Mark Dismore born?”，提供了正确的出生地点，符合所有判断标准，包括信息完整性和语义一致性。"
In which county is Mark Dismore's birthplace located?,"Which county is Greenfield, Indiana located in?","Greenfield, Indiana is located in Hancock County.",Hancock County,True,0.1818181818181818,0.0,"预测答案“Hancock County”直接提供了标准答案中的核心信息，即格林菲尔德市所在的县名。虽然预测答案省略了标准答案中“Greenfield, Indiana is located in”这一背景描述，但问题明确询问的是县名，预测答案在语义上完全等价于标准答案的关键内容，且措辞差异不影响信息准确性，符合判断标准中的语义等价原则。",Hancock County,True,0.1818181818181818,0.0,"预测答案“Hancock County”直接提供了标准答案中的核心信息，即格林菲尔德市所在的县名。虽然预测答案省略了标准答案中“Greenfield, Indiana is located in”这一背景描述，但问题明确询问的是县名，预测答案在语义上完全等价于标准答案的关键内容，且措辞差异不影响信息准确性，符合判断标准中的语义等价原则。"
Who was the sibling of Nannina de' Medici?,Who were the parents of Nannina de' Medici?,Nannina de' Medici's parents were Piero di Cosimo de' Medici and Lucrezia Tornabuoni.,Piero di Cosimo de' Medici and Lucrezia Tornabuoni,True,0.7368421052631579,0.0,预测答案直接提供了Nannina de' Medici的父母姓名，即Piero di Cosimo de' Medici和Lucrezia Tornabuoni，这与标准答案中的关键信息完全一致。尽管预测答案省略了“Nannina de' Medici's parents were”这一表述，但核心内容在语义上与标准答案等价，且措辞差异不影响事实准确性。因此，预测答案正确回答了问题，符合所有判断标准。,Piero di Cosimo de' Medici and Lucrezia Tornabuoni,True,0.7368421052631579,0.0,预测答案直接提供了Nannina de' Medici的父母姓名，即Piero di Cosimo de' Medici和Lucrezia Tornabuoni，这与标准答案中的关键信息完全一致。尽管预测答案省略了“Nannina de' Medici's parents were”这一表述，但核心内容在语义上与标准答案等价，且措辞差异不影响事实准确性。因此，预测答案正确回答了问题，符合所有判断标准。
Who was the sibling of Nannina de' Medici?,"Based on Nannina de' Medici's parents Piero di Cosimo de' Medici and Lucrezia Tornabuoni, who were her siblings?",Nannina de' Medici's siblings were Lorenzo de' Medici and Giuliano de' Medici.,Lorenzo de' Medici,False,0.32000000000000006,0.0,预测答案只列出了兄弟姐妹中的一位（Lorenzo de' Medici），但标准答案明确指出Nannina de' Medici的兄弟姐妹包括Lorenzo和Giuliano de' Medici两人。预测答案遗漏了关键信息，未能完整覆盖问题所询问的所有兄弟姐妹，因此在语义上不等价于标准答案，不符合正确回答的要求。,Lorenzo de' Medici,False,0.32000000000000006,0.0,预测答案只列出了兄弟姐妹中的一位（Lorenzo de' Medici），但标准答案明确指出Nannina de' Medici的兄弟姐妹包括Lorenzo和Giuliano de' Medici两人。预测答案遗漏了关键信息，未能完整覆盖问题所询问的所有兄弟姐妹，因此在语义上不等价于标准答案，不符合正确回答的要求。
What county is the NRHEG High School located in?,Where is NRHEG High School located?,"NRHEG High School is located in New Richland, Minnesota.","New Richland, Minnesota",True,0.5,0.0,"预测答案“New Richland, Minnesota”直接提供了标准答案中的核心地理位置信息，即学校所在的城市和州。虽然预测答案省略了“NRHEG High School is located in”这一表述，但其内容在语义上与标准答案完全等价，关键信息完整且准确，符合允许措辞差异的判断标准。因此，预测答案正确回答了问题。","New Richland, Minnesota",True,0.5,0.0,"预测答案“New Richland, Minnesota”直接提供了标准答案中的核心地理位置信息，即学校所在的城市和州。虽然预测答案省略了“NRHEG High School is located in”这一表述，但其内容在语义上与标准答案完全等价，关键信息完整且准确，符合允许措辞差异的判断标准。因此，预测答案正确回答了问题。"
What county is the NRHEG High School located in?,"Which county is New Richland, Minnesota located in?","New Richland is located in Waseca County, Minnesota.",Waseca County,True,0.42857142857142855,0.0,预测答案“Waseca County”直接提供了标准答案中的核心信息，即新里奇兰所在的县名。虽然预测答案省略了“New Richland is located in”和“Minnesota”等背景描述，但问题明确询问的是县名，预测答案在语义上与标准答案的关键部分完全等价，且没有引入任何错误或歧义信息，因此可以视为正确回答了问题。,Waseca County,True,0.42857142857142855,0.0,预测答案“Waseca County”直接提供了标准答案中的核心信息，即新里奇兰所在的县名。虽然预测答案省略了“New Richland is located in”和“Minnesota”等背景描述，但问题明确询问的是县名，预测答案在语义上与标准答案的关键部分完全等价，且没有引入任何错误或歧义信息，因此可以视为正确回答了问题。
Who founded the political party of Dimuthu Bandara Abayakoon?,What is the name of the political party of Dimuthu Bandara Abayakoon?,Janatha Vimukthi Peramuna,United People's Freedom Alliance,False,0,0.0,预测答案“United People's Freedom Alliance”与标准答案“Janatha Vimukthi Peramuna”在语义上完全不同，两者代表斯里兰卡不同的政治党派，前者是统一人民自由联盟，后者是人民解放阵线，它们并非同义词或等价表述。预测答案未能包含标准答案的关键信息，且意思完全不一致，因此无法正确回答问题。,United People's Freedom Alliance,False,0,0.0,预测答案“United People's Freedom Alliance”与标准答案“Janatha Vimukthi Peramuna”在语义上完全不同，两者代表斯里兰卡不同的政治党派，前者是统一人民自由联盟，后者是人民解放阵线，它们并非同义词或等价表述。预测答案未能包含标准答案的关键信息，且意思完全不一致，因此无法正确回答问题。
Who founded the political party of Dimuthu Bandara Abayakoon?,Who founded the Janatha Vimukthi Peramuna political party?,The Janatha Vimukthi Peramuna was founded by Rohana Wijeweera.,"Patabendi Don Jinadasa Nandasiri Wijeweera, known as Rohana Wijeweera.",True,0.2777777777777778,0.0,"预测答案明确指出了“Patabendi Don Jinadasa Nandasiri Wijeweera, known as Rohana Wijeweera”是创始人，这与标准答案“Rohana Wijeweera”在语义上完全等价。预测答案不仅包含了标准答案的关键信息，还提供了更详细的姓名全称和别名，这进一步确认了身份的一致性，且没有与标准答案产生任何矛盾。因此，预测答案正确回答了问题，符合所有判断标准。","Patabendi Don Jinadasa Nandasiri Wijeweera, known as Rohana Wijeweera.",True,0.2777777777777778,0.0,"预测答案明确指出了“Patabendi Don Jinadasa Nandasiri Wijeweera, known as Rohana Wijeweera”是创始人，这与标准答案“Rohana Wijeweera”在语义上完全等价。预测答案不仅包含了标准答案的关键信息，还提供了更详细的姓名全称和别名，这进一步确认了身份的一致性，且没有与标准答案产生任何矛盾。因此，预测答案正确回答了问题，符合所有判断标准。"
When did military instruction start at the place where Larry Alcala was educated?,Where did Larry Alcala study?,"Larry Alcala estudió en la Universidad de Filipinas, donde obtuvo un título de Licenciado en Bellas Artes en Pintura.",University of the Philippines,True,0,0.0,预测答案“University of the Philippines”与标准答案中的“Universidad de Filipinas”在语义上完全等价，后者是西班牙语对菲律宾大学的直接翻译。标准答案的关键信息是拉里·阿尔卡拉在菲律宾大学学习，预测答案准确提取了这一核心内容，尽管省略了学位细节，但已正确回答了问题的主要部分，即学习地点。措辞上的差异不影响意思的一致性，因此预测答案正确。,University of the Philippines,True,0,0.0,预测答案“University of the Philippines”与标准答案中的“Universidad de Filipinas”在语义上完全等价，后者是西班牙语对菲律宾大学的直接翻译。标准答案的关键信息是拉里·阿尔卡拉在菲律宾大学学习，预测答案准确提取了这一核心内容，尽管省略了学位细节，但已正确回答了问题的主要部分，即学习地点。措辞上的差异不影响意思的一致性，因此预测答案正确。
When did military instruction start at the place where Larry Alcala was educated?,When did military instruction begin at the University of the Philippines?,Military instruction began at the University of the Philippines in 1912.,1922,False,0.25,0.0,预测答案“1922”与标准答案“1912”在年份上存在明显差异，这直接导致关键信息不一致。虽然两者都指向军事教育在菲律宾大学开始的具体时间点，但相差十年意味着预测答案未能准确反映历史事实。因此，预测答案在语义上不等价于标准答案，无法正确回答问题。,3 July 1922,False,0.4,0.0,预测答案“3 July 1922”与标准答案“1912”在年份上存在明显差异，这直接导致了关键信息的不一致。虽然两者都指向具体的日期或年份，但1922年与1912年相差十年，无法在语义上被视为等价。正确的回答应准确反映军事指导在菲律宾大学开始的年份为1912年，而预测答案提供了错误的时间点，因此未能正确回答问题。
What county shares a border with Cedar Springs?,Where is Cedar Springs located?,"Cedar Springs is an unincorporated community in west Falls County, Texas, United States, located on Farm-to-market road #2027.","Cedar Springs is an unincorporated community in west Falls County, Texas, United States. It is located on Farm-to-market road #2027.",True,0.962962962962963,0.0,明确指出Cedar Springs是德克萨斯州福尔斯县西部的一个非建制社区，并具体说明其位于Farm-to-market road #2027。尽管预测答案将位置信息分为两句话表述，而标准答案合并为一句，但两者在语义上完全等价，核心事实（地点性质、行政归属、具体道路）完全一致，措辞差异不影响信息准确性。,"Cedar Springs is an unincorporated community in west Falls County, Texas, United States. It is located on Farm-to-market road #2027.",True,0.962962962962963,0.0,明确指出Cedar Springs是德克萨斯州福尔斯县西部的一个非建制社区，并具体说明其位于Farm-to-market road #2027。尽管预测答案将位置信息分为两句话表述，而标准答案合并为一句，但两者在语义上完全等价，核心事实（地点性质、行政归属、具体道路）完全一致，措辞差异不影响信息准确性。
What county shares a border with Cedar Springs?,"Which counties share a border with Falls County, Texas?",Bell County shares a border with Falls County.,"Bell County, Williamson County, and Knox County share a border with Falls County, Texas. (Note: This answer is inferred from the information given about other locations and their relation to Falls County, though direct border information is not explicitly stated in the provided documents.)",False,0.20408163265306123,0.0,预测答案声称贝尔县、威廉姆森县和诺克斯县与福尔斯县接壤，但标准答案仅确认贝尔县与福尔斯县接壤。预测答案中额外添加的威廉姆森县和诺克斯县可能不准确或缺乏依据，这导致信息超出标准答案范围且可能包含错误。因此，预测答案未能正确且等价地回答问题，因为它引入了未经证实的细节，违反了语义一致性原则。,"Bell County, Williamson County, and Knox County share a border with Falls County, Texas.",False,0.47619047619047616,0.0,预测答案声称Williamson County和Knox County与Falls County接壤，但根据标准答案，只有Bell County与Falls County接壤。预测答案中包含了错误的地理信息，这导致其与标准答案在语义上不等价，且超出了允许的细微措辞差异范围。因此，预测答案未能正确回答问题。
Bancroft's county borders what county?,Where is Bancroft located?,"Bancroft is located in Ontario, Canada.","Bancroft is located in Ontario, Canada and serves students in the northern portion of Hastings County.",True,0.6428571428571429,0.0,"预测答案明确包含了标准答案的关键信息“Bancroft is located in Ontario, Canada”，这完全符合标准答案的核心内容。虽然预测答案额外补充了“serves students in the northern portion of Hastings County”这一细节，但这并未改变或偏离标准答案的语义，反而提供了更多背景信息。根据判断标准，预测答案在语义上与标准答案等价，且措辞上的细微差异（如添加补充说明）不影响意思的一致性，因此可以认定为正确回答了问题。","Bancroft is located in Ontario, Canada and serves students in the northern portion of Hastings County.",True,0.6428571428571429,0.0,"预测答案明确包含了标准答案的关键信息“Bancroft is located in Ontario, Canada”，这完全符合标准答案的核心内容。虽然预测答案额外补充了“serves students in the northern portion of Hastings County”这一细节，但这并未改变或偏离标准答案的语义，反而提供了更多背景信息。根据判断标准，预测答案在语义上与标准答案等价，且措辞上的细微差异（如添加补充说明）不影响意思的一致性，因此可以认定为正确回答了问题。"
Bancroft's county borders what county?,"Which county is Bancroft, Ontario located in?","Bancroft, Ontario is located in Hastings County.",Hastings County,True,0.28571428571428575,0.0,"预测答案“Hastings County”直接提供了标准答案中的核心信息，即班克罗夫特所在的县名。虽然预测答案省略了“Bancroft, Ontario is located in”这一背景描述，但其内容与标准答案的关键事实完全一致，语义上等价，且措辞差异不影响信息准确性。因此，预测答案正确回答了问题。",Hastings County,True,0.28571428571428575,0.0,"预测答案“Hastings County”直接提供了标准答案中的核心信息，即班克罗夫特所在的县名。虽然预测答案省略了“Bancroft, Ontario is located in”这一背景描述，但其内容与标准答案的关键事实完全一致，语义上等价，且措辞差异不影响信息准确性。因此，预测答案正确回答了问题。"
Bancroft's county borders what county?,Which counties border Hastings County in Ontario?,Renfrew County and Haliburton County border Hastings County in Ontario.,"Renfrew County, Haliburton County",True,0.6363636363636364,0.0,"预测答案“Renfrew County, Haliburton County”完全包含了标准答案中的关键信息，即与Hastings County接壤的两个县。尽管预测答案省略了标准答案中的部分描述性语句（如“border Hastings County in Ontario”），但所列出的县名在语义上与标准答案等价，意思保持一致，且没有添加或遗漏任何关键实体。这种措辞上的细微差异不影响答案的正确性，因此预测答案正确回答了问题。","Wellington, Renfrew, and Haliburton counties border Hastings County in Ontario.",False,0.8387096774193549,0.0,预测答案错误地包含了“Wellington County”，而标准答案中并未提及该县。虽然预测答案正确包含了Renfrew和Haliburton两个县，但添加了不存在的边界信息，导致整体答案不准确。在评估中，预测答案必须与标准答案在关键信息上完全一致，任何额外或错误的信息都会使其被判定为错误，即使部分内容正确。
Who is the father of Empress Wang's husband?,Who is Empress Wang's husband?,"Empress Wang's husband was Yang Pu (Emperor Rui), the final ruler of the Chinese state Wu during the Five Dynasties and Ten Kingdoms period.",Yang Pu,True,0.07407407407407407,0.0,预测答案“Yang Pu”直接包含了标准答案中的核心关键信息，即王皇后的丈夫是杨溥。虽然预测答案省略了“Emperor Rui”和“Wu state during the Five Dynasties and Ten Kingdoms period”等背景细节，但这些内容属于补充说明，不影响对问题核心“丈夫是谁”的回答。在语义上，“Yang Pu”与标准答案的主体部分完全等价，且措辞简洁明确，符合允许细微差异的判断标准，因此预测答案正确回答了问题。,Yang Pu,True,0.07407407407407407,0.0,预测答案“Yang Pu”直接包含了标准答案中的核心关键信息，即王皇后的丈夫是杨溥。虽然预测答案省略了“Emperor Rui”和“Wu state during the Five Dynasties and Ten Kingdoms period”等背景细节，但这些内容属于补充说明，不影响对问题核心“丈夫是谁”的回答。在语义上，“Yang Pu”与标准答案的主体部分完全等价，且措辞简洁明确，符合允许细微差异的判断标准，因此预测答案正确回答了问题。
Who is the father of Empress Wang's husband?,Who was the father of Yang Pu (Emperor Rui of Wu)?,"Yang Pu's father was Yang Xingmi, a late-Tang Dynasty warlord and military governor of Huainan Circuit.",Yang Xingmi,True,0.25,0.0,预测答案“Yang Xingmi”直接提供了标准答案中的核心信息，即杨溥的父亲是杨行密。虽然预测答案省略了标准答案中关于杨行密身份（晚唐军阀、淮南节度使）的补充描述，但问题仅询问父子关系，预测答案在语义上完全等价于标准答案的关键点，准确回答了“杨溥的父亲是谁”这一核心问题，符合措辞差异允许范围。,Yang Xingmi,True,0.25,0.0,预测答案“Yang Xingmi”直接提供了标准答案中的核心信息，即杨溥的父亲是杨行密。虽然预测答案省略了标准答案中关于杨行密身份（晚唐军阀、淮南节度使）的补充描述，但问题仅询问父子关系，预测答案在语义上完全等价于标准答案的关键点，准确回答了“杨溥的父亲是谁”这一核心问题，符合措辞差异允许范围。
Who played the king that was king of england in 1951 in the king's speech?,Who was the king of England in 1951?,George VI was the King of the United Kingdom in 1951.,George VI,True,0.2666666666666667,0.0,"预测答案""George VI""直接提供了标准答案中的核心信息，即1951年英格兰国王的身份。虽然预测答案省略了标准答案中""King of the United Kingdom""的完整表述，但""英格兰国王""在历史语境中通常与""英国国王""同义，且乔治六世在1951年的统治事实明确无误。这种简洁回答完全符合语义等价原则，关键信息准确且无歧义，因此正确回答了问题。",George VI,True,0.2666666666666667,0.0,"预测答案""George VI""直接提供了标准答案中的核心信息，即1951年英格兰国王的身份。虽然预测答案省略了标准答案中""King of the United Kingdom""的完整表述，但""英格兰国王""在历史语境中通常与""英国国王""同义，且乔治六世在1951年的统治事实明确无误。这种简洁回答完全符合语义等价原则，关键信息准确且无歧义，因此正确回答了问题。"
Who played the king that was king of england in 1951 in the king's speech?,Which actor played King George VI in the film 'The King's Speech'?,Colin Firth,Colin Firth,True,1.0,1.0,预测答案“Colin Firth”完全符合标准答案，不仅包含了关键信息，而且在语义上与标准答案完全等价，没有任何措辞差异。该答案准确指出了在电影《国王的演讲》中饰演乔治六世国王的演员，直接回应了问题核心，信息精确无误，因此正确回答了问题。,Colin Firth,True,1.0,1.0,预测答案“Colin Firth”完全符合标准答案，不仅包含了关键信息，而且在语义上与标准答案完全等价，没有任何措辞差异。该答案准确指出了在电影《国王的演讲》中饰演乔治六世国王的演员，直接回应了问题核心，信息精确无误，因此正确回答了问题。
When was John's eldest son crowned?,Who is John's eldest son?,Henry III,Henry III,True,1.0,1.0,预测答案“Henry III”与标准答案完全一致，不仅包含了关键信息，而且在语义上完全等价。该答案直接准确地回答了“John's eldest son”的身份问题，没有任何歧义或额外信息，符合历史事实中约翰王的长子为亨利三世这一公认记录。措辞上无任何差异，意思保持高度一致，因此可以明确判定为正确回答。,Henry III,True,1.0,1.0,预测答案“Henry III”与标准答案完全一致，不仅包含了关键信息，而且在语义上完全等价。该答案直接准确地回答了“John's eldest son”的身份问题，没有任何歧义或额外信息，符合历史事实中约翰王的长子为亨利三世这一公认记录。措辞上无任何差异，意思保持高度一致，因此可以明确判定为正确回答。
When was John's eldest son crowned?,When was John's eldest son crowned?,"John I of Cyprus (John II of Jerusalem) was crowned on May 11, 1284.",1184,False,0.25,0.0,"预测答案“1184”与标准答案“May 11, 1284”在关键信息上存在根本性差异。标准答案明确指出约翰一世（塞浦路斯国王）于1284年5月11日加冕，而预测答案仅提供了错误的年份“1184”，这比实际时间早了整整一个世纪。此外，预测答案缺少具体的日期信息，且未提及人物身份，无法在语义上与标准答案等价，因此未能正确回答问题。",1284,True,0.25,0.0,预测答案“1284”准确包含了标准答案中的核心时间信息，即约翰一世（或耶路撒冷的约翰二世）加冕的年份。尽管预测答案省略了具体日期“5月11日”和人物全称，但问题询问的是“何时”，年份是回答的关键要素，语义上与标准答案的年份部分完全一致，符合允许措辞差异且意思保持等价的要求。
When was John's eldest son crowned?,When was John's eldest son crowned?,"John I of Cyprus (John II of Jerusalem) was crowned on May 11, 1284.",1184,False,0.25,0.0,"预测答案“1184”与标准答案“May 11, 1284”在关键信息上存在根本性差异。标准答案明确指出约翰一世（塞浦路斯国王）于1284年5月11日加冕，而预测答案仅提供了错误的年份“1184”，这比实际时间早了整整一个世纪。此外，预测答案缺少具体的日期信息，且未提及人物身份，无法在语义上与标准答案等价，因此未能正确回答问题。",1284,True,0.25,0.0,预测答案“1284”准确包含了标准答案中的核心时间信息，即约翰一世（或耶路撒冷的约翰二世）加冕的年份。尽管预测答案省略了具体日期“5月11日”和人物全称，但问题询问的是“何时”，年份是回答的关键要素，语义上与标准答案的年份部分完全一致，符合允许措辞差异且意思保持等价的要求。
When was John's eldest son crowned?,When was John's eldest son crowned?,"John I of Cyprus (John II of Jerusalem) was crowned on May 11, 1284.",1284,True,0.25,0.0,预测答案“1284”准确包含了标准答案中的核心时间信息，即约翰一世（或耶路撒冷的约翰二世）加冕的年份。尽管预测答案省略了具体日期“5月11日”和人物全称，但问题询问的是“何时”，年份是回答的关键要素，语义上与标准答案的年份部分完全一致，符合允许措辞差异且意思保持等价的要求。,1284,True,0.25,0.0,预测答案“1284”准确包含了标准答案中的核心时间信息，即约翰一世（或耶路撒冷的约翰二世）加冕的年份。尽管预测答案省略了具体日期“5月11日”和人物全称，但问题询问的是“何时”，年份是回答的关键要素，语义上与标准答案的年份部分完全一致，符合允许措辞差异且意思保持等价的要求。
What character in A League of their Own was played by the actress who played Thelma in the movie Thelma and Louise?,Who played Thelma in Thelma and Louise?,Geena Davis played Thelma in Thelma and Louise.,Geena Davis,True,0.35294117647058826,0.0,预测答案“Geena Davis”完整包含了标准答案中的核心信息，即演员姓名，且与标准答案“Geena Davis played Thelma in Thelma and Louise”在语义上完全等价。尽管预测答案省略了电影名称和角色描述，但问题明确询问“谁饰演了《末路狂花》中的塞尔玛”，预测答案直接提供了准确的人物名称，足以正确回答问题，符合语义一致性和关键信息覆盖的要求。,Geena Davis,True,0.35294117647058826,0.0,预测答案“Geena Davis”完整包含了标准答案中的核心信息，即演员姓名，且与标准答案“Geena Davis played Thelma in Thelma and Louise”在语义上完全等价。尽管预测答案省略了电影名称和角色描述，但问题明确询问“谁饰演了《末路狂花》中的塞尔玛”，预测答案直接提供了准确的人物名称，足以正确回答问题，符合语义一致性和关键信息覆盖的要求。
What character in A League of their Own was played by the actress who played Thelma in the movie Thelma and Louise?,What character did Geena Davis play in the movie A League of Their Own?,Geena Davis played the character Dottie Hinson.,Dottie Hinson,True,0.5,0.0,预测答案“Dottie Hinson”直接提供了标准答案中的核心信息，即吉娜·戴维斯在电影《红粉联盟》中饰演的角色名称。尽管预测答案省略了“Geena Davis played the character”这一表述，但其内容在语义上与标准答案完全等价，且没有引入任何错误或歧义。根据评估标准，只要关键信息一致且意思相同，措辞上的简化是可接受的，因此预测答案正确回答了问题。,Dottie Hinson,True,0.5,0.0,预测答案“Dottie Hinson”直接提供了标准答案中的核心信息，即吉娜·戴维斯在电影《红粉联盟》中饰演的角色名称。尽管预测答案省略了“Geena Davis played the character”这一表述，但其内容在语义上与标准答案完全等价，且没有引入任何错误或歧义。根据评估标准，只要关键信息一致且意思相同，措辞上的简化是可接受的，因此预测答案正确回答了问题。
"In A League of Their Own, who played the husband of the actress who played Thelma in Thelma and Louise?",Who played Thelma in Thelma and Louise?,Geena Davis played Thelma in Thelma and Louise.,Geena Davis,True,0.35294117647058826,0.0,预测答案“Geena Davis”完整包含了标准答案中的核心信息，即演员姓名，且与标准答案“Geena Davis played Thelma in Thelma and Louise”在语义上完全等价。尽管预测答案省略了电影名称和角色描述，但问题明确询问“谁饰演了《末路狂花》中的塞尔玛”，预测答案直接提供了准确的人物名称，足以正确回答问题，符合语义一致性和关键信息覆盖的要求。,Geena Davis,True,0.35294117647058826,0.0,预测答案“Geena Davis”完整包含了标准答案中的核心信息，即演员姓名，且与标准答案“Geena Davis played Thelma in Thelma and Louise”在语义上完全等价。尽管预测答案省略了电影名称和角色描述，但问题明确询问“谁饰演了《末路狂花》中的塞尔玛”，预测答案直接提供了准确的人物名称，足以正确回答问题，符合语义一致性和关键信息覆盖的要求。
"In A League of Their Own, who played the husband of the actress who played Thelma in Thelma and Louise?",Which character did Geena Davis play in the film A League of Their Own?,Geena Davis played the character Dottie Hinson.,Dottie Hinson,True,0.5,0.0,预测答案“Dottie Hinson”直接提供了标准答案中的核心信息，即吉娜·戴维斯在电影《红粉联盟》中饰演的角色名称。虽然预测答案省略了“Geena Davis played the character”这一部分描述性语句，但其内容与标准答案在语义上完全等价，且关键信息准确无误。根据判断标准，允许措辞上的细微差异，只要意思保持一致即可，因此预测答案正确回答了问题。,Dottie Hinson,True,0.5,0.0,预测答案“Dottie Hinson”直接提供了标准答案中的核心信息，即吉娜·戴维斯在电影《红粉联盟》中饰演的角色名称。虽然预测答案省略了“Geena Davis played the character”这一部分描述性语句，但其内容与标准答案在语义上完全等价，且关键信息准确无误。根据判断标准，允许措辞上的细微差异，只要意思保持一致即可，因此预测答案正确回答了问题。
"In A League of Their Own, who played the husband of the actress who played Thelma in Thelma and Louise?",Who played the husband of Dottie Hinson in the film A League of Their Own?,"Bill Pullman played Bob, the husband of Dottie Hinson.",Bill Pullman,True,0.33333333333333337,0.0,"预测答案“Bill Pullman”直接提供了标准答案中的核心信息，即演员姓名。虽然预测答案省略了角色细节“Bob, the husband of Dottie Hinson”，但问题明确询问“谁扮演了丈夫”，预测答案准确给出了演员身份，与标准答案在语义上完全等价，且关键信息一致。这种简洁回答在常见问答场景中是可接受的，因为它直接回应了问题的核心要求。",Bill Pullman,True,0.33333333333333337,0.0,"预测答案“Bill Pullman”直接提供了标准答案中的核心信息，即演员姓名。虽然预测答案省略了角色细节“Bob, the husband of Dottie Hinson”，但问题明确询问“谁扮演了丈夫”，预测答案准确给出了演员身份，与标准答案在语义上完全等价，且关键信息一致。这种简洁回答在常见问答场景中是可接受的，因为它直接回应了问题的核心要求。"
Who is the child of Chiang Hsiao-wen's father?,Who is Chiang Hsiao-wen's father?,Chiang Hsiao-wen's father is Chiang Ching-kuo.,Chiang Ching-kuo,True,0.5555555555555556,0.0,预测答案“Chiang Ching-kuo”直接提供了标准答案中的核心信息，即蒋孝文的父亲是蒋经国。虽然预测答案省略了标准答案中的完整句子结构“Chiang Hsiao-wen's father is...”，但它在语义上完全等价，准确回答了问题中的关键点“父亲是谁”。这种措辞差异是允许的，因为答案简洁且意思保持一致，没有引入任何错误或歧义信息。,Chiang Ching-kuo,True,0.5555555555555556,0.0,预测答案“Chiang Ching-kuo”直接提供了标准答案中的核心信息，即蒋孝文的父亲是蒋经国。虽然预测答案省略了标准答案中的完整句子结构“Chiang Hsiao-wen's father is...”，但它在语义上完全等价，准确回答了问题中的关键点“父亲是谁”。这种措辞差异是允许的，因为答案简洁且意思保持一致，没有引入任何错误或歧义信息。
"The actor who played Thelma in ""Thelma and Louise"" also played which character in ""A League of Their Own""?",Who played Thelma in the movie 'Thelma and Louise'?,Geena Davis played Thelma in the movie 'Thelma & Louise'.,Geena Davis,True,0.35294117647058826,0.0,"预测答案""Geena Davis""完整包含了标准答案中的核心信息，即演员姓名，且与标准答案""Geena Davis played Thelma in the movie 'Thelma & Louise'""在语义上完全等价。尽管预测答案省略了电影名称和角色描述等细节，但问题明确询问""谁饰演了Thelma""，因此直接提供演员姓名已足够准确回答。这种措辞差异不影响关键信息的正确性，符合""语义等价""的判断标准。",Geena Davis,True,0.35294117647058826,0.0,"预测答案""Geena Davis""完整包含了标准答案中的核心信息，即演员姓名，且与标准答案""Geena Davis played Thelma in the movie 'Thelma & Louise'""在语义上完全等价。尽管预测答案省略了电影名称和角色描述等细节，但问题明确询问""谁饰演了Thelma""，因此直接提供演员姓名已足够准确回答。这种措辞差异不影响关键信息的正确性，符合""语义等价""的判断标准。"
"The actor who played Thelma in ""Thelma and Louise"" also played which character in ""A League of Their Own""?",Which character did Geena Davis play in the movie 'A League of Their Own'?,Geena Davis played the character Dottie Hinson.,Dottie Hinson,True,0.5,0.0,预测答案“Dottie Hinson”直接提供了标准答案中的核心信息，即吉娜·戴维斯在电影《红粉联盟》中饰演的角色名称。虽然预测答案省略了“Geena Davis played the character”这一部分表述，但其内容与标准答案在语义上完全等价，且关键信息准确无误。根据判断标准，允许措辞上的细微差异，只要意思保持一致即可，因此预测答案正确回答了问题。,Dottie Hinson,True,0.5,0.0,预测答案“Dottie Hinson”直接提供了标准答案中的核心信息，即吉娜·戴维斯在电影《红粉联盟》中饰演的角色名称。虽然预测答案省略了“Geena Davis played the character”这一部分表述，但其内容与标准答案在语义上完全等价，且关键信息准确无误。根据判断标准，允许措辞上的细微差异，只要意思保持一致即可，因此预测答案正确回答了问题。
"What is the movie starring Preity Zinta, Madhuri Dixit and the spouse of Kajol?","Movies starring Preity Zinta, Madhuri Dixit, and Ajay Devgn","The movie 'Yeh Raaste Hain Pyaar Ke' (2001) stars Preity Zinta, Madhuri Dixit, and Ajay Devgn.","Yeh Raaste Hain Pyaar Ke, Dil Kya Kare, U Me Aur Hum",False,0.3404255319148936,0.0,预测答案虽然包含了标准答案中的电影《Yeh Raaste Hain Pyaar Ke》，但额外添加了《Dil Kya Kare》和《U Me Aur Hum》这两部电影，而这两部电影并不符合问题要求。问题明确询问的是同时由Preity Zinta、Madhuri Dixit和Ajay Devgn三位演员共同主演的电影，标准答案正确指出只有《Yeh Raaste Hain Pyaar Ke》满足这一条件。预测答案因包含无关信息，导致整体回答不准确，未能与标准答案在语义上等价。,"Yeh Raaste Hain Pyaar Ke, Dil Kya Kare, Pyar Ka Devta",False,0.37499999999999994,0.0,预测答案虽然包含了标准答案中的电影《Yeh Raaste Hain Pyaar Ke》，但额外添加了《Dil Kya Kare》和《Pyar Ka Devta》这两部电影，而这两部电影并不符合问题要求。问题明确询问的是同时由Preity Zinta、Madhuri Dixit和Ajay Devgn三位演员共同主演的电影，标准答案仅指出《Yeh Raaste Hain Pyaar Ke》符合这一条件。预测答案的额外信息引入了不准确的内容，导致答案整体与标准答案在语义上不等价，未能正确且精确地回应问题。
The territory containing Bansaan Island is located at which island?,Where is Bansaan Island located?,"Bansaan Island is a boomerang-shaped island located off the mid-northern coast of Bohol Island, Philippines, and is part of the municipality of Talibon.","Bansaan is a boomerang-shaped island located off the mid-northern coast of Bohol Island, part of the municipality of Talibon, province.",True,0.912280701754386,0.0,岛屿的形状（boomerang-shaped）、地理位置（off the mid-northern coast of Bohol Island）以及行政归属（part of the municipality of Talibon）。虽然预测答案省略了“Philippines”一词，但通过提及“Bohol Island”和“Talibon”已隐含了菲律宾的语境，且添加“province”一词进一步明确了行政层级，整体语义与标准答案完全等价，仅存在措辞上的细微调整，不影响核心信息的正确性。,"Bansaan is a boomerang-shaped island located off the mid-northern coast of Bohol Island, part of the municipality of Talibon, province.",True,0.912280701754386,0.0,岛屿的形状（boomerang-shaped）、地理位置（off the mid-northern coast of Bohol Island）以及行政归属（part of the municipality of Talibon）。虽然预测答案省略了“Philippines”一词，但通过提及“Bohol Island”和“Talibon”已隐含了菲律宾的语境，且添加“province”一词进一步明确了行政层级，整体语义与标准答案完全等价，仅存在措辞上的细微调整，不影响核心信息的正确性。
In which district was Ernie Watts born?,Where was Ernie Watts born?,Woolhampton in Berkshire,Woolhampton in Berkshire,True,1.0,1.0,预测答案“Woolhampton in Berkshire”与标准答案完全一致，不仅包含了关键地点信息“Woolhampton”和所属区域“Berkshire”，而且在语义和措辞上毫无差异。两者均明确指出Ernie Watts的出生地为伯克郡的伍尔汉普顿，符合所有判断标准，包括信息完整性、语义等价性以及措辞一致性，因此正确回答了问题。,Woolhampton in Berkshire,True,1.0,1.0,预测答案“Woolhampton in Berkshire”与标准答案完全一致，不仅包含了关键地点信息“Woolhampton”和所属区域“Berkshire”，而且在语义和措辞上毫无差异。两者均明确指出Ernie Watts的出生地为伯克郡的伍尔汉普顿，符合所有判断标准，包括信息完整性、语义等价性以及措辞一致性，因此正确回答了问题。
In which county was James Finch born?,Where was James Finch born?,"Lynn Haven, Florida","1950, Lynn Haven, Florida",True,0.4,0.0,"预测答案“1950, Lynn Haven, Florida”完整包含了标准答案“Lynn Haven, Florida”的关键信息，即出生地点。尽管预测答案额外提供了出生年份“1950”，但这并未改变或否定标准答案的核心内容，两者在语义上完全等价，都正确回答了“James Finch出生在哪里”的问题。根据判断标准，允许措辞上的细微差异，只要意思保持一致即可，因此预测答案被视为正确回答。","1950, Lynn Haven, Florida",True,0.4,0.0,"预测答案“1950, Lynn Haven, Florida”完整包含了标准答案“Lynn Haven, Florida”的关键信息，即出生地点。尽管预测答案额外提供了出生年份“1950”，但这并未改变或否定标准答案的核心内容，两者在语义上完全等价，都正确回答了“James Finch出生在哪里”的问题。根据判断标准，允许措辞上的细微差异，只要意思保持一致即可，因此预测答案被视为正确回答。"
In which county was James Finch born?,"Which county is Lynn Haven, Florida located in?",Bay County,Bay County,True,1.0,1.0,预测答案“Bay County”与标准答案完全一致，不仅包含了关键信息，而且在语义上完全等价，没有任何措辞差异。该答案准确指出了佛罗里达州林黑文市所属的县，直接回答了问题，符合所有判断标准。,Bay County,True,1.0,1.0,预测答案“Bay County”与标准答案完全一致，不仅包含了关键信息，而且在语义上完全等价，没有任何措辞差异。该答案准确指出了佛罗里达州林黑文市所属的县，直接回答了问题，符合所有判断标准。
Who was married to the star of No Escape?,Who starred in the movie No Escape?,"Valerie Hobson, Leslie Perrins, and Robert Cochran starred in the movie No Escape.","Valerie Hobson, Leslie Perrins and Robert Cochran",True,0.8387096774193548,0.0,预测答案完整列出了标准答案中的三位演员姓名——Valerie Hobson、Leslie Perrins 和 Robert Cochran，且顺序与标准答案一致。尽管预测答案省略了标准答案中的部分连接词（如“and”前的逗号），但这属于措辞上的细微差异，不影响核心信息的准确性。预测答案在语义上与标准答案完全等价，明确回答了“谁主演了电影《No Escape》”这一问题，因此符合所有判断标准。,"Valerie Hobson, Leslie Perrins and Robert Cochran",True,0.8387096774193548,0.0,预测答案完整列出了标准答案中的三位演员姓名——Valerie Hobson、Leslie Perrins 和 Robert Cochran，且顺序与标准答案一致。尽管预测答案省略了标准答案中的部分连接词（如“and”前的逗号），但这属于措辞上的细微差异，不影响核心信息的准确性。预测答案在语义上与标准答案完全等价，明确回答了“谁主演了电影《No Escape》”这一问题，因此符合所有判断标准。
Who was married to the star of No Escape?,"Which of the actors from No Escape (Valerie Hobson, Leslie Perrins, or Robert Cochran) was married and to whom?",Valerie Hobson was married to John Profumo.,"Valerie Hobson was married to John Profumo, who was a former British government minister.",True,0.7499999999999999,0.0,预测答案不仅完整包含了标准答案的核心信息——即Valerie Hobson与John Profumo的婚姻关系，还额外补充了John Profumo的身份细节，这并未改变或偏离原问题的核心语义。问题要求指出哪位演员已婚及其配偶，预测答案准确提供了这一关键对应关系，且措辞与标准答案在本质上一致，符合语义等价的原则。因此，预测答案正确回答了问题。,"Valerie Hobson was married to John Profumo, who was a former British government minister.",True,0.7499999999999999,0.0,预测答案不仅完整包含了标准答案的核心信息——即Valerie Hobson与John Profumo的婚姻关系，还额外补充了John Profumo的身份细节，这并未改变或偏离原问题的核心语义。问题要求指出哪位演员已婚及其配偶，预测答案准确提供了这一关键对应关系，且措辞与标准答案在本质上一致，符合语义等价的原则。因此，预测答案正确回答了问题。
Who is the other child of Chian Hsiao-chang's father?,Who is the father of Chian Hsiao-chang?,Chiang Ching-kuo,Chiang Ching-kuo,True,1.0,1.0,预测答案“Chiang Ching-kuo”与标准答案完全一致，不仅包含了关键信息，而且在语义上完全等价，没有任何措辞差异。这直接准确地回答了关于Chian Hsiao-chang父亲身份的问题，符合所有判断标准，包括信息匹配和意思一致性，因此可以确认为正确回答。,Chiang Ching-kuo,True,1.0,1.0,预测答案“Chiang Ching-kuo”与标准答案完全一致，不仅包含了关键信息，而且在语义上完全等价，没有任何措辞差异。这直接准确地回答了关于Chian Hsiao-chang父亲身份的问题，符合所有判断标准，包括信息匹配和意思一致性，因此可以确认为正确回答。
Who is the other child of Chian Hsiao-chang's father?,What are all the children of Chiang Ching-kuo?,"Chiang Ching-kuo had four legitimate children with his wife Faina Ipatyevna Vakhreva (Chiang Fang-liang): Chiang Hsiao-wen (eldest son), Chiang Hsiao-chang (daughter), Chiang Hsiao-wu (second son), and Chiang Hsiao-yung (youngest son). He also had two half-brothers with other mothers: Winston Chang and John Chiang.","Chiang Hsiao-wen, Chiang Hsiao-chang, Chiang Hsiao-wu, Winston Chang, and John Chiang.",False,0.4752475247524752,0.0,预测答案未能完整包含标准答案中的所有关键信息。标准答案明确指出蒋经国有四名婚生子女（蒋孝文、蒋孝章、蒋孝武、蒋孝勇）以及两名同父异母的兄弟（章孝严、章孝慈），但预测答案仅列出了三名婚生子女（缺少蒋孝勇），并将两名同父异母的兄弟错误归类为“子女”，这导致信息结构混乱且遗漏重要内容。预测答案在语义上与标准答案不等价，未能正确回答“所有子女”的问题。,"Chiang Hsiao-wen, Chiang Hsiao-chang, Chiang Hsiao-wu, Winston Chang, and John Chiang.",False,0.4752475247524752,0.0,预测答案未能完整包含标准答案中的所有关键信息。标准答案明确指出蒋经国有四名婚生子女（蒋孝文、蒋孝章、蒋孝武、蒋孝勇）以及两名同父异母的兄弟（章孝严、章孝慈），但预测答案仅列出了三名婚生子女（缺少蒋孝勇），并将两名同父异母的兄弟错误归类为“子女”，这导致信息结构混乱且遗漏重要内容。预测答案在语义上与标准答案不等价，未能正确回答“所有子女”的问题。
In which county did Snappy Tomato Pizza form?,Where was Snappy Tomato Pizza founded?,"Fort Mitchell, Kentucky","Fort Mitchell, Kentucky",True,1.0,1.0,"预测答案“Fort Mitchell, Kentucky”与标准答案完全一致，不仅包含了关键信息（地点名称），而且在语义上完全等价，没有任何措辞差异。这直接回答了问题中关于Snappy Tomato Pizza创立地点的询问，准确无误地提供了具体城市和州的信息，符合所有判断标准。","Fort Mitchell, Kentucky",True,1.0,1.0,"预测答案“Fort Mitchell, Kentucky”与标准答案完全一致，不仅包含了关键信息（地点名称），而且在语义上完全等价，没有任何措辞差异。这直接回答了问题中关于Snappy Tomato Pizza创立地点的询问，准确无误地提供了具体城市和州的信息，符合所有判断标准。"
In which county did Snappy Tomato Pizza form?,"Which county is Fort Mitchell, Kentucky located in?",Kenton County,Kenton County,True,1.0,1.0,预测答案“Kenton County”与标准答案完全一致，不仅包含了关键信息，而且在语义上完全等价，没有任何措辞差异。它准确指明了Fort Mitchell所在的县，直接回答了问题，符合所有判断标准。,Kenton County,True,1.0,1.0,预测答案“Kenton County”与标准答案完全一致，不仅包含了关键信息，而且在语义上完全等价，没有任何措辞差异。它准确指明了Fort Mitchell所在的县，直接回答了问题，符合所有判断标准。
Where are the headquarters for the publisher of In the Shadow of Greatness?,Who is the publisher of In the Shadow of Greatness?,The United States Naval Institute,United States Naval Institute,True,1.0,1.0,"预测答案""United States Naval Institute""与标准答案""The United States Naval Institute""在语义上完全等价，仅省略了定冠词""The""，这属于措辞上的细微差异，不影响核心信息的准确性。两者均明确指向同一出版机构，即美国海军学会，因此预测答案正确包含了标准答案的关键信息，并正确回答了问题。",United States Naval Institute,True,1.0,1.0,"预测答案""United States Naval Institute""与标准答案""The United States Naval Institute""在语义上完全等价，仅省略了定冠词""The""，这属于措辞上的细微差异，不影响核心信息的准确性。两者均明确指向同一出版机构，即美国海军学会，因此预测答案正确包含了标准答案的关键信息，并正确回答了问题。"
Where are the headquarters for the publisher of In the Shadow of Greatness?,Where are the headquarters of the United States Naval Institute located?,"Annapolis, Maryland","Annapolis, Maryland",True,1.0,1.0,"预测答案“Annapolis, Maryland”与标准答案完全一致，不仅包含了关键信息“Annapolis”和“Maryland”，而且在语义上完全等价，没有任何歧义或差异。这直接准确地回答了关于美国海军学会总部所在地的问题，符合所有判断标准，包括信息完整性和语义一致性。","Annapolis, Maryland",True,1.0,1.0,"预测答案“Annapolis, Maryland”与标准答案完全一致，不仅包含了关键信息“Annapolis”和“Maryland”，而且在语义上完全等价，没有任何歧义或差异。这直接准确地回答了关于美国海军学会总部所在地的问题，符合所有判断标准，包括信息完整性和语义一致性。"
What political party was the socialist candidate part of who ran for president in 1912?,Who was the socialist candidate in the 1912 US presidential election?,Eugene V. Debs was the Socialist Party candidate in the 1912 US presidential election.,Eugene V. Debs,True,0.4347826086956522,0.0,预测答案“Eugene V. Debs”直接提供了标准答案中的核心信息，即1912年美国总统选举中社会主义候选人的姓名。虽然预测答案省略了“Socialist Party candidate”等背景描述，但问题明确询问候选人是谁，预测答案在语义上完全等价于标准答案的关键内容，且没有引入错误或歧义。因此，预测答案正确回答了问题，符合判断标准中的语义等价原则。,Eugene V. Debs,True,0.4347826086956522,0.0,预测答案“Eugene V. Debs”直接提供了标准答案中的核心信息，即1912年美国总统选举中社会主义候选人的姓名。虽然预测答案省略了“Socialist Party candidate”等背景描述，但问题明确询问候选人是谁，预测答案在语义上完全等价于标准答案的关键内容，且没有引入错误或歧义。因此，预测答案正确回答了问题，符合判断标准中的语义等价原则。
Which county does Lloyd Dane's birthplace belong to?,Where was Lloyd Dane born?,"Lloyd Dane was born in Eldon, Missouri.",Missouri,False,0.19999999999999998,0.0,"预测答案“Missouri”虽然包含了标准答案中的州名信息，但未能提供完整的关键信息。标准答案明确指出出生地为“Eldon, Missouri”，即具体的城市和州，而预测答案仅提及州名，遗漏了城市“Eldon”这一必要细节。这导致语义上不等价，因为问题要求的是具体出生地点，而非泛泛的区域。因此，预测答案未能正确回答问题，不符合判断标准中的完整性和语义等价要求。","The birthplace of Lloyd Dane is not directly stated in the provided documents. However, based on the information given, we can infer that Lloyd Dane was born in the United States, as he participated in NASCAR Grand National Series races in Missouri, which is in the U.S. But without a specific mention of his birthplace, we cannot definitively state his birth location from the given documents.",False,0.18918918918918923,0.0,预测答案未能正确回答问题，因为它明确表示无法从给定文档中确定劳埃德·戴恩的具体出生地，仅推断他出生在美国，而标准答案明确指出他出生在密苏里州的埃尔登。预测答案缺少关键的具体地点信息，且在语义上与标准答案不等价，因为它否认了直接陈述的可能性，而标准答案提供了确切的出生地点。因此，预测答案未能满足包含关键信息或语义等价的要求。
Which county does Lloyd Dane's birthplace belong to?,"Which county does Eldon, Missouri belong to?",Miller County,Miller County,True,1.0,1.0,"预测答案“Miller County”与标准答案完全一致，不仅包含了关键信息，而且在语义上完全等价。两者都准确指出了Eldon, Missouri所属的县名，没有任何措辞差异或信息缺失，因此预测答案正确地回答了问题。",Miller County,True,1.0,1.0,"预测答案“Miller County”与标准答案完全一致，不仅包含了关键信息，而且在语义上完全等价。两者都准确指出了Eldon, Missouri所属的县名，没有任何措辞差异或信息缺失，因此预测答案正确地回答了问题。"
Who is the voice of the character in Spongebob Squarepants with the same name as the creature that annelid larvae live like?,What creature do annelid larvae live like?,Annelid larvae live like plankton.,wireworm,False,0,0.0,预测答案“wireworm”与标准答案“plankton”在语义上完全不同，且未包含关键信息。Wireworm通常指某些甲虫的幼虫，而标准答案明确指出环节动物幼虫像浮游生物一样生活，两者在生物学分类和生活习性上无直接关联。预测答案未能正确反映问题所询问的生物相似性，因此不符合判断标准中的语义等价或信息一致性要求。,eruciform,False,0,0.0,预测答案“eruciform”指的是毛虫状或蠕虫状的形态，这与标准答案“plankton”（浮游生物）在语义上完全不同。标准答案的关键信息是幼虫像浮游生物一样生活，而预测答案描述的是幼虫的形态特征，并未涉及生活方式或生态角色。两者在概念上缺乏等价性，预测答案未能正确回答问题。
Who is the voice of the character in Spongebob Squarepants with the same name as the creature that annelid larvae live like?,Which character in Spongebob Squarepants has the same name as the creature that annelid larvae live like (plankton)?,Plankton,Plankton,True,1.0,1.0,预测答案“Plankton”与标准答案完全一致，不仅包含了关键信息，而且在语义上完全等价。问题要求找出《海绵宝宝》中与特定生物（即环节动物幼虫所类似生物）同名的角色，而“Plankton”既是该生物的名称，也是剧中角色“浮游生物”的名字。预测答案准确无误地指向了这一角色，没有任何措辞或含义上的偏差，因此正确回答了问题。,Plankton,True,1.0,1.0,预测答案“Plankton”与标准答案完全一致，不仅包含了关键信息，而且在语义上完全等价。问题要求找出《海绵宝宝》中与特定生物（即环节动物幼虫所类似生物）同名的角色，而“Plankton”既是该生物的名称，也是剧中角色“浮游生物”的名字。预测答案准确无误地指向了这一角色，没有任何措辞或含义上的偏差，因此正确回答了问题。
Who is part of the band that performed Full Cooperation?,Who performed the song Full Cooperation?,The song 'Full Cooperation' was performed by the American hip hop group Def Squad.,Def Squad,True,0.16666666666666669,0.0,预测答案“Def Squad”直接提供了标准答案中的核心信息，即表演歌曲“Full Cooperation”的主体是美国嘻哈团体Def Squad。虽然预测答案省略了“美国嘻哈团体”这一修饰语，但“Def Squad”本身已明确指代该团体，与标准答案在语义上完全等价，且关键信息一致，符合允许措辞细微差异的判断标准。,Def Squad,True,0.16666666666666669,0.0,预测答案“Def Squad”直接提供了标准答案中的核心信息，即表演歌曲“Full Cooperation”的主体是美国嘻哈团体Def Squad。虽然预测答案省略了“美国嘻哈团体”这一修饰语，但“Def Squad”本身已明确指代该团体，与标准答案在语义上完全等价，且关键信息一致，符合允许措辞细微差异的判断标准。
Who is part of the band that performed Full Cooperation?,Who are the members of the American hip hop group Def Squad?,"The American hip hop group Def Squad consists of Erick Sermon, Redman, and Keith Murray. Jamal is considered an honorary member.","Erick Sermon, Redman and Keith Murray",True,0.5625,0.0,预测答案准确列出了Def Squad的核心成员Erick Sermon、Redman和Keith Murray，这与标准答案中的关键信息完全一致。虽然预测答案未提及荣誉成员Jamal，但标准答案中明确将前三人定义为主要成员，而Jamal仅为附加说明的荣誉成员，不影响对核心问题的正确回答。语义上两者等价，且措辞差异在允许范围内，因此预测答案正确回答了问题。,"Erick Sermon, Redman and Keith Murray",True,0.5625,0.0,预测答案准确列出了Def Squad的核心成员Erick Sermon、Redman和Keith Murray，这与标准答案中的关键信息完全一致。虽然预测答案未提及荣誉成员Jamal，但标准答案中明确将前三人定义为主要成员，而Jamal仅为附加说明的荣誉成员，不影响对核心问题的正确回答。语义上两者等价，且措辞差异在允许范围内，因此预测答案正确回答了问题。
What film features Anil Devgan's sibling?,Who is Anil Devgan's sibling?,Anil Devgan's sibling is Ajay Devgan.,Ajay Devgan,True,0.4615384615384615,0.0,预测答案“Ajay Devgan”直接提供了标准答案“Anil Devgan's sibling is Ajay Devgan”中的核心信息，即兄弟关系的具体姓名。尽管预测答案省略了完整的句子结构，但它在语义上完全等价于标准答案的关键内容，准确回答了关于Anil Devgan兄弟姐妹身份的问题，符合允许措辞差异的判断标准。,Ajay Devgan,True,0.4615384615384615,0.0,预测答案“Ajay Devgan”直接提供了标准答案“Anil Devgan's sibling is Ajay Devgan”中的核心信息，即兄弟关系的具体姓名。尽管预测答案省略了完整的句子结构，但它在语义上完全等价于标准答案的关键内容，准确回答了关于Anil Devgan兄弟姐妹身份的问题，符合允许措辞差异的判断标准。
What film features Anil Devgan's sibling?,Which films feature Ajay Devgan?,"The films featuring Ajay Devgan are: U Me Aur Hum, Yeh Raaste Hain Pyaar Ke, and Dil Kya Kare.","U Me Aur Hum, Dil Kya Kare, Har Dil Jo Pyar Karega, Raju Chacha, Blackmail (2005 film), Pyar Ka Devta, Eka Peksha Ek, Rakhwale, Miss Lovely",False,0.2898550724637681,0.0,预测答案虽然包含了标准答案中的《U Me Aur Hum》和《Dil Kya Kare》，但遗漏了关键影片《Yeh Raaste Hain Pyaar Ke》，同时添加了多部标准答案未提及的电影（如《Har Dil Jo Pyar Karega》《Raju Chacha》等）。根据评估标准，预测答案必须完整覆盖标准答案的关键信息，且语义等价，而此处因缺失必要内容且包含无关信息，导致未能正确回答问题。,"U Me Aur Hum, Dil Kya Kare, Har Dil Jo Pyar Karega, Raju Chacha, Blackmail (2005 film), Pyar Ka Devta, Rakhwale, Eka Peksha Ek",False,0.2985074626865672,0.0,预测答案虽然包含了标准答案中的《U Me Aur Hum》和《Dil Kya Kare》，但遗漏了关键影片《Yeh Raaste Hain Pyaar Ke》，同时添加了多部标准答案未提及的电影（如《Har Dil Jo Pyar Karega》《Raju Chacha》等）。根据评估标准，预测答案必须完整覆盖标准答案的关键信息，而此处存在遗漏和多余内容，导致语义上不等价，因此未能正确回答问题。
"What political party was the candidate who garnered a million votes during the 1920 election despite being in prison, a member of?",Who was the candidate that received a million votes in the 1920 election while in prison?,"Eugene V. Debs was the Socialist Party candidate who received 913,664 votes in the 1920 election while in prison.",Eugene V. Debs,True,0.29411764705882354,0.0,预测答案“Eugene V. Debs”直接提供了标准答案中的核心人物信息，即1920年选举中在监狱里获得大量选票的候选人。虽然预测答案省略了具体票数和政党细节，但问题主要询问的是“候选人是谁”，预测答案在语义上完全等价于标准答案的关键主体，且措辞差异不影响对问题的正确回应。因此，预测答案正确回答了问题。,Eugene V. Debs,True,0.29411764705882354,0.0,预测答案“Eugene V. Debs”直接提供了标准答案中的核心人物信息，即1920年选举中在监狱里获得大量选票的候选人。虽然预测答案省略了具体票数和政党细节，但问题主要询问的是“候选人是谁”，预测答案在语义上完全等价于标准答案的关键主体，且措辞差异不影响对问题的正确回应。因此，预测答案正确回答了问题。
Who was the US physicist who directed the project that developed the first atomic bomb at the same place where Feynman worked on Water Boiler?,Where did Richard Feynman work on the Water Boiler reactor?,Richard Feynman worked on the Water Boiler reactor at Los Alamos.,Los Alamos,True,0.2666666666666667,0.0,预测答案“Los Alamos”直接包含了标准答案中的关键信息，即理查德·费曼参与水锅炉反应堆工作的具体地点。虽然预测答案省略了“Richard Feynman worked on the Water Boiler reactor at”这一部分，但问题本身已明确询问工作地点，因此仅提供地点名称在语义上与标准答案完全等价，意思保持一致，符合允许措辞细微差异的判断标准。,Los Alamos,True,0.2666666666666667,0.0,预测答案“Los Alamos”直接包含了标准答案中的关键信息，即理查德·费曼参与水锅炉反应堆工作的具体地点。虽然预测答案省略了“Richard Feynman worked on the Water Boiler reactor at”这一部分，但问题本身已明确询问工作地点，因此仅提供地点名称在语义上与标准答案完全等价，意思保持一致，符合允许措辞细微差异的判断标准。
Who was the US physicist who directed the project that developed the first atomic bomb at the same place where Feynman worked on Water Boiler?,Which atomic bomb development project took place at Los Alamos and who was its director?,"The Manhattan Project took place at Los Alamos, and its director was Robert Oppenheimer.",Robert Oppenheimer was the director of the Los Alamos Laboratory that designed the actual bombs for the Manhattan Project.,True,0.5714285714285714,0.0,预测答案明确指出了罗伯特·奥本海默是洛斯阿拉莫斯实验室的主任，并说明该实验室为曼哈顿计划设计了实际的炸弹，这完全涵盖了标准答案中“曼哈顿计划在洛斯阿拉莫斯进行，其主任是罗伯特·奥本海默”的关键信息。尽管预测答案的措辞更具体（如提到“洛斯阿拉莫斯实验室”和“设计炸弹”），但其语义与标准答案完全一致，均正确回答了问题所涉及的项目名称和负责人，因此符合判断标准。,Robert Oppenheimer was the director of the Los Alamos Laboratory that designed the actual bombs for the Manhattan Project.,True,0.5714285714285714,0.0,预测答案明确指出了罗伯特·奥本海默是洛斯阿拉莫斯实验室的主任，并说明该实验室为曼哈顿计划设计了实际的炸弹，这完全涵盖了标准答案中“曼哈顿计划在洛斯阿拉莫斯进行，其主任是罗伯特·奥本海默”的关键信息。尽管预测答案的措辞更具体（如提到“洛斯阿拉莫斯实验室”和“设计炸弹”），但其语义与标准答案完全一致，均正确回答了问题所涉及的项目名称和负责人，因此符合判断标准。
What award was received by the person who authored Missing Person?,Who is the author of Missing Person?,Patrick Modiano,Patrick Modiano,True,1.0,1.0,预测答案“Patrick Modiano”与标准答案完全一致，不仅包含了关键信息，而且在语义上完全等价，没有任何措辞差异。该答案准确指出了《Missing Person》的作者是法国作家帕特里克·莫迪亚诺，这直接回应了问题中的核心询问，符合所有判断标准，因此正确回答了问题。,Patrick Modiano,True,1.0,1.0,预测答案“Patrick Modiano”与标准答案完全一致，不仅包含了关键信息，而且在语义上完全等价，没有任何措辞差异。该答案准确指出了《Missing Person》的作者是法国作家帕特里克·莫迪亚诺，这直接回应了问题中的核心询问，符合所有判断标准，因此正确回答了问题。
What award was received by the person who authored Missing Person?,What award did Patrick Modiano receive?,"Patrick Modiano received the 2014 Nobel Prize in Literature, the 2012 Austrian State Prize for European Literature, the 2010 Prix mondial Cino Del Duca, the 1978 Prix Goncourt, and the 1972 Grand Prix du roman de l'Académie française.",2014 Nobel Prize in Literature,True,0.2285714285714286,0.0,预测答案“2014 Nobel Prize in Literature”完全包含在标准答案的关键信息中，并且准确回答了问题“Patrick Modiano received what award?”的核心部分。虽然标准答案列出了多个奖项，但预测答案聚焦于最具代表性的诺贝尔文学奖，这在语义上与标准答案的该部分完全等价，没有出现信息错误或矛盾。根据判断标准，允许预测答案仅提供部分关键信息，只要意思保持一致即可，因此预测答案正确回答了问题。,2014 Nobel Prize in Literature,True,0.2285714285714286,0.0,预测答案“2014 Nobel Prize in Literature”完全包含在标准答案的关键信息中，并且准确回答了问题“Patrick Modiano received what award?”的核心部分。虽然标准答案列出了多个奖项，但预测答案聚焦于最具代表性的诺贝尔文学奖，这在语义上与标准答案的该部分完全等价，没有出现信息错误或矛盾。根据判断标准，允许预测答案仅提供部分关键信息，只要意思保持一致即可，因此预测答案正确回答了问题。
What preity zinta and madhuri dixit movie had a cast member from U Me Aur Hum ?,Who are the cast members of the movie U Me Aur Hum?,"The cast includes Ajay Devgan, Kajol, Karan Khanna, Isha Sharvani, Sumeet Raghavan, and Divya Dutta.","Ajay Devgan, Kajol, Karan Khanna, Isha Sharvani, Sumeet Raghavan, and Divya Dutta",True,0.962962962962963,0.0,预测答案完整列出了标准答案中的所有演员姓名，包括Ajay Devgan、Kajol、Karan Khanna、Isha Sharvani、Sumeet Raghavan和Divya Dutta，且顺序一致。虽然预测答案省略了开头的引导语“The cast includes”，但核心信息完全匹配，语义上与标准答案等价，符合允许措辞细微差异的判断标准，因此正确回答了问题。,"Ajay Devgan, Kajol, Karan Khanna, Isha Sharvani, Sumeet Raghavan, and Divya Dutta",True,0.962962962962963,0.0,预测答案完整列出了标准答案中的所有演员姓名，包括Ajay Devgan、Kajol、Karan Khanna、Isha Sharvani、Sumeet Raghavan和Divya Dutta，且顺序一致。虽然预测答案省略了开头的引导语“The cast includes”，但核心信息完全匹配，语义上与标准答案等价，符合允许措辞细微差异的判断标准，因此正确回答了问题。
What preity zinta and madhuri dixit movie had a cast member from U Me Aur Hum ?,Which Bollywood movies feature both Preity Zinta and Madhuri Dixit in their cast?,The only Bollywood movie featuring both Preity Zinta and Madhuri Dixit is 'Yeh Raaste Hain Pyaar Ke'.,"Yeh Raaste Hain Pyaar Ke, Diya Aur Toofan",False,0.4,0.0,预测答案中包含了标准答案的关键信息“Yeh Raaste Hain Pyaar Ke”，但错误地添加了额外的电影“Diya Aur Toofan”。根据标准答案，唯一一部同时有Preity Zinta和Madhuri Dixit参演的电影是“Yeh Raaste Hain Pyaar Ke”，而“Diya Aur Toofan”并非两人共同出演的作品。这导致预测答案在语义上与标准答案不完全等价，因为它提供了不准确的信息，可能误导用户。因此，预测答案未能正确回答问题。,"Yeh Raaste Hain Pyaar Ke, Diya Aur Toofan",False,0.4,0.0,预测答案中包含了标准答案的关键信息“Yeh Raaste Hain Pyaar Ke”，但错误地添加了额外的电影“Diya Aur Toofan”。根据标准答案，唯一一部同时有Preity Zinta和Madhuri Dixit参演的电影是“Yeh Raaste Hain Pyaar Ke”，而“Diya Aur Toofan”并非两人共同出演的作品。这导致预测答案在语义上与标准答案不完全等价，因为它提供了不准确的信息，可能误导用户。因此，预测答案未能正确回答问题。
What preity zinta and madhuri dixit movie had a cast member from U Me Aur Hum ?,What is the cast list for the movie 'Yeh Raaste Hain Pyaar Ke'?,"The cast includes Madhuri Dixit, Ajay Devgn, and Preity Zinta.","Madhuri Dixit, Ajay Devgn, Preity Zinta",True,0.896551724137931,0.0,"预测答案完整包含了标准答案中的所有关键演员姓名（Madhuri Dixit, Ajay Devgn, Preity Zinta），且顺序一致，语义上与标准答案完全等价。尽管预测答案省略了“The cast includes”这一引导语，但直接列出演员名单已明确回答了电影演员表的问题，符合允许措辞细微差异的判断标准，因此正确回答了问题。","Madhuri Dixit, Ajay Devgn, Preity Zinta",True,0.896551724137931,0.0,"预测答案完整包含了标准答案中的所有关键演员姓名（Madhuri Dixit, Ajay Devgn, Preity Zinta），且顺序一致，语义上与标准答案完全等价。尽管预测答案省略了“The cast includes”这一引导语，但直接列出演员名单已明确回答了电影演员表的问题，符合允许措辞细微差异的判断标准，因此正确回答了问题。"
Who married the publisher of abolitionist newspaper The North Star?,Who was Frederick Douglass married to?,Frederick Douglass was married first to Anna Murray Douglass and second to Helen Pitts Douglass.,Helen Pitts Douglass and Anna Murray Douglass,True,0.7027027027027027,0.0,预测答案虽然颠倒了两位妻子的顺序，但完整包含了标准答案中的关键信息，即弗雷德里克·道格拉斯先后与安娜·默里·道格拉斯和海伦·皮茨·道格拉斯结婚。语义上与标准答案完全等价，仅存在表述顺序的细微差异，这并不影响答案的正确性，因为问题未要求按时间顺序列出。因此，预测答案正确回答了问题。,Helen Pitts Douglass and Anna Murray Douglass,True,0.7027027027027027,0.0,预测答案虽然颠倒了两位妻子的顺序，但完整包含了标准答案中的关键信息，即弗雷德里克·道格拉斯先后与安娜·默里·道格拉斯和海伦·皮茨·道格拉斯结婚。语义上与标准答案完全等价，仅存在表述顺序的细微差异，这并不影响答案的正确性，因为问题未要求按时间顺序列出。因此，预测答案正确回答了问题。
What political party does the person that Adversary in the House is based on a member of?,Who is the book 'Adversary in the House' based on?,The book 'Adversary in the House' is based on the life of Eugene V. Debs and his wife Kate.,Eugene V. Debs and of his wife Kate,True,0.7333333333333334,0.0,预测答案“Eugene V. Debs and of his wife Kate”虽然措辞略有简化，但完整包含了标准答案中的关键信息，即该书基于尤金·V·德布斯及其妻子凯特的生活。语义上与标准答案完全等价，都准确指出了书籍的创作基础人物，没有遗漏或歪曲核心内容，符合允许措辞差异的判断标准。,Eugene V. Debs and of his wife Kate,True,0.7333333333333334,0.0,预测答案“Eugene V. Debs and of his wife Kate”虽然措辞略有简化，但完整包含了标准答案中的关键信息，即该书基于尤金·V·德布斯及其妻子凯特的生活。语义上与标准答案完全等价，都准确指出了书籍的创作基础人物，没有遗漏或歪曲核心内容，符合允许措辞差异的判断标准。
What political party does the person that Adversary in the House is based on a member of?,What political party did Eugene V. Debs belong to?,Eugene V. Debs belonged to the Socialist Party of America.,Socialist Party,True,0.15384615384615385,0.0,"预测答案""Socialist Party""虽然省略了标准答案中的""of America""这一地域限定词，但在历史和政治语境中，提及尤金·V·德布斯时，""Socialist Party""通常特指美国社会主义党，其语义与标准答案的核心信息完全一致。这种简称在非正式或概括性回答中是可接受的，且未改变政党归属的本质含义，因此预测答案正确回答了问题。",Socialist Party,True,0.15384615384615385,0.0,"预测答案""Socialist Party""虽然省略了标准答案中的""of America""这一地域限定词，但在历史和政治语境中，提及尤金·V·德布斯时，""Socialist Party""通常特指美国社会主义党，其语义与标准答案的核心信息完全一致。这种简称在非正式或概括性回答中是可接受的，且未改变政党归属的本质含义，因此预测答案正确回答了问题。"
What event caused the Liberal Party of Australia's longest-serving leader to become Prime Minister?,Who is the longest-serving leader of the Liberal Party of Australia?,Robert Menzies,Robert Menzies,True,1.0,1.0,预测答案“Robert Menzies”与标准答案完全一致，不仅包含了关键信息，而且在语义上完全等价。罗伯特·孟席斯作为澳大利亚自由党创始人，其任期从1949年至1966年，是公认的该党任职时间最长的领导人。预测答案直接点明了人物姓名，没有任何措辞偏差或额外信息，准确无误地回答了问题。,Robert Menzies,True,1.0,1.0,预测答案“Robert Menzies”与标准答案完全一致，不仅包含了关键信息，而且在语义上完全等价。罗伯特·孟席斯作为澳大利亚自由党创始人，其任期从1949年至1966年，是公认的该党任职时间最长的领导人。预测答案直接点明了人物姓名，没有任何措辞偏差或额外信息，准确无误地回答了问题。
What event caused the Liberal Party of Australia's longest-serving leader to become Prime Minister?,What specific political event or circumstance caused Robert Menzies to become Prime Minister of Australia?,"Robert Menzies became Prime Minister following the death of the incumbent Prime Minister, Joseph Lyons, in 1939.",Menzies became Prime Minister of Australia after Joseph Lyons' death in 1939.,True,0.8095238095238095,0.0,预测答案准确包含了标准答案的核心信息，即罗伯特·孟席斯是在约瑟夫·莱昂斯于1939年去世后成为澳大利亚总理的。虽然预测答案省略了“现任总理”这一细节，但关键事件（莱昂斯去世）和时间（1939年）均与标准答案一致，语义上完全等价，且措辞差异不影响整体意思的表达。因此，预测答案正确回答了问题。,Menzies became Prime Minister of Australia after Joseph Lyons' death in 1939.,True,0.8095238095238095,0.0,预测答案准确包含了标准答案的核心信息，即罗伯特·孟席斯是在约瑟夫·莱昂斯于1939年去世后成为澳大利亚总理的。虽然预测答案省略了“现任总理”这一细节，但关键事件（莱昂斯去世）和时间（1939年）均与标准答案一致，语义上完全等价，且措辞差异不影响整体意思的表达。因此，预测答案正确回答了问题。
Who founded the publisher of The Final Testament of the Holy Bible?,Who is the publisher of The Final Testament of the Holy Bible?,The Final Testament of the Holy Bible was published by Gagosian Gallery.,Gagosian Gallery,True,0.28571428571428575,0.0,预测答案“Gagosian Gallery”完整包含了标准答案中的关键信息，即该书的出版商。虽然预测答案省略了“The Final Testament of the Holy Bible was published by”这一表述，但其核心语义与标准答案完全等价，均明确指出出版商为Gagosian Gallery。这种措辞上的简化不影响信息准确性，符合允许细微差异的判断标准，因此正确回答了问题。,Gagosian Gallery,True,0.28571428571428575,0.0,预测答案“Gagosian Gallery”完整包含了标准答案中的关键信息，即该书的出版商。虽然预测答案省略了“The Final Testament of the Holy Bible was published by”这一表述，但其核心语义与标准答案完全等价，均明确指出出版商为Gagosian Gallery。这种措辞上的简化不影响信息准确性，符合允许细微差异的判断标准，因此正确回答了问题。
Who founded the publisher of The Final Testament of the Holy Bible?,Who founded the Gagosian Gallery?,The Gagosian Gallery was founded by Larry Gagosian.,Larry Gagosian,True,0.5333333333333333,0.0,预测答案“Larry Gagosian”直接提供了标准答案中的核心信息，即画廊的创始人姓名。虽然预测答案省略了“The Gagosian Gallery was founded by”这一表述，但它在语义上与标准答案完全等价，因为问题询问的是“谁创立了高古轩画廊”，而预测答案准确给出了创始人姓名。这种简洁回答在常见问答场景中是可接受的，只要关键信息无误且无歧义，即符合判断标准中的语义等价原则。,Larry Gagosian,True,0.5333333333333333,0.0,预测答案“Larry Gagosian”直接提供了标准答案中的核心信息，即画廊的创始人姓名。虽然预测答案省略了“The Gagosian Gallery was founded by”这一表述，但它在语义上与标准答案完全等价，因为问题询问的是“谁创立了高古轩画廊”，而预测答案准确给出了创始人姓名。这种简洁回答在常见问答场景中是可接受的，只要关键信息无误且无歧义，即符合判断标准中的语义等价原则。
The Nicole and Natalie album's band is named after who?,What is the name of the band that released the album 'Nicole and Natalie'?,Nina Sky,Nicole and Natalie is the second studio album by the New York City-based duo Nina Sky.,True,0.19999999999999998,0.0,预测答案明确指出了专辑《Nicole and Natalie》是由纽约市的双人组合Nina Sky发行的，这完全包含了标准答案“Nina Sky”的关键信息。尽管预测答案以更详细的句子形式呈现，但它在语义上与标准答案等价，都准确回答了乐队名称的问题。措辞上的差异（如补充专辑顺序和地点）并未改变核心事实，因此符合判断标准。,Nicole and Natalie is the second studio album by the New York City-based duo Nina Sky.,True,0.19999999999999998,0.0,预测答案明确指出了专辑《Nicole and Natalie》是由纽约市的双人组合Nina Sky发行的，这完全包含了标准答案“Nina Sky”的关键信息。尽管预测答案以更详细的句子形式呈现，但它在语义上与标准答案等价，都准确回答了乐队名称的问题。措辞上的差异（如补充专辑顺序和地点）并未改变核心事实，因此符合判断标准。
Of which river is the river Kichi Sipi Bridge crosses a tributary?,Which river does the Kichi Sipi Bridge cross?,The Kichi Sipi Bridge crosses the Nelson River.,Nelson River,True,0.2,0.0,预测答案“Nelson River”直接提供了标准答案中的核心信息，即桥梁跨越的河流名称。虽然预测答案省略了标准答案中的部分措辞（如“The”和“crosses the”），但它在语义上与标准答案完全等价，关键信息“Nelson River”被准确无误地保留。根据评估标准，这种措辞上的细微差异不影响意思的一致性，因此预测答案正确地回答了问题。,Nelson River,True,0.2,0.0,预测答案“Nelson River”直接提供了标准答案中的核心信息，即桥梁跨越的河流名称。虽然预测答案省略了标准答案中的部分措辞（如“The”和“crosses the”），但它在语义上与标准答案完全等价，关键信息“Nelson River”被准确无误地保留。根据评估标准，这种措辞上的细微差异不影响意思的一致性，因此预测答案正确地回答了问题。
Of which river is the river Kichi Sipi Bridge crosses a tributary?,Into which larger river does the Nelson River flow as a tributary?,"The Nelson River flows directly into Hudson Bay, not into a larger river as a tributary.",Hudson Bay,True,0.2222222222222222,0.0,预测答案“Hudson Bay”直接提供了标准答案中的核心信息，即纳尔逊河流入哈德逊湾。虽然预测答案省略了标准答案中“不是作为支流汇入更大河流”的补充说明，但问题询问的是纳尔逊河作为支流汇入哪条更大河流，而标准答案明确指出它并非汇入更大河流，而是直接流入哈德逊湾。因此，预测答案在语义上等价于标准答案的关键结论，准确回应了问题的实质，符合判断标准中的信息包含和语义等价要求。,Hudson Bay,True,0.2222222222222222,0.0,预测答案“Hudson Bay”直接提供了标准答案中的核心信息，即纳尔逊河流入哈德逊湾。虽然预测答案省略了标准答案中“不是作为支流汇入更大河流”的补充说明，但问题询问的是纳尔逊河作为支流汇入哪条更大河流，而标准答案明确指出它并非汇入更大河流，而是直接流入哈德逊湾。因此，预测答案在语义上等价于标准答案的关键结论，准确回应了问题的实质，符合判断标准中的信息包含和语义等价要求。
Who is the child of the actor who is a cast member of Love in Pawn?,Who are the cast members of Love in Pawn?,Bernard Braden and Barbara Kelly,"Bernard Braden, Barbara Kelly",True,0.9333333333333333,0.0,"预测答案“Bernard Braden, Barbara Kelly”完整包含了标准答案“Bernard Braden and Barbara Kelly”中的两位关键演员姓名，仅存在连接词“and”与逗号的细微格式差异，但语义完全等价。两者均准确指出了《Love in Pawn》的主要演员阵容，信息核心一致，符合评估标准中关于关键信息包含和语义等价的要求，因此可判定为正确回答。","Bernard Braden, Barbara Kelly",True,0.9333333333333333,0.0,"预测答案“Bernard Braden, Barbara Kelly”完整包含了标准答案“Bernard Braden and Barbara Kelly”中的两位关键演员姓名，仅存在连接词“and”与逗号的细微格式差异，但语义完全等价。两者均准确指出了《Love in Pawn》的主要演员阵容，信息核心一致，符合评估标准中关于关键信息包含和语义等价的要求，因此可判定为正确回答。"
Who is the child of the actor who is a cast member of Love in Pawn?,Which of the cast members of 'Love in Pawn' (Bernard Braden and Barbara Kelly) are actors?,Both Bernard Braden and Barbara Kelly are actors.,Bernard Braden and Barbara Kelly,True,0.8421052631578948,0.0,预测答案虽然省略了标准答案中的“Both...are actors”这一完整表述，但通过直接列出“Bernard Braden and Barbara Kelly”这一关键信息，已经隐含地确认了两人都是演员。在语义上，预测答案与标准答案的核心内容一致，即明确了问题所问的两位人物，且未引入任何矛盾或额外信息。根据判断标准，允许措辞上的细微差异，只要意思保持一致即可，因此预测答案正确回答了问题。,Bernard Braden and Barbara Kelly,True,0.8421052631578948,0.0,预测答案虽然省略了标准答案中的“Both...are actors”这一完整表述，但通过直接列出“Bernard Braden and Barbara Kelly”这一关键信息，已经隐含地确认了两人都是演员。在语义上，预测答案与标准答案的核心内容一致，即明确了问题所问的两位人物，且未引入任何矛盾或额外信息。根据判断标准，允许措辞上的细微差异，只要意思保持一致即可，因此预测答案正确回答了问题。
Who is the child of the actor who is a cast member of Love in Pawn?,Who is the child of Bernard Braden or Barbara Kelly?,Kim Braden is the daughter of Bernard Braden and Barbara Kelly.,Kim Braden,True,0.25,0.0,预测答案“Kim Braden”直接提供了标准答案中的核心信息，即Bernard Braden和Barbara Kelly的孩子是Kim Braden。虽然预测答案省略了“daughter”这一性别细节和完整的句子结构，但它在语义上完全等价于标准答案的关键内容，准确回答了问题所询问的具体人物身份。根据判断标准，允许措辞上的细微差异，只要意思保持一致即可，因此预测答案正确。,Kim Braden,True,0.25,0.0,预测答案“Kim Braden”直接提供了标准答案中的核心信息，即Bernard Braden和Barbara Kelly的孩子是Kim Braden。虽然预测答案省略了“daughter”这一性别细节和完整的句子结构，但它在语义上完全等价于标准答案的关键内容，准确回答了问题所询问的具体人物身份。根据判断标准，允许措辞上的细微差异，只要意思保持一致即可，因此预测答案正确。
Who is the spouse of the first nominated African American presidential candidate?,Who was the first nominated African American presidential candidate?,"Frederick Douglass was the first African American to be nominated as a presidential candidate, receiving one vote at the 1888 Republican National Convention.",Frederick Douglass,True,0.2666666666666667,0.0,预测答案“Frederick Douglass”直接提供了标准答案中的核心人物信息，即第一位被提名的非裔美国总统候选人。虽然预测答案省略了具体提名细节（如1888年共和党全国代表大会的一票提名），但问题仅询问“是谁”，预测答案准确给出了关键人物姓名，语义上与标准答案的主体部分完全一致，符合“包含关键信息”和“语义等价”的判断标准。,Frederick Douglass,True,0.2666666666666667,0.0,预测答案“Frederick Douglass”直接提供了标准答案中的核心人物信息，即第一位被提名的非裔美国总统候选人。虽然预测答案省略了具体提名细节（如1888年共和党全国代表大会的一票提名），但问题仅询问“是谁”，预测答案准确给出了关键人物姓名，语义上与标准答案的主体部分完全一致，符合“包含关键信息”和“语义等价”的判断标准。
Who is the spouse of the first nominated African American presidential candidate?,Who was the spouse of Frederick Douglass?,"Frederick Douglass had two spouses: his first wife was Anna Murray Douglass, and his second wife was Helen Pitts Douglass.",Helen Pitts Douglass and Anna Murray Douglass,True,0.6190476190476191,0.0,预测答案“Helen Pitts Douglass and Anna Murray Douglass”完整包含了标准答案中提到的弗雷德里克·道格拉斯的两位配偶，即第一任妻子安娜·默里·道格拉斯和第二任妻子海伦·皮茨·道格拉斯。尽管预测答案未明确区分配偶顺序，也未使用“first wife”和“second wife”等措辞，但语义上与标准答案完全等价，关键信息无遗漏。根据判断标准，允许措辞上的细微差异，因此预测答案正确回答了问题。,Helen Pitts Douglass and Anna Murray Douglass,True,0.6190476190476191,0.0,预测答案“Helen Pitts Douglass and Anna Murray Douglass”完整包含了标准答案中提到的弗雷德里克·道格拉斯的两位配偶，即第一任妻子安娜·默里·道格拉斯和第二任妻子海伦·皮茨·道格拉斯。尽管预测答案未明确区分配偶顺序，也未使用“first wife”和“second wife”等措辞，但语义上与标准答案完全等价，关键信息无遗漏。根据判断标准，允许措辞上的细微差异，因此预测答案正确回答了问题。
What event caused the founder of Australia's liberal party to become Prime Minister?,Who founded the Liberal Party of Australia?,Robert Menzies founded the Liberal Party of Australia.,Robert Menzies,True,0.6153846153846153,0.0,预测答案“Robert Menzies”直接提供了标准答案中的核心信息，即自由党的创立者姓名。虽然预测答案省略了“founded the Liberal Party of Australia”这一完整表述，但问题明确询问“谁创立了澳大利亚自由党”，预测答案通过给出人名已完整回应了问题的关键点。在语义上，这与标准答案完全等价，因为两者都确认了罗伯特·孟席斯是创立者，且措辞差异不影响事实准确性。因此，预测答案正确回答了问题。,Robert Menzies,True,0.6153846153846153,0.0,预测答案“Robert Menzies”直接提供了标准答案中的核心信息，即自由党的创立者姓名。虽然预测答案省略了“founded the Liberal Party of Australia”这一完整表述，但问题明确询问“谁创立了澳大利亚自由党”，预测答案通过给出人名已完整回应了问题的关键点。在语义上，这与标准答案完全等价，因为两者都确认了罗伯特·孟席斯是创立者，且措辞差异不影响事实准确性。因此，预测答案正确回答了问题。
What event caused the founder of Australia's liberal party to become Prime Minister?,When did Robert Menzies serve as Prime Minister of Australia?,"Robert Menzies served as Prime Minister of Australia from 1939 to 1941 and again from 1949 to 1966 (his tenure ended before the 1972 election, making him the longest-serving PM).",1939 to 1941,False,0.29508196721311475,0.0,预测答案仅提供了罗伯特·孟席斯担任澳大利亚总理的第一个任期（1939年至1941年），但遗漏了他第二次任期（1949年至1966年）的关键信息。标准答案明确指出他两次担任总理，且第二次任期使其成为澳大利亚任期最长的总理。预测答案虽然部分正确，但未能完整覆盖问题的全部要求，因此在语义上与标准答案不等价，属于不完整的回答。,1939 to 1941,False,0.29508196721311475,0.0,预测答案仅提供了罗伯特·孟席斯担任澳大利亚总理的第一个任期（1939年至1941年），但遗漏了他第二次任期（1949年至1966年）的关键信息。标准答案明确指出他两次担任总理，且第二次任期使其成为澳大利亚任期最长的总理。预测答案虽然部分正确，但未能完整覆盖问题的全部要求，因此在语义上与标准答案不等价，属于不完整的回答。
What event caused the founder of Australia's liberal party to become Prime Minister?,What specific political event or circumstance led to Robert Menzies first becoming Prime Minister of Australia in 1939?,"Robert Menzies first became Prime Minister of Australia in 1939 following the death of the previous Prime Minister, Joseph Lyons.",Lyons' death in 1939 saw Robert Menzies assume the Prime Ministership on the eve of war.,True,0.5531914893617021,0.0,"预测答案明确指出“Lyons' death in 1939 saw Robert Menzies assume the Prime Ministership”，这与标准答案中“following the death of the previous Prime Minister, Joseph Lyons”在语义上完全等价。两者都强调了约瑟夫·莱昂斯去世这一具体政治事件是导致罗伯特·孟席斯于1939年首次成为澳大利亚总理的直接原因，且预测答案补充了“on the eve of war”这一背景信息，但未影响核心事实的准确性。因此，预测答案正确涵盖了关键信息，符合判断标准。","The stance of Lyons and other Labor rebels against the more radical proposals of the Labor movement to deal the Great Depression had attracted the support of prominent Australian conservatives. With Australia still suffering the effects of the Great Depression, the newly formed party won a landslide victory at the 1931 Election, and the Lyons Government went on to win three consecutive elections. Lyons' death in 1939 saw Robert Menzies assume the Prime Ministership on the eve of war.",True,0.30188679245283023,0.0,"预测答案明确指出“Lyons' death in 1939 saw Robert Menzies assume the Prime Ministership”，这与标准答案中“following the death of the previous Prime Minister, Joseph Lyons”的关键信息完全一致，语义上等价。尽管预测答案补充了更多背景信息（如大萧条和选举细节），但这些内容并未偏离核心事实，反而在上下文中强化了导致梅恩兹上任的具体事件，因此符合判断标准。"
What is the river that the Kettle Generating Station is located on a tributary of?,On which river is the Kettle Generating Station located?,The Kettle Generating Station is located on the Lower Nelson River.,Lower Nelson River,True,0.4615384615384615,0.0,预测答案“Lower Nelson River”完整包含了标准答案中的关键地理信息“Lower Nelson River”，两者在语义上完全等价。标准答案虽然以完整句子形式呈现，但预测答案直接提取了核心地点，没有遗漏或曲解任何必要内容。根据判断标准，允许措辞上的差异，只要意思一致即可，因此预测答案正确回答了问题。,Lower Nelson River,True,0.4615384615384615,0.0,预测答案“Lower Nelson River”完整包含了标准答案中的关键地理信息“Lower Nelson River”，两者在语义上完全等价。标准答案虽然以完整句子形式呈现，但预测答案直接提取了核心地点，没有遗漏或曲解任何必要内容。根据判断标准，允许措辞上的差异，只要意思一致即可，因此预测答案正确回答了问题。
What is the river that the Kettle Generating Station is located on a tributary of?,"Is the Lower Nelson River a tributary of a larger river system, and if so, which main river does it flow into?","Yes, the Lower Nelson River is part of the Nelson River system, and it flows into Hudson Bay.","The Lower Nelson River flows into the Hudson Bay, as it is part of the Nelson River system that ultimately empties into Hudson Bay.",True,0.7441860465116279,0.0,"确认了Lower Nelson River是Nelson River系统的一部分，并正确指出其最终流入Hudson Bay。虽然措辞略有不同（如使用""empties into""而非""flows into""），但语义完全等价，且没有添加任何可能引起误解的额外信息。预测答案以更详细的表述方式，准确回应了问题中的两个核心要点，因此可以判定为正确回答了问题。","The Lower Nelson River flows into the Hudson Bay, as it is a part of the Nelson River system that flows from Lake Winnipeg to Hudson Bay.",True,0.6956521739130435,0.0,它确认了Lower Nelson River是Nelson River系统的一部分，并明确指出其最终流入Hudson Bay。虽然措辞略有不同（例如补充了“从Lake Winnipeg流出”这一背景细节），但核心语义与标准答案完全一致，即肯定其为支流并指明汇入主体，符合语义等价的要求。
Who was the spouse of a leading speaker against slavery and publisher of an antislavery newspaper?,Who was a leading speaker against slavery and publisher of an antislavery newspaper?,Frederick Douglass,Frederick Douglass,True,1.0,1.0,预测答案“Frederick Douglass”完全符合标准答案，不仅包含了关键信息，而且在语义上完全等价。弗雷德里克·道格拉斯确实是19世纪美国著名的废奴主义演说家和报纸出版人，他创办的《北极星报》是重要的反奴隶制刊物。预测答案与标准答案措辞一致，没有任何歧义或差异，因此正确回答了问题。,Frederick Douglass,True,1.0,1.0,预测答案“Frederick Douglass”完全符合标准答案，不仅包含了关键信息，而且在语义上完全等价。弗雷德里克·道格拉斯确实是19世纪美国著名的废奴主义演说家和报纸出版人，他创办的《北极星报》是重要的反奴隶制刊物。预测答案与标准答案措辞一致，没有任何歧义或差异，因此正确回答了问题。
Who was the spouse of a leading speaker against slavery and publisher of an antislavery newspaper?,Who was Frederick Douglass's spouse?,"Frederick Douglass had two spouses: his first wife was Anna Murray Douglass, and his second wife was Helen Pitts Douglass.",Helen Pitts Douglass and Anna Murray Douglass,True,0.6190476190476191,0.0,预测答案虽然顺序与标准答案不同，但完整包含了弗雷德里克·道格拉斯的两位配偶姓名——海伦·皮茨·道格拉斯和安娜·默里·道格拉斯，这与标准答案中提到的第一任妻子和第二任妻子的信息完全一致。尽管预测答案未明确区分婚姻顺序，但问题仅询问配偶身份而非时间顺序，因此预测答案在语义上已正确回答了核心问题，符合关键信息完整且意思一致的标准。,Helen Pitts and Anna Murray,True,0.4736842105263158,0.0,第一任安娜·默里·道格拉斯和第二任海伦·皮茨·道格拉斯。尽管预测答案省略了姓氏细节和婚姻顺序，但核心内容与标准答案在语义上完全等价，且关键信息无缺失，符合允许措辞差异的判断标准。
Where is Ulrich Walter's employer headquartered?,Who is Ulrich Walter's employer?,Ulrich Walter's employers were the German astronaut team and the German Aerospace Center (DLR).,German Aerospace Center,True,0.2222222222222222,0.0,预测答案“German Aerospace Center”是标准答案中明确列出的雇主之一，即德国航空航天中心（DLR）。虽然标准答案还提到了德国宇航员团队，但预测答案准确捕捉了关键信息，且在语义上与标准答案的核心部分等价。允许措辞差异下，预测答案正确回答了问题，因为它提供了Ulrich Walter的主要雇主之一，没有包含错误或矛盾信息。,German Aerospace Center,True,0.2222222222222222,0.0,预测答案“German Aerospace Center”是标准答案中明确列出的雇主之一，即德国航空航天中心（DLR）。虽然标准答案还提到了德国宇航员团队，但预测答案准确捕捉了关键信息，且在语义上与标准答案的核心部分等价。允许措辞差异下，预测答案正确回答了问题，因为它提供了Ulrich Walter的主要雇主之一，没有包含错误或矛盾信息。
Who is the city where Lesnoye Sanatorium is located named after?,Where is Lesnoye Sanatorium located?,"Lesnoye Sanatorium is located in the city of Tolyatti, Russia.","Tolyatti, Russia",True,0.3333333333333333,0.0,"预测答案“Tolyatti, Russia”完整包含了标准答案中的关键信息——城市名“Tolyatti”和国家“Russia”，尽管省略了“Lesnoye Sanatorium is located in the city of”这一表述，但语义上与标准答案完全等价。预测答案以简洁的方式直接提供了问题的核心地理信息，符合允许措辞差异但意思一致的标准，因此正确回答了问题。","Tolyatti, Russia",True,0.3333333333333333,0.0,"预测答案“Tolyatti, Russia”完整包含了标准答案中的关键信息——城市名“Tolyatti”和国家“Russia”，尽管省略了“Lesnoye Sanatorium is located in the city of”这一表述，但语义上与标准答案完全等价。预测答案以简洁的方式直接提供了问题的核心地理信息，符合允许措辞差异但意思一致的标准，因此正确回答了问题。"
Who is the city where Lesnoye Sanatorium is located named after?,Who is the city of Tolyatti named after?,"The city of Tolyatti is named after Palmiro Togliatti, the longest-serving secretary of the Italian Communist Party.",Palmiro Togliatti,True,0.32000000000000006,0.0,预测答案“Palmiro Togliatti”直接提供了标准答案中的核心信息，即城市以帕尔米罗·陶里亚蒂命名。虽然预测答案省略了标准答案中关于其身份的补充描述（意大利共产党长期书记），但这并不影响其正确回答问题的本质，因为问题仅询问命名对象，预测答案在语义上与标准答案的关键部分完全等价，且措辞差异不影响意思的一致性。,Palmiro Togliatti,True,0.32000000000000006,0.0,预测答案“Palmiro Togliatti”直接提供了标准答案中的核心信息，即城市以帕尔米罗·陶里亚蒂命名。虽然预测答案省略了标准答案中关于其身份的补充描述（意大利共产党长期书记），但这并不影响其正确回答问题的本质，因为问题仅询问命名对象，预测答案在语义上与标准答案的关键部分完全等价，且措辞差异不影响意思的一致性。
Whom is the birth place of Ravil Aryapov named after?,Who is Ravil Aryapov and where was he born?,"Ravil Aryapov is a Russian professional football coach and former player. He was born in Stavropol, which is now the city of Tolyatti.","Ravil Velimukhamedovich Aryapov is a Russian professional football coach and former player. He was born in Stavropol, Russia.",True,0.7037037037037037,0.0,"预测答案准确提供了Ravil Aryapov的身份信息（俄罗斯职业足球教练和前球员），并正确指出了他的出生地Stavropol。虽然标准答案补充了Stavropol现在更名为Tolyatti，但预测答案中“Stavropol, Russia”在语义上与标准答案的核心信息完全一致，且没有出现事实性错误。根据评估标准，允许措辞上的细微差异，因此预测答案正确回答了问题。","Ravil Velimukhamedovich Aryapov is a Russian professional football coach and former player. He was born in Stavropol, Russia.",True,0.7037037037037037,0.0,"预测答案准确提供了Ravil Aryapov的身份信息（俄罗斯职业足球教练和前球员），并正确指出了他的出生地Stavropol。虽然标准答案补充了Stavropol现在更名为Tolyatti，但预测答案中“Stavropol, Russia”在语义上与标准答案的核心信息完全一致，且没有出现事实性错误。根据评估标准，允许措辞上的细微差异，因此预测答案正确回答了问题。"
Whom is the birth place of Ravil Aryapov named after?,Whom is the city of Tolyatti named after?,"The city of Tolyatti is named after Palmiro Togliatti, the longest-serving secretary of the Italian Communist Party.",Palmiro Togliatti,True,0.32000000000000006,0.0,预测答案“Palmiro Togliatti”直接提供了标准答案中的核心信息，即城市命名的对象。虽然预测答案省略了标准答案中关于其身份的补充描述（意大利共产党长期书记），但问题仅询问命名对象，预测答案已准确给出人名，语义上与标准答案的关键部分完全一致，符合措辞差异允许的原则。因此，预测答案正确回答了问题。,Palmiro Togliatti,True,0.32000000000000006,0.0,预测答案“Palmiro Togliatti”直接提供了标准答案中的核心信息，即城市命名的对象。虽然预测答案省略了标准答案中关于其身份的补充描述（意大利共产党长期书记），但问题仅询问命名对象，预测答案已准确给出人名，语义上与标准答案的关键部分完全一致，符合措辞差异允许的原则。因此，预测答案正确回答了问题。
Who is the city that AvtoVAZ's headquarters is located in named after?,In which city is AvtoVAZ's headquarters located?,Tolyatti,Tolyatti,True,1.0,1.0,预测答案“Tolyatti”与标准答案完全一致，不仅包含了关键信息，而且在语义上完全等价，没有任何措辞差异。该答案直接、准确地指出了AvtoVAZ总部所在的城市，符合所有判断标准，因此正确回答了问题。,Tolyatti,True,1.0,1.0,预测答案“Tolyatti”与标准答案完全一致，不仅包含了关键信息，而且在语义上完全等价，没有任何措辞差异。该答案直接、准确地指出了AvtoVAZ总部所在的城市，符合所有判断标准，因此正确回答了问题。
Who is the city that AvtoVAZ's headquarters is located in named after?,Who is the city of Tolyatti named after?,"The city of Tolyatti is named after Palmiro Togliatti, the longest-serving secretary of the Italian Communist Party.",Palmiro Togliatti,True,0.32000000000000006,0.0,预测答案“Palmiro Togliatti”直接提供了标准答案中的核心信息，即城市以帕尔米罗·陶里亚蒂命名。虽然预测答案省略了标准答案中关于其身份的补充描述（意大利共产党长期书记），但这并不影响其正确回答问题的本质，因为问题仅询问命名对象，预测答案在语义上与标准答案的关键部分完全等价，且措辞差异不影响意思的一致性。,Palmiro Togliatti,True,0.32000000000000006,0.0,预测答案“Palmiro Togliatti”直接提供了标准答案中的核心信息，即城市以帕尔米罗·陶里亚蒂命名。虽然预测答案省略了标准答案中关于其身份的补充描述（意大利共产党长期书记），但这并不影响其正确回答问题的本质，因为问题仅询问命名对象，预测答案在语义上与标准答案的关键部分完全等价，且措辞差异不影响意思的一致性。
Where was the founder of the National Women's Party born?,Who is the founder of the National Women's Party?,Alice Paul,Alice Paul,True,1.0,1.0,预测答案“Alice Paul”与标准答案完全一致，不仅包含了关键信息，而且在语义上完全等价。该答案准确无误地指出了国家妇女党的创始人，没有任何措辞差异或信息缺失，直接且明确地回答了问题，符合所有判断标准。,Alice Paul,True,1.0,1.0,预测答案“Alice Paul”与标准答案完全一致，不仅包含了关键信息，而且在语义上完全等价。该答案准确无误地指出了国家妇女党的创始人，没有任何措辞差异或信息缺失，直接且明确地回答了问题，符合所有判断标准。
Where was the founder of the National Women's Party born?,Where was Alice Paul born?,"Mount Laurel Township, New Jersey.","Paulsdale, in Mount Laurel Township, New Jersey",True,0.7142857142857143,0.0,"预测答案“Paulsdale, in Mount Laurel Township, New Jersey”完全包含了标准答案“Mount Laurel Township, New Jersey”的关键信息，并在语义上等价。虽然预测答案添加了更具体的细节“Paulsdale”，但这并未改变标准答案的核心内容，反而提供了更精确的位置描述，两者在意思上保持一致，符合允许措辞细微差异的判断标准。","Paulsdale, in Mount Laurel Township, New Jersey",True,0.7142857142857143,0.0,"预测答案“Paulsdale, in Mount Laurel Township, New Jersey”完全包含了标准答案“Mount Laurel Township, New Jersey”的关键信息，并在语义上等价。虽然预测答案添加了更具体的细节“Paulsdale”，但这并未改变标准答案的核心内容，反而提供了更精确的位置描述，两者在意思上保持一致，符合允许措辞细微差异的判断标准。"
What administrative territorial entity is the owner of Ciudad Deportiva located?,Where is Ciudad Deportiva located?,"Ciudad Deportiva is located in Nuevo Laredo, Mexico.","Ciudad Deportiva is located in Nuevo Laredo, Mexico.",True,1.0,1.0,预测答案与标准答案完全一致，明确指出Ciudad Deportiva位于墨西哥的Nuevo Laredo，不仅包含了标准答案的所有关键信息，而且在语义上完全等价，措辞上没有任何差异，因此完全正确地回答了问题。,"Ciudad Deportiva is located in Nuevo Laredo, Mexico.",True,1.0,1.0,预测答案与标准答案完全一致，明确指出Ciudad Deportiva位于墨西哥的Nuevo Laredo，不仅包含了标准答案的所有关键信息，而且在语义上完全等价，措辞上没有任何差异，因此完全正确地回答了问题。
What administrative territorial entity is the owner of Ciudad Deportiva located?,"What administrative territorial entity owns the Ciudad Deportiva sports complex in Nuevo Laredo, Mexico?",The Ciudad Deportiva sports complex is owned by the Nuevo Laredo Municipality.,The Municipality of Nuevo Laredo,True,0.4,0.0,预测答案“The Municipality of Nuevo Laredo”与标准答案“the Nuevo Laredo Municipality”在语义上完全等价，两者都指代同一个行政实体，即墨西哥新拉雷多的市政当局。尽管措辞略有差异（如定冠词和词序），但核心信息“Nuevo Laredo Municipality”被准确包含，且都明确表达了体育综合体由该地方政府所有，符合问题要求的关键信息。因此，预测答案正确回答了问题。,The Municipality of Nuevo Laredo,True,0.4,0.0,预测答案“The Municipality of Nuevo Laredo”与标准答案“the Nuevo Laredo Municipality”在语义上完全等价，两者都指代同一个行政实体，即墨西哥新拉雷多的市政当局。尽管措辞略有差异（如定冠词和词序），但核心信息“Nuevo Laredo Municipality”被准确包含，且都明确表达了体育综合体由该地方政府所有，符合问题要求的关键信息。因此，预测答案正确回答了问题。
Who founded the company that distributed the film UHF?,Which company distributed the film UHF?,Orion Pictures,Orion Pictures,True,1.0,1.0,预测答案“Orion Pictures”与标准答案完全一致，不仅包含了关键信息，而且在语义上完全等价，没有任何措辞差异。该答案准确指出了电影《UHF》的发行公司，直接回答了问题，符合所有判断标准，包括信息完整性、语义一致性和允许的细微措辞变化。因此，预测答案正确无误地回应了问题。,Orion Pictures,True,1.0,1.0,预测答案“Orion Pictures”与标准答案完全一致，不仅包含了关键信息，而且在语义上完全等价，没有任何措辞差异。该答案准确指出了电影《UHF》的发行公司，直接回答了问题，符合所有判断标准，包括信息完整性、语义一致性和允许的细微措辞变化。因此，预测答案正确无误地回应了问题。
Who founded the company that distributed the film UHF?,Who founded Orion Pictures?,Morris Mike Medavoy was a co-founder of Orion Pictures.,Morris Mike Medavoy,True,0.5882352941176471,0.0,预测答案“Morris Mike Medavoy”直接提供了标准答案中的核心信息，即Orion Pictures的创始人姓名。虽然预测答案省略了“was a co-founder of Orion Pictures”这一完整表述，但它准确抓住了关键实体，在语义上与标准答案等价，因为问题仅询问“谁创立了Orion Pictures”，预测答案给出了正确的人名，符合允许措辞差异但意思一致的标准。,Morris Mike Medavoy,True,0.5882352941176471,0.0,预测答案“Morris Mike Medavoy”直接提供了标准答案中的核心信息，即Orion Pictures的创始人姓名。虽然预测答案省略了“was a co-founder of Orion Pictures”这一完整表述，但它准确抓住了关键实体，在语义上与标准答案等价，因为问题仅询问“谁创立了Orion Pictures”，预测答案给出了正确的人名，符合允许措辞差异但意思一致的标准。
What is the place of birth of the person who submitted the first version of the equal rights amendment to congress in 1923?,Who submitted the first version of the Equal Rights Amendment to Congress in 1923?,"Alice Paul, the head of the National Women's Party, revised the proposed Equal Rights Amendment in 1923.",Alice Paul,True,0.1111111111111111,0.0,"预测答案""Alice Paul""完全包含了标准答案中的核心关键信息，即提交《平等权利修正案》第一版的具体人物。虽然预测答案省略了标准答案中关于其身份（全国妇女党领袖）和具体行为（修订提案）的补充信息，但问题明确询问的是""谁提交""，预测答案直接给出了正确的人物姓名，在语义上与标准答案的主体部分完全等价，准确回答了问题的核心。这种简洁回答在评估中被认为是可接受的，因为它抓住了问题最关键的答案要素。",Alice Paul,True,0.1111111111111111,0.0,"预测答案""Alice Paul""完全包含了标准答案中的核心关键信息，即提交《平等权利修正案》第一版的具体人物。虽然预测答案省略了标准答案中关于其身份（全国妇女党领袖）和具体行为（修订提案）的补充信息，但问题明确询问的是""谁提交""，预测答案直接给出了正确的人物姓名，在语义上与标准答案的主体部分完全等价，准确回答了问题的核心。这种简洁回答在评估中被认为是可接受的，因为它抓住了问题最关键的答案要素。"
What is the place of birth of the person who submitted the first version of the equal rights amendment to congress in 1923?,What is the place of birth of Alice Paul?,"Paulsdale, Mount Laurel Township, New Jersey","Paulsdale, in Mount Laurel Township, New Jersey",True,0.9411764705882353,0.0,"预测答案“Paulsdale, in Mount Laurel Township, New Jersey”与标准答案“Paulsdale, Mount Laurel Township, New Jersey”在语义上完全等价，都准确指出了Alice Paul的出生地为新泽西州劳雷尔山镇（Mount Laurel Township）的Paulsdale。预测答案仅添加了介词“in”，这属于措辞上的细微差异，并未改变核心地理信息或含义，因此完全符合判断标准，正确回答了问题。","Paulsdale, in Mount Laurel Township, New Jersey",True,0.9411764705882353,0.0,"预测答案“Paulsdale, in Mount Laurel Township, New Jersey”与标准答案“Paulsdale, Mount Laurel Township, New Jersey”在语义上完全等价，都准确指出了Alice Paul的出生地为新泽西州劳雷尔山镇（Mount Laurel Township）的Paulsdale。预测答案仅添加了介词“in”，这属于措辞上的细微差异，并未改变核心地理信息或含义，因此完全符合判断标准，正确回答了问题。"
"Since 2004, what is the location of the body to which, if a matter is not specifically reserved, it is devolved?",What is the location of the devolved body responsible for non-reserved matters since 2004?,"The devolved body is the Scottish Parliament, located in the Holyrood area of Edinburgh since September 2004.",Holyrood area of Edinburgh,True,0.4,0.0,预测答案“Holyrood area of Edinburgh”直接包含了标准答案中关于位置的核心信息，即爱丁堡的荷里路德地区，这准确对应了自2004年9月以来负责非保留事务的权力下放机构所在地。虽然预测答案未明确提及“苏格兰议会”这一机构名称，但问题主要询问的是“位置”，而预测答案完整且精确地提供了这一地理信息，在语义上与标准答案的关键部分等价，符合允许措辞差异的判断标准。,Holyrood area of Edinburgh,True,0.4,0.0,预测答案“Holyrood area of Edinburgh”直接包含了标准答案中关于位置的核心信息，即爱丁堡的荷里路德地区，这准确对应了自2004年9月以来负责非保留事务的权力下放机构所在地。虽然预测答案未明确提及“苏格兰议会”这一机构名称，但问题主要询问的是“位置”，而预测答案完整且精确地提供了这一地理信息，在语义上与标准答案的关键部分等价，符合允许措辞差异的判断标准。
When did the person who first brought a postal service into Umayyad lands become caliph?,Who first introduced the postal service in the Umayyad Caliphate?,Mu'awiyah introduced the postal service in the Umayyad Caliphate.,"Mu'awiyah introduced postal service, and Abd al-Malik extended it throughout his empire.",True,0.3870967741935484,0.0,预测答案明确包含了标准答案的关键信息，即穆阿维叶（Mu'awiyah）引入了邮政服务，这与标准答案的核心内容完全一致。虽然预测答案额外提到了阿卜杜勒·马利克（Abd al-Malik）扩展了邮政服务，但这并未否定或偏离标准答案的准确性，反而提供了更丰富的背景信息。在语义上，两者都确认了穆阿维叶作为邮政服务的首创者，符合措辞差异允许的原则，因此预测答案正确回答了问题。,"Mu'awiyah introduced postal service, and Abd al-Malik extended it throughout his empire.",True,0.3870967741935484,0.0,预测答案明确包含了标准答案的关键信息，即穆阿维叶（Mu'awiyah）引入了邮政服务，这与标准答案的核心内容完全一致。虽然预测答案额外提到了阿卜杜勒·马利克（Abd al-Malik）扩展了邮政服务，但这并未否定或偏离标准答案的准确性，反而提供了更丰富的背景信息。在语义上，两者都确认了穆阿维叶作为邮政服务的首创者，符合措辞差异允许的原则，因此预测答案正确回答了问题。
When did the person who first brought a postal service into Umayyad lands become caliph?,When did Mu'awiyah become caliph of the Umayyad Caliphate?,Mu'awiyah became caliph in 661 CE.,661,True,0.2857142857142857,0.0,预测答案“661”直接对应标准答案“661 CE”中的核心年份信息，两者在语义上完全等价。尽管预测答案省略了“CE”这一纪年标识，但在历史语境中，单独的数字年份通常被默认为公元纪年，因此不会引起歧义或误解。预测答案准确抓住了标准答案的关键时间点，简洁且完整地回答了问题，符合判断标准中关于语义等价和允许措辞细微差异的要求。,661,True,0.2857142857142857,0.0,预测答案“661”直接对应标准答案“661 CE”中的核心年份信息，两者在语义上完全等价。尽管预测答案省略了“CE”这一纪年标识，但在历史语境中，单独的数字年份通常被默认为公元纪年，因此不会引起歧义或误解。预测答案准确抓住了标准答案的关键时间点，简洁且完整地回答了问题，符合判断标准中关于语义等价和允许措辞细微差异的要求。
This is an instance of who was named commander in chief of texas forces by the new national government of texas National Forest?,Who was named commander in chief of Texas forces by the new national government of Texas?,Sam Houston was named commander in chief of the Texas forces by the new national government of Texas.,Sam Houston,True,0.2222222222222222,0.0,预测答案“Sam Houston”完整包含了标准答案中的核心关键信息，即被任命为得克萨斯军队总司令的人物姓名。尽管预测答案省略了标准答案中的部分背景描述（如“by the new national government of Texas”），但问题本身已明确询问“被得克萨斯新国民政府任命为总司令的是谁”，因此仅回答姓名已直接对应问题的核心诉求，在语义上与标准答案完全等价，且未产生任何歧义或信息错误。,Sam Houston,True,0.2222222222222222,0.0,预测答案“Sam Houston”完整包含了标准答案中的核心关键信息，即被任命为得克萨斯军队总司令的人物姓名。尽管预测答案省略了标准答案中的部分背景描述（如“by the new national government of Texas”），但问题本身已明确询问“被得克萨斯新国民政府任命为总司令的是谁”，因此仅回答姓名已直接对应问题的核心诉求，在语义上与标准答案完全等价，且未产生任何歧义或信息错误。
What university did the author of The Secret World of Og go to?,Who is the author of The Secret World of Og?,Pierre Berton,Pierre Berton,True,1.0,1.0,预测答案“Pierre Berton”与标准答案完全一致，不仅包含了关键信息，而且在语义上完全等价，没有任何措辞差异。该答案准确指出了《The Secret World of Og》的作者，直接回答了问题，符合所有判断标准。,Pierre Berton,True,1.0,1.0,预测答案“Pierre Berton”与标准答案完全一致，不仅包含了关键信息，而且在语义上完全等价，没有任何措辞差异。该答案准确指出了《The Secret World of Og》的作者，直接回答了问题，符合所有判断标准。
What university did the author of The Secret World of Og go to?,Which university did Pierre Berton attend?,Pierre Berton attended the University of British Columbia.,University of British Columbia,True,0.5714285714285714,0.0,预测答案“University of British Columbia”完整包含了标准答案中的关键信息，即皮埃尔·伯顿就读的大学名称。虽然预测答案省略了“attended”等动词，但在语义上与标准答案“Pierre Berton attended the University of British Columbia”完全等价，都明确指出了同一所大学。这种措辞上的简化不影响核心事实的准确性，符合允许细微差异的判断标准，因此可以认定为正确回答了问题。,University of British Columbia,True,0.5714285714285714,0.0,预测答案“University of British Columbia”完整包含了标准答案中的关键信息，即皮埃尔·伯顿就读的大学名称。虽然预测答案省略了“attended”等动词，但在语义上与标准答案“Pierre Berton attended the University of British Columbia”完全等价，都明确指出了同一所大学。这种措辞上的简化不影响核心事实的准确性，符合允许细微差异的判断标准，因此可以认定为正确回答了问题。
Who is the child of Caroline LeRoy's spouse?,Who is Caroline LeRoy's spouse?,Daniel Webster,Daniel Webster,True,1.0,1.0,预测答案“Daniel Webster”与标准答案完全一致，直接且准确地提供了Caroline LeRoy配偶的姓名。该答案不仅包含了关键信息，而且在语义上与标准答案等价，没有任何措辞上的差异或歧义，完全符合问题要求，因此正确回答了问题。,Daniel Webster,True,1.0,1.0,预测答案“Daniel Webster”与标准答案完全一致，直接且准确地提供了Caroline LeRoy配偶的姓名。该答案不仅包含了关键信息，而且在语义上与标准答案等价，没有任何措辞上的差异或歧义，完全符合问题要求，因此正确回答了问题。
Who is the child of Caroline LeRoy's spouse?,Who is Daniel Webster's child?,Daniel Webster's child is Daniel Fletcher Webster.,Fletcher Webster and Caroline LeRoy Webster,False,0.380952380952381,0.0,预测答案列出了两个名字（Fletcher Webster 和 Caroline LeRoy Webster），而标准答案仅指定了 Daniel Fletcher Webster。虽然 Fletcher Webster 是 Daniel Fletcher Webster 的简称，但预测答案额外包含了 Caroline LeRoy Webster，这引入了标准答案中未提及的信息，导致答案不精确且语义上不等价。关键信息的一致性要求预测答案不能添加或遗漏核心内容，因此预测答案未能正确回答问题。,Fletcher Webster,True,0.42857142857142855,0.0,预测答案“Fletcher Webster”与标准答案“Daniel Fletcher Webster”在语义上完全等价，因为“Fletcher Webster”是“Daniel Fletcher Webster”的常用简称或昵称形式，它准确包含了标准答案中的关键信息——即Daniel Webster的孩子的名字。虽然措辞上省略了“Daniel”，但“Fletcher Webster”在历史语境中通常特指同一个人，意思保持一致，因此正确回答了问题。
Where was the person featured on the Chester Arthur coin born?,Who is featured on the Chester Arthur coin?,The coin for Chester A. Arthur features suffragette Alice Paul.,"Four different portraits of the Queen have been used, with the latest design by Jody Clark being introduced in 2015.",False,0,0.0,预测答案完全偏离了问题核心，问题询问的是切斯特·阿瑟硬币上的人物特征，标准答案明确指出该硬币上的人物是女权运动者爱丽丝·保罗。然而，预测答案却描述了英国女王肖像在硬币上的使用情况及其设计者信息，这与切斯特·阿瑟硬币毫无关联，既未包含关键信息，也未在语义上形成任何等价关系，属于答非所问。,"Four different portraits of the Queen have been used, with the latest design by Jody Clark being introduced in 2015.",False,0,0.0,预测答案完全偏离了问题核心，问题询问的是切斯特·阿瑟硬币上的人物特征，标准答案明确指出该硬币上的人物是女权运动者爱丽丝·保罗。然而，预测答案却描述了英国女王肖像在硬币上的使用情况及其设计者信息，这与切斯特·阿瑟硬币毫无关联，既未包含关键信息，也未在语义上形成任何等价关系，属于答非所问。
Where was the person featured on the Chester Arthur coin born?,Where was suffragette Alice Paul born?,"Alice Paul was born in Paulsdale, Mount Laurel Township, New Jersey.","Paulsdale, in Mount Laurel Township, New Jersey",True,0.761904761904762,0.0,"预测答案“Paulsdale, in Mount Laurel Township, New Jersey”完整包含了标准答案中的关键地理信息，即具体地点Paulsdale、所属行政区域Mount Laurel Township以及州名New Jersey。虽然措辞上省略了“Alice Paul was born in”这一引导句，但直接提供了地点名称，在语义上与标准答案完全等价，准确回答了关于出生地的问题，符合允许细微措辞差异的判断标准。","Paulsdale, in Mount Laurel Township, New Jersey",True,0.761904761904762,0.0,"预测答案“Paulsdale, in Mount Laurel Township, New Jersey”完整包含了标准答案中的关键地理信息，即具体地点Paulsdale、所属行政区域Mount Laurel Township以及州名New Jersey。虽然措辞上省略了“Alice Paul was born in”这一引导句，但直接提供了地点名称，在语义上与标准答案完全等价，准确回答了关于出生地的问题，符合允许细微措辞差异的判断标准。"
Where did the author of The National Dream go to university?,Who is the author of The National Dream?,Pierre Berton,Pierre Berton,True,1.0,1.0,预测答案“Pierre Berton”与标准答案完全一致，不仅包含了关键信息，而且在语义上完全等价，没有任何措辞差异。该答案准确无误地指出了《The National Dream》的作者，符合所有判断标准，因此正确回答了问题。,Pierre Berton,True,1.0,1.0,预测答案“Pierre Berton”与标准答案完全一致，不仅包含了关键信息，而且在语义上完全等价，没有任何措辞差异。该答案准确无误地指出了《The National Dream》的作者，符合所有判断标准，因此正确回答了问题。
Where did the author of The National Dream go to university?,Where did Pierre Berton go to university?,Pierre Berton estudió en la Universidad de British Columbia.,University of British Columbia,True,0.3157894736842105,0.0,预测答案“University of British Columbia”与标准答案“Pierre Berton estudió en la Universidad de British Columbia”在语义上完全等价，都明确指出皮埃尔·伯顿就读于不列颠哥伦比亚大学。尽管标准答案使用了西班牙语表述，但核心信息一致，且预测答案简洁地提取了关键地点名称，符合允许措辞差异的要求，因此正确回答了问题。,University of British Columbia,True,0.3157894736842105,0.0,预测答案“University of British Columbia”与标准答案“Pierre Berton estudió en la Universidad de British Columbia”在语义上完全等价，都明确指出皮埃尔·伯顿就读于不列颠哥伦比亚大学。尽管标准答案使用了西班牙语表述，但核心信息一致，且预测答案简洁地提取了关键地点名称，符合允许措辞差异的要求，因此正确回答了问题。
What type of animal is Xiao Liwu's mother?,What is Xiao Liwu?,"Xiao Liwu is a giant panda, the sixth cub born to his mother Bai Yun and the fifth for his father Gao Gao at the San Diego Zoo.","Xiao Liwu is the sixth cub born to his mother Bai Yun, and the fifth for his father Gao Gao. He has one half-sister, Hua Mei, through Bai Yun. He also has two full brothers, Mei Sheng and Yun Zi, and two full sisters, Su Lin and Zhen Zhen. Like his full siblings, he was conceived via natural mating.",True,0.4466019417475728,0.0,预测答案明确指出了Xiao Liwu是第六只幼崽，并提到了父母Bai Yun和Gao Gao，这与标准答案的核心信息完全一致。虽然预测答案补充了更多关于兄弟姐妹的细节，但这些额外信息并未与标准答案冲突，反而在语义上增强了描述的完整性。关键点（如熊猫身份、出生顺序、父母及动物园）均被涵盖，且措辞差异不影响整体意思的准确性，因此预测答案正确回答了问题。,"Xiao Liwu is the sixth cub born to his mother Bai Yun, and the fifth for his father Gao Gao. He has one half-sister, Hua Mei, through Bai Yun. He also has two full brothers, Mei Sheng and Yun Zi, and two full sisters, Su Lin and Zhen Zhen. Like his full siblings, he was conceived via natural mating.",True,0.4466019417475728,0.0,预测答案明确指出了Xiao Liwu是第六只幼崽，并提到了父母Bai Yun和Gao Gao，这与标准答案的核心信息完全一致。虽然预测答案补充了更多关于兄弟姐妹的细节，但这些额外信息并未与标准答案冲突，反而在语义上增强了描述的完整性。关键点（如熊猫身份、出生顺序、父母及动物园）均被涵盖，且措辞差异不影响整体意思的准确性，因此预测答案正确回答了问题。
What university did the author of 1967: The Last Good Year attend?,Who is the author of the book '1967: The Last Good Year'?,Pierre Berton,Pierre Berton,True,1.0,1.0,预测答案“Pierre Berton”与标准答案完全一致，不仅包含了关键信息，而且在语义上完全等价，没有任何措辞差异。该答案直接准确地指出了《1967: The Last Good Year》一书的作者，完全符合问题要求，因此可以明确判定为正确回答了问题。,Pierre Berton,True,1.0,1.0,预测答案“Pierre Berton”与标准答案完全一致，不仅包含了关键信息，而且在语义上完全等价，没有任何措辞差异。该答案直接准确地指出了《1967: The Last Good Year》一书的作者，完全符合问题要求，因此可以明确判定为正确回答了问题。
What university did the author of 1967: The Last Good Year attend?,Which university did Pierre Berton attend?,Pierre Berton attended the University of British Columbia.,University of British Columbia,True,0.5714285714285714,0.0,预测答案“University of British Columbia”完整包含了标准答案中的关键信息，即皮埃尔·伯顿就读的大学名称。虽然预测答案省略了“attended”等动词，但在语义上与标准答案“Pierre Berton attended the University of British Columbia”完全等价，都明确指出了同一所大学。这种措辞上的简化不影响核心事实的准确性，符合允许细微差异的判断标准，因此可以认定为正确回答了问题。,University of British Columbia,True,0.5714285714285714,0.0,预测答案“University of British Columbia”完整包含了标准答案中的关键信息，即皮埃尔·伯顿就读的大学名称。虽然预测答案省略了“attended”等动词，但在语义上与标准答案“Pierre Berton attended the University of British Columbia”完全等价，都明确指出了同一所大学。这种措辞上的简化不影响核心事实的准确性，符合允许细微差异的判断标准，因此可以认定为正确回答了问题。
Who was honoured with the highest award a citizen without military experience in India before becoming a president?,Which Indian Presidents received the Bharat Ratna award before becoming President?,Sarvepalli Radhakrishnan received the Bharat Ratna in 1954 before becoming President.,"C. Rajagopalachari, Sarvepalli Radhakrishnan, C.V. Raman",False,0.39999999999999997,0.0,预测答案列出了三位人物，但其中只有Sarvepalli Radhakrishnan符合标准答案中“在担任总统前获得印度国宝勋章”的条件。C. Rajagopalachari从未担任印度总统，而C.V. Raman是科学家也未担任总统，因此预测答案包含了无关信息且未准确筛选出符合条件的唯一人物，与标准答案的语义和事实范围不一致。,"C. Rajagopalachari, Sarvepalli Radhakrishnan, C.V. Raman",False,0.39999999999999997,0.0,预测答案列出了三位人物，但其中只有Sarvepalli Radhakrishnan符合标准答案中“在担任总统前获得印度国宝勋章”的条件。C. Rajagopalachari从未担任印度总统，而C.V. Raman是科学家也未担任总统，因此预测答案包含了无关信息且未准确筛选出符合条件的唯一人物，与标准答案的语义和事实范围不一致。
The Directory of Public Worship was approved by a parliament whose modern equivalent has been based where since 2004?,Which parliament approved the Directory of Public Worship?,The Scottish Parliament approved the Directory of Public Worship.,Scottish Parliament,True,0.5454545454545454,0.0,预测答案“Scottish Parliament”完全包含了标准答案“The Scottish Parliament approved the Directory of Public Worship”中的关键信息，即批准《公共礼拜指南》的主体是苏格兰议会。尽管预测答案省略了动词“approved”和冠词“The”，但在语义上与标准答案等价，意思保持一致，且措辞差异属于细微范围，不影响核心事实的准确性。因此，预测答案正确地回答了问题。,Scottish Parliament,True,0.5454545454545454,0.0,预测答案“Scottish Parliament”完全包含了标准答案“The Scottish Parliament approved the Directory of Public Worship”中的关键信息，即批准《公共礼拜指南》的主体是苏格兰议会。尽管预测答案省略了动词“approved”和冠词“The”，但在语义上与标准答案等价，意思保持一致，且措辞差异属于细微范围，不影响核心事实的准确性。因此，预测答案正确地回答了问题。
The Directory of Public Worship was approved by a parliament whose modern equivalent has been based where since 2004?,Where has the modern Scottish Parliament been based since 2004?,The modern Scottish Parliament has been based in the new Scottish Parliament Building in the Holyrood area of Edinburgh since September 2004.,Holyrood area of Edinburgh,True,0.33333333333333326,0.0,预测答案“Holyrood area of Edinburgh”完整包含了标准答案中的核心地理信息，即苏格兰议会自2004年起位于爱丁堡的Holyrood区域。虽然预测答案省略了“new Scottish Parliament Building”和“since September 2004”等细节，但问题焦点在于“基于何处”，预测答案直接提供了准确地点，语义上与标准答案的关键部分完全一致，符合允许措辞差异的判断标准。,Holyrood area of Edinburgh,True,0.33333333333333326,0.0,预测答案“Holyrood area of Edinburgh”完整包含了标准答案中的核心地理信息，即苏格兰议会自2004年起位于爱丁堡的Holyrood区域。虽然预测答案省略了“new Scottish Parliament Building”和“since September 2004”等细节，但问题焦点在于“基于何处”，预测答案直接提供了准确地点，语义上与标准答案的关键部分完全一致，符合允许措辞差异的判断标准。
What city is located in the county containing Qiantong?,Which county contains Qiantong?,Qiantong is located in Ninghai County.,Ninghai County,True,0.4,0.0,预测答案“Ninghai County”直接提供了标准答案中的核心信息，即Qiantong所在的县级行政区划。虽然预测答案省略了“Qiantong is located in”这一表述，但其内容与标准答案“Qiantong is located in Ninghai County”在语义上完全等价，都明确指出了宁海县是Qiantong的所属区域。这种措辞差异不影响关键信息的准确传递，符合评估标准中允许细微措辞变化的要求。,Ninghai County,True,0.4,0.0,预测答案“Ninghai County”直接提供了标准答案中的核心信息，即Qiantong所在的县级行政区划。虽然预测答案省略了“Qiantong is located in”这一表述，但其内容与标准答案“Qiantong is located in Ninghai County”在语义上完全等价，都明确指出了宁海县是Qiantong的所属区域。这种措辞差异不影响关键信息的准确传递，符合评估标准中允许细微措辞变化的要求。
What city is located in the county containing Qiantong?,What city is located in Ninghai County?,Qiantong is a town located in Ninghai County.,Qiantong,True,0.3636363636363636,0.0,预测答案“Qiantong”直接提取了标准答案中的核心信息，即位于宁海县的具体地点名称。虽然标准答案以完整句子形式提供了更多上下文（如“town”和“located in”），但预测答案在语义上完全等价，因为它准确指出了问题所询问的城市（或城镇）名称，且没有引入任何矛盾或错误信息。根据判断标准，允许措辞差异，只要关键信息一致即可，因此预测答案正确回答了问题。,Qiantong,True,0.3636363636363636,0.0,预测答案“Qiantong”直接提取了标准答案中的核心信息，即位于宁海县的具体地点名称。虽然标准答案以完整句子形式提供了更多上下文（如“town”和“located in”），但预测答案在语义上完全等价，因为它准确指出了问题所询问的城市（或城镇）名称，且没有引入任何矛盾或错误信息。根据判断标准，允许措辞差异，只要关键信息一致即可，因此预测答案正确回答了问题。
What city is located in the county containing Qiantong?,"What cities are located within Ninghai County, Zhejiang province?","The town of Qiantong is located within Ninghai County, Zhejiang province.","Qiantong, Zhejiang is located within Ninghai County, Zhejiang province.",True,0.8275862068965518,0.0,"预测答案明确指出“Qiantong, Zhejiang is located within Ninghai County, Zhejiang province”，这与标准答案“The town of Qiantong is located within Ninghai County, Zhejiang province”在语义上完全等价。两者都确认了Qiantong位于浙江省宁海县内，尽管预测答案省略了“town”这一细节，但核心信息一致，且措辞差异不影响整体意思的表达，符合判断标准中的允许范围。","Qiantong, Ningbo",True,0.3333333333333333,0.0,"预测答案“Qiantong, Ningbo”包含了标准答案的关键信息“Qiantong”，且语义上等价，因为Qiantong是宁海县下辖的镇，而宁海县隶属于宁波市，因此“Ningbo”作为补充信息并未偏离核心事实。尽管措辞略有差异，但预测答案正确指出了位于浙江省宁海县的城市（镇级单位），符合判断标准中的语义一致性和关键信息覆盖要求。"
What city is located in the county containing Qiantong?,"What cities are located in Ninghai County, Zhejiang province?","Qiantong is a town located in Ninghai County, Zhejiang province.","Qiantong, Ninghai County, Zhejiang province",True,0.8181818181818181,0.0,"预测答案“Qiantong, Ninghai County, Zhejiang province”与标准答案“Qiantong is a town located in Ninghai County, Zhejiang province”在语义上完全等价，都明确指出Qiantong位于浙江省宁海县。尽管预测答案省略了“is a town located in”等表述，但通过简洁的列举形式（地名、县、省）传达了相同的关键信息，即Qiantong是宁海县下辖的一个地点，符合措辞差异允许的原则，因此正确回答了问题。","Qiantong, Ninghai County, Zhejiang province",True,0.8181818181818181,0.0,"预测答案“Qiantong, Ninghai County, Zhejiang province”与标准答案“Qiantong is a town located in Ninghai County, Zhejiang province”在语义上完全等价，都明确指出Qiantong位于浙江省宁海县。尽管预测答案省略了“is a town located in”等表述，但通过简洁的列举形式（地名、县、省）传达了相同的关键信息，即Qiantong是宁海县下辖的一个地点，符合措辞差异允许的原则，因此正确回答了问题。"
What pantheon is the God of the underworld in ancient Egypt a part of?,Who is the god of the underworld in ancient Egyptian mythology?,Osiris is the god of the underworld in ancient Egyptian mythology.,Osiris,True,0.16666666666666669,0.0,预测答案“Osiris”直接提供了标准答案中的核心实体，即古埃及神话中的冥界之神。虽然预测答案比标准答案更简洁，省略了描述性部分“is the god of the underworld in ancient Egyptian mythology”，但它准确抓住了问题的关键信息——神祇的名字。在语义上，两者完全等价，因为“Osiris”本身就代表了这一角色，符合允许措辞差异但意思一致的标准。因此，预测答案正确回答了问题。,Osiris,True,0.16666666666666669,0.0,预测答案“Osiris”直接提供了标准答案中的核心实体，即古埃及神话中的冥界之神。虽然预测答案比标准答案更简洁，省略了描述性部分“is the god of the underworld in ancient Egyptian mythology”，但它准确抓住了问题的关键信息——神祇的名字。在语义上，两者完全等价，因为“Osiris”本身就代表了这一角色，符合允许措辞差异但意思一致的标准。因此，预测答案正确回答了问题。
"Who is the grandmother of Philippe, Duke of Orléans?","Who is Philippe, Duke of Orléans?","Philippe, Duke of Orléans (1640–1701) was the younger son of King Louis XIII of France and Anne of Austria, making him the younger brother of King Louis XIV. He was originally styled Duke of Anjou and became Duke of Orléans in 1660. He was also granted other titles such as Duke of Valois, Chartres, and Nemours. At court, he was known simply as 'Monsieur'.","Philippe, Duke of Orléans was the younger son of Louis XIII of France and his wife, Anne of Austria. He became Duke of Orléans upon the death of his uncle Gaston in 1660.",True,0.5263157894736842,0.0,Philippe是法国国王路易十三和王后奥地利的安妮的幼子，并在1660年成为奥尔良公爵。虽然预测答案省略了部分细节（如其他爵位和宫廷称呼），但核心事实（出身、身份、获得爵位的时间和原因）与标准答案在语义上完全一致，且措辞差异不影响整体意思的准确性，因此正确回答了问题。,"Philippe, Duke of Orléans was the younger son of Louis XIII of France and his wife, Anne of Austria. He became Duke of Orléans upon the death of his uncle Gaston in 1660.",True,0.5263157894736842,0.0,Philippe是法国国王路易十三和王后奥地利的安妮的幼子，并在1660年成为奥尔良公爵。虽然预测答案省略了部分细节（如其他爵位和宫廷称呼），但核心事实（出身、身份、获得爵位的时间和原因）与标准答案在语义上完全一致，且措辞差异不影响整体意思的准确性，因此正确回答了问题。
"Who is the grandmother of Philippe, Duke of Orléans?",Who was the mother of King Louis XIII of France?,Marie de' Medici was the mother of King Louis XIII of France.,Marie de' Medici,True,0.47058823529411764,0.0,预测答案“Marie de' Medici”直接提供了标准答案中的核心信息，即国王路易十三的母亲身份。虽然预测答案省略了标准答案中的部分描述性措辞（如“was the mother of King Louis XIII of France”），但其内容在语义上与标准答案完全等价，准确回答了问题中的关键点。根据判断标准，允许措辞上的细微差异，只要意思保持一致即可，因此预测答案正确。,Marie de' Medici,True,0.47058823529411764,0.0,预测答案“Marie de' Medici”直接提供了标准答案中的核心信息，即国王路易十三的母亲身份。虽然预测答案省略了标准答案中的部分描述性措辞（如“was the mother of King Louis XIII of France”），但其内容在语义上与标准答案完全等价，准确回答了问题中的关键点。根据判断标准，允许措辞上的细微差异，只要意思保持一致即可，因此预测答案正确。
In which district was Alhandra born?,Who is Alhandra?,"Alhandra is the nickname for Luís Miguel Assunção Joaquim, a Portuguese retired footballer who played mainly as a left back but could also appear as a midfielder. He was born on 5 March 1979 in Vila Franca de Xira, Lisbon.",Luís Miguel Assunção Joaquim,True,0.2857142857142857,0.0,预测答案“Luís Miguel Assunção Joaquim”直接提供了Alhandra的真实姓名，这是标准答案中的核心信息。虽然预测答案没有包含出生日期、位置或职业生涯等额外细节，但它准确回答了“Who is Alhandra?”这一问题，即Alhandra的身份是Luís Miguel Assunção Joaquim。在语义上，这与标准答案的关键部分完全等价，符合允许措辞差异但意思一致的要求。因此，预测答案正确回应了问题。,Luís Miguel Assunção Joaquim,True,0.2857142857142857,0.0,预测答案“Luís Miguel Assunção Joaquim”直接提供了Alhandra的真实姓名，这是标准答案中的核心信息。虽然预测答案没有包含出生日期、位置或职业生涯等额外细节，但它准确回答了“Who is Alhandra?”这一问题，即Alhandra的身份是Luís Miguel Assunção Joaquim。在语义上，这与标准答案的关键部分完全等价，符合允许措辞差异但意思一致的要求。因此，预测答案正确回应了问题。
What recognition did the actor of Truman Capote from Capote receive?,Who played Truman Capote in the movie Capote?,Philip Seymour Hoffman played Truman Capote in the movie 'Capote'.,Philip Seymour Hoffman,True,0.6086956521739131,0.0,"预测答案""Philip Seymour Hoffman""完整包含了标准答案中的核心信息，即扮演者姓名。虽然预测答案省略了电影名称和角色名称等背景信息，但问题明确询问""谁在电影《卡波特》中扮演杜鲁门·卡波特""，预测答案直接提供了准确的人物姓名，在语义上与标准答案的关键要素完全等价，符合""允许措辞细微差异""的判断标准。",Philip Seymour Hoffman,True,0.6086956521739131,0.0,"预测答案""Philip Seymour Hoffman""完整包含了标准答案中的核心信息，即扮演者姓名。虽然预测答案省略了电影名称和角色名称等背景信息，但问题明确询问""谁在电影《卡波特》中扮演杜鲁门·卡波特""，预测答案直接提供了准确的人物姓名，在语义上与标准答案的关键要素完全等价，符合""允许措辞细微差异""的判断标准。"
In which borough was Callum McManaman born?,Callum McManaman birthplace,"Whiston, Merseyside","Whiston, Merseyside",True,1.0,1.0,"预测答案“Whiston, Merseyside”与标准答案完全一致，不仅包含了地点名称“Whiston”和所属区域“Merseyside”这两个关键信息，而且在语义上完全等价，没有任何措辞或细节上的差异。这直接满足了问题关于Callum McManaman出生地的查询需求，因此可以明确判定为正确回答了问题。","Whiston, Merseyside",True,1.0,1.0,"预测答案“Whiston, Merseyside”与标准答案完全一致，不仅包含了地点名称“Whiston”和所属区域“Merseyside”这两个关键信息，而且在语义上完全等价，没有任何措辞或细节上的差异。这直接满足了问题关于Callum McManaman出生地的查询需求，因此可以明确判定为正确回答了问题。"
What province shares a border with the province where Lago District is located?,In which province is Lago District located?,Niassa Province,Niassa Province,True,1.0,1.0,预测答案“Niassa Province”与标准答案完全一致，不仅包含了关键信息“Niassa Province”，而且在语义上完全等价，没有任何措辞差异。这直接、准确地回答了问题“Lago District位于哪个省份”，符合所有判断标准，因此是正确的回答。,Niassa Province,True,1.0,1.0,预测答案“Niassa Province”与标准答案完全一致，不仅包含了关键信息“Niassa Province”，而且在语义上完全等价，没有任何措辞差异。这直接、准确地回答了问题“Lago District位于哪个省份”，符合所有判断标准，因此是正确的回答。
What province shares a border with the province where Lago District is located?,Which provinces share a border with Niassa Province?,Niassa Province borders Cabo Delgado Province and Tanzania.,"Cabo Delgado Province, Gaza Province, Inhambane Province, Lichinga, Maputo Province, Metangula, Sanga District, Tanzania, Tete Province, and Xai-Xai District.",False,0.34782608695652173,0.0,预测答案虽然包含了标准答案中的关键信息（Cabo Delgado Province 和 Tanzania），但错误地添加了多个不相关的省份和地区（如 Gaza Province、Inhambane Province、Maputo Province 等），这些地区实际上并不与 Niassa 省接壤。这导致预测答案在语义上与标准答案不等价，因为它提供了大量错误的地理信息，超出了问题所要求的范围，因此不能被视为正确回答。,"Cabo Delgado Province, Gaza Province, Inhambane Province, and Lichinga share a border with Niassa Province.",False,0.3636363636363636,0.0,预测答案中包含了错误的地理信息。标准答案明确指出尼亚萨省仅与德尔加杜角省和坦桑尼亚接壤，而预测答案错误地添加了加扎省、伊尼扬巴内省和林钦加（林钦加是尼亚萨省的首府，并非一个省级行政区），这些都不与尼亚萨省接壤。因此，预测答案未能准确反映标准答案的关键信息，且在语义上不等价，存在实质性错误。
What is the record label of the Metalworks Studio founder?,Who is the founder of Metalworks Studio?,Gil Moore,Gil Moore,True,1.0,1.0,预测答案“Gil Moore”与标准答案完全一致，不仅包含了关键信息，而且在语义上完全等价。两者都准确指出了Metalworks Studio的创始人，没有任何措辞差异或信息缺失，因此预测答案正确回答了问题。,Gil Moore,True,1.0,1.0,预测答案“Gil Moore”与标准答案完全一致，不仅包含了关键信息，而且在语义上完全等价。两者都准确指出了Metalworks Studio的创始人，没有任何措辞差异或信息缺失，因此预测答案正确回答了问题。
What is the record label of the Metalworks Studio founder?,What record label is Gil Moore associated with?,Gil Moore is associated with the record label TRC (later renamed TML Entertainment).,TML Entertainment,True,0.13333333333333333,0.0,预测答案“TML Entertainment”与标准答案中提到的“TRC (later renamed TML Entertainment)”在语义上完全等价，因为标准答案明确指出TRC后来更名为TML Entertainment，因此预测答案直接提供了关联的最终名称，准确抓住了关键信息。虽然预测答案省略了早期名称TRC，但这并不影响其正确性，因为问题关注的是关联的记录标签，而TML Entertainment正是该标签的现用名，意思与标准答案保持一致。,TML Entertainment,True,0.13333333333333333,0.0,预测答案“TML Entertainment”与标准答案中提到的“TRC (later renamed TML Entertainment)”在语义上完全等价，因为标准答案明确指出TRC后来更名为TML Entertainment，因此预测答案直接提供了关联的最终名称，准确抓住了关键信息。虽然预测答案省略了早期名称TRC，但这并不影响其正确性，因为问题关注的是关联的记录标签，而TML Entertainment正是该标签的现用名，意思与标准答案保持一致。
What is the goal of the group that European Movement Germany is a member of?,Which group is European Movement Germany a member of?,European Movement Germany is a member of the European Movement International.,European Movement International,True,0.5,0.0,预测答案“European Movement International”直接提供了标准答案中的核心信息，即欧洲运动德国所属的组织名称。虽然预测答案省略了“is a member of”这一表述，但它在语义上等价于标准答案，因为问题询问的是成员身份，而预测答案给出了该组织的名称，这完全符合关键信息的要求，且意思保持一致，没有产生歧义或错误。,European Movement International,True,0.5,0.0,预测答案“European Movement International”直接提供了标准答案中的核心信息，即欧洲运动德国所属的组织名称。虽然预测答案省略了“is a member of”这一表述，但它在语义上等价于标准答案，因为问题询问的是成员身份，而预测答案给出了该组织的名称，这完全符合关键信息的要求，且意思保持一致，没有产生歧义或错误。
What is the goal of the group that European Movement Germany is a member of?,What is the goal or mission of the European Movement International?,The goal of the European Movement International is to promote European integration and disseminate information about it.,"promoting European integration, and disseminating information about it",True,0.5833333333333334,0.0,促进欧洲一体化和传播相关信息。尽管在措辞上省略了主语“The goal of the European Movement International is”，但通过动名词形式直接表达了使命内容，语义上与标准答案完全等价，关键信息无缺失或偏差，符合允许细微措辞差异的判断标准。,"promoting European integration, and disseminating information about it",True,0.5833333333333334,0.0,促进欧洲一体化和传播相关信息。尽管在措辞上省略了主语“The goal of the European Movement International is”，但通过动名词形式直接表达了使命内容，语义上与标准答案完全等价，关键信息无缺失或偏差，符合允许细微措辞差异的判断标准。
The city which contains Broadhurst Park shares a border with what town?,Which city contains Broadhurst Park?,"Moston, Manchester, England",Manchester,True,0.33333333333333337,0.0,"预测答案""Manchester""虽然比标准答案""Moston, Manchester, England""更简洁，但它包含了标准答案中的关键信息——城市名称""Manchester""。标准答案中的""Moston""是曼彻斯特的一个区域，""England""是国家信息，而问题询问的是""city""（城市），因此预测答案直接提供城市名称在语义上是等价的，且完全符合问题的要求。这种措辞差异不影响核心信息的准确性，预测答案正确回答了问题。",Manchester,True,0.33333333333333337,0.0,"预测答案""Manchester""虽然比标准答案""Moston, Manchester, England""更简洁，但它包含了标准答案中的关键信息——城市名称""Manchester""。标准答案中的""Moston""是曼彻斯特的一个区域，""England""是国家信息，而问题询问的是""city""（城市），因此预测答案直接提供城市名称在语义上是等价的，且完全符合问题的要求。这种措辞差异不影响核心信息的准确性，预测答案正确回答了问题。"
The city which contains Broadhurst Park shares a border with what town?,"Which towns share a border with the city of Manchester, England?",Moston shares a border with the city of Manchester.,"Middleton and Moston share a border with the city of Manchester, England.",False,0.6666666666666667,0.0,预测答案声称米德尔顿（Middleton）也与曼彻斯特市接壤，但标准答案仅指出莫斯顿（Moston）共享边界。米德尔顿实际上位于罗奇代尔（Rochdale）行政区，并不直接与曼彻斯特市接壤，因此预测答案包含了不准确的信息，这超出了标准答案的范围，导致语义上不完全等价。尽管预测答案包含了标准答案的关键部分（莫斯顿），但额外添加的错误内容使其整体回答不正确。,"Middleton and Moston share a border with the city of Manchester, England.",False,0.6666666666666667,0.0,预测答案声称米德尔顿（Middleton）也与曼彻斯特市接壤，但标准答案仅指出莫斯顿（Moston）共享边界。米德尔顿实际上位于罗奇代尔（Rochdale）行政区，并不直接与曼彻斯特市接壤，因此预测答案包含了不准确的信息，这超出了标准答案的范围，导致语义上不完全等价。尽管预测答案包含了标准答案的关键部分（莫斯顿），但额外添加的错误内容使其整体回答不正确。
In which state is Vera Barbosa's place of birth located?,What is Vera Barbosa's place of birth?,"Vila Franca de Xira, Portugal",13 January 1989 in Vila Franca de Xira,True,0.4545454545454545,0.0,"预测答案“13 January 1989 in Vila Franca de Xira”明确包含了标准答案“Vila Franca de Xira, Portugal”中的关键信息——出生地点“Vila Franca de Xira”。尽管预测答案额外提供了出生日期，但这并未改变或模糊核心的地理位置信息，两者在语义上完全等价，都正确指出了Vera Barbosa的出生地。因此，预测答案符合判断标准，正确回答了问题。",13 January 1989 in Vila Franca de Xira,True,0.4545454545454545,0.0,"预测答案“13 January 1989 in Vila Franca de Xira”明确包含了标准答案“Vila Franca de Xira, Portugal”中的关键信息——出生地点“Vila Franca de Xira”。尽管预测答案额外提供了出生日期，但这并未改变或模糊核心的地理位置信息，两者在语义上完全等价，都正确指出了Vera Barbosa的出生地。因此，预测答案符合判断标准，正确回答了问题。"
In which state is Vera Barbosa's place of birth located?,"In which state is Vila Franca de Xira, Portugal located?",Vila Franca de Xira is located in the Lisbon District of Portugal.,Lisbon District,True,0.25,0.0,"预测答案""Lisbon District""直接包含了标准答案中的关键信息，即维拉弗兰卡德希拉位于葡萄牙的里斯本区。虽然预测答案省略了""Vila Franca de Xira is located in""这一表述，但其核心地理归属与标准答案完全一致，语义上等价，且措辞差异不影响准确回答问题的本质。因此，预测答案正确回答了问题。",Lisbon District,True,0.25,0.0,"预测答案""Lisbon District""直接包含了标准答案中的关键信息，即维拉弗兰卡德希拉位于葡萄牙的里斯本区。虽然预测答案省略了""Vila Franca de Xira is located in""这一表述，但其核心地理归属与标准答案完全一致，语义上等价，且措辞差异不影响准确回答问题的本质。因此，预测答案正确回答了问题。"
What company succeeded the owner of Empire Sports Network?,Who owned Empire Sports Network?,Empire Sports Network was owned by the Adelphia Communications Corporation.,Adelphia Communications Corporation,True,0.33333333333333337,0.0,"预测答案""Adelphia Communications Corporation""完全包含了标准答案中的关键信息，即Empire Sports Network的所有者。虽然预测答案省略了""was owned by""等表述，但其核心语义与标准答案完全一致，都明确指出所有权归属Adelphia Communications Corporation。这种措辞差异不影响信息准确性，符合""语义等价""的判断标准，因此可以认定为正确回答。",Adelphia Communications Corporation,True,0.33333333333333337,0.0,"预测答案""Adelphia Communications Corporation""完全包含了标准答案中的关键信息，即Empire Sports Network的所有者。虽然预测答案省略了""was owned by""等表述，但其核心语义与标准答案完全一致，都明确指出所有权归属Adelphia Communications Corporation。这种措辞差异不影响信息准确性，符合""语义等价""的判断标准，因此可以认定为正确回答。"
What company succeeded the owner of Empire Sports Network?,What company succeeded Adelphia Communications Corporation?,"Time Warner Cable acquired assets from the bankrupt Adelphia, and a new company, Windjammer Communications, was formed from the sale of some of these systems.",Windjammer Cable,False,0.21428571428571425,0.0,预测答案“Windjammer Cable”虽然提到了标准答案中的关键实体“Windjammer”，但遗漏了“Time Warner Cable”这一核心信息，且未完整说明两家公司分别通过收购和重组的方式继承了Adelphia的业务。标准答案明确指出Time Warner Cable收购了资产，而Windjammer Communications是由部分系统重组形成的新公司，预测答案仅提及后者，语义上不完整，未能等价表达标准答案的全部关键内容。,Windjammer Cable,False,0.21428571428571425,0.0,预测答案“Windjammer Cable”虽然提到了标准答案中的关键实体“Windjammer”，但遗漏了“Time Warner Cable”这一核心信息，且未完整说明两家公司分别通过收购和重组的方式继承了Adelphia的业务。标准答案明确指出Time Warner Cable收购了资产，而Windjammer Communications是由部分系统重组形成的新公司，预测答案仅提及后者，语义上不完整，未能等价表达标准答案的全部关键内容。
What is the mouth of watercourse for the body of water where Bartram's Covered Bridge is located?,What body of water is Bartram's Covered Bridge located on?,Crum Creek,Crum Creek,True,1.0,1.0,预测答案“Crum Creek”与标准答案完全一致，不仅包含了关键信息“Crum Creek”这一水体名称，而且在语义上完全等价，没有任何歧义或差异。该答案直接、准确地指出了巴特拉姆廊桥所在的水体，符合问题要求，且措辞与标准答案完全相同，因此可以明确判定为正确回答了问题。,Crum Creek,True,1.0,1.0,预测答案“Crum Creek”与标准答案完全一致，不仅包含了关键信息“Crum Creek”这一水体名称，而且在语义上完全等价，没有任何歧义或差异。该答案直接、准确地指出了巴特拉姆廊桥所在的水体，符合问题要求，且措辞与标准答案完全相同，因此可以明确判定为正确回答了问题。
What is the mouth of watercourse for the body of water where Bartram's Covered Bridge is located?,What watercourse does Crum Creek flow into?,Crum Creek flows into the Delaware River.,Delaware River,True,0.4444444444444445,0.0,预测答案“Delaware River”直接包含了标准答案“Crum Creek flows into the Delaware River”中的核心关键信息，即Crum Creek最终流入的河流是特拉华河。尽管预测答案省略了主语和谓语部分，仅以名词短语呈现，但它在语义上与标准答案完全等价，准确回答了问题所询问的水道名称，符合允许措辞细微差异的判断标准。,Delaware River,True,0.4444444444444445,0.0,预测答案“Delaware River”直接包含了标准答案“Crum Creek flows into the Delaware River”中的核心关键信息，即Crum Creek最终流入的河流是特拉华河。尽管预测答案省略了主语和谓语部分，仅以名词短语呈现，但它在语义上与标准答案完全等价，准确回答了问题所询问的水道名称，符合允许措辞细微差异的判断标准。
What is the ruler of the underworld in ancient Egypt a part of?,Who is the ruler of the underworld in ancient Egyptian mythology?,Osiris is the ruler of the underworld in ancient Egyptian mythology.,Osiris,True,0.16666666666666669,0.0,预测答案“Osiris”直接提供了标准答案中的核心实体，即古埃及神话中冥界的统治者。虽然预测答案省略了标准答案中的完整描述性语句，但它准确抓住了关键信息点，在语义上与标准答案完全等价，符合“允许措辞细微差异”的判断标准，因此正确回答了问题。,Osiris,True,0.16666666666666669,0.0,预测答案“Osiris”直接提供了标准答案中的核心实体，即古埃及神话中冥界的统治者。虽然预测答案省略了标准答案中的完整描述性语句，但它准确抓住了关键信息点，在语义上与标准答案完全等价，符合“允许措辞细微差异”的判断标准，因此正确回答了问题。
What is the ruler of the underworld in ancient Egypt a part of?,"What broader mythological system, pantheon, or conceptual framework is Osiris a part of in ancient Egyptian religion?",Osiris is a part of the ancient Egyptian mythological system and pantheon of deities.,Ancient Egyptian deities,True,0.4347826086956522,0.0,预测答案“Ancient Egyptian deities”直接指明了奥西里斯所属的体系是古埃及神祇体系，这与标准答案中“古埃及神话体系和神祇体系”的核心信息完全一致。尽管预测答案省略了“神话体系”的具体表述，但“神祇”一词已隐含了神话框架的语境，两者在语义上等价，且关键信息均指向古埃及宗教背景，符合措辞差异但意思一致的要求。,Ancient Egyptian deities,True,0.4347826086956522,0.0,预测答案“Ancient Egyptian deities”直接指明了奥西里斯所属的体系是古埃及神祇体系，这与标准答案中“古埃及神话体系和神祇体系”的核心信息完全一致。尽管预测答案省略了“神话体系”的具体表述，但“神祇”一词已隐含了神话框架的语境，两者在语义上等价，且关键信息均指向古埃及宗教背景，符合措辞差异但意思一致的要求。
What other county does the county where Imperial is located share a border with?,In which county is Imperial located?,"Imperial is located in Pecos County, Texas.","Imperial is a census-designated place (CDP) in Pecos County, Texas, United States.",True,0.608695652173913,0.0,"预测答案明确指出Imperial位于Pecos County, Texas，这与标准答案的核心信息“Imperial is located in Pecos County, Texas”完全一致。尽管预测答案额外补充了“census-designated place (CDP)”和“United States”等背景信息，但这些内容并未改变或偏离标准答案的关键地理定位，反而在语义上更丰富且与标准答案等价。因此，预测答案正确回答了问题，符合所有判断标准。","Imperial is a census-designated place (CDP) in Pecos County, Texas, United States.",True,0.608695652173913,0.0,"预测答案明确指出Imperial位于Pecos County, Texas，这与标准答案的核心信息“Imperial is located in Pecos County, Texas”完全一致。尽管预测答案额外补充了“census-designated place (CDP)”和“United States”等背景信息，但这些内容并未改变或偏离标准答案的关键地理定位，反而在语义上更丰富且与标准答案等价。因此，预测答案正确回答了问题，符合所有判断标准。"
What other county does the county where Imperial is located share a border with?,"What other counties share a border with Pecos County, Texas?",Crockett County shares a border with Pecos County.,Crockett County and Armstrong County,False,0.42857142857142855,0.0,预测答案中包含了标准答案的关键信息（Crockett County），但错误地添加了Armstrong County，而Armstrong County实际上并不与Pecos County接壤。根据地理事实，Pecos County位于德克萨斯州西部，其相邻县包括Crockett County、Reeves County、Terrell County等，但Armstrong County位于德克萨斯州北部，距离较远且无共享边界。因此，预测答案在信息准确性上存在错误，未能正确回答所有相邻县的问题，导致语义上与标准答案不完全等价。,Crockett County and Armstrong County,False,0.42857142857142855,0.0,预测答案中包含了标准答案的关键信息（Crockett County），但错误地添加了Armstrong County，而Armstrong County实际上并不与Pecos County接壤。根据地理事实，Pecos County位于德克萨斯州西部，其相邻县包括Crockett County、Reeves County、Terrell County等，但Armstrong County位于德克萨斯州北部，距离较远且无共享边界。因此，预测答案在信息准确性上存在错误，未能正确回答所有相邻县的问题，导致语义上与标准答案不完全等价。
In which state is Póvoa de Santa Iria's municipality located?,What is the municipality of Póvoa de Santa Iria?,Vila Franca de Xira,"Póvoa de Santa Iria is a civil parish in the municipality of Vila Franca de Xira, Portugal.",True,0.3846153846153846,0.0,预测答案明确指出Póvoa de Santa Iria属于Vila Franca de Xira市，这与标准答案“Vila Franca de Xira”完全一致。尽管预测答案以更详细的句子形式呈现，包含了额外背景信息如“civil parish”和“Portugal”，但其核心内容与标准答案在语义上等价，关键信息完全匹配，符合允许措辞差异的判断标准。,"Póvoa de Santa Iria is a civil parish in the municipality of Vila Franca de Xira, Portugal.",True,0.3846153846153846,0.0,预测答案明确指出Póvoa de Santa Iria属于Vila Franca de Xira市，这与标准答案“Vila Franca de Xira”完全一致。尽管预测答案以更详细的句子形式呈现，包含了额外背景信息如“civil parish”和“Portugal”，但其核心内容与标准答案在语义上等价，关键信息完全匹配，符合允许措辞差异的判断标准。
In which state is Póvoa de Santa Iria's municipality located?,In which district is the municipality of Vila Franca de Xira located?,Lisbon District,Lisbon District,True,1.0,1.0,预测答案“Lisbon District”与标准答案完全一致，不仅包含了关键信息“Lisbon District”，而且在语义上完全等价，没有任何措辞差异。这直接准确地回答了关于Vila Franca de Xira市所属地区的问题，符合所有判断标准，因此是正确的。,Lisbon District,True,1.0,1.0,预测答案“Lisbon District”与标准答案完全一致，不仅包含了关键信息“Lisbon District”，而且在语义上完全等价，没有任何措辞差异。这直接准确地回答了关于Vila Franca de Xira市所属地区的问题，符合所有判断标准，因此是正确的。
What is a notable work written by the author of The Timothy files?,Who is the author of The Timothy Files?,Lawrence Sanders,Lawrence Sanders,True,1.0,1.0,预测答案“Lawrence Sanders”与标准答案完全一致，准确无误地指出了《The Timothy Files》的作者。该预测答案不仅包含了标准答案的所有关键信息，而且在语义上与标准答案完全等价，不存在任何歧义或差异。这直接满足了判断标准中的前两条要求，同时由于措辞完全相同，也符合第三条关于细微差异的允许范围。因此，预测答案正确回答了问题，无需进一步解释或修正。,Lawrence Sanders,True,1.0,1.0,预测答案“Lawrence Sanders”与标准答案完全一致，准确无误地指出了《The Timothy Files》的作者。该预测答案不仅包含了标准答案的所有关键信息，而且在语义上与标准答案完全等价，不存在任何歧义或差异。这直接满足了判断标准中的前两条要求，同时由于措辞完全相同，也符合第三条关于细微差异的允许范围。因此，预测答案正确回答了问题，无需进一步解释或修正。
What is a notable work written by the author of The Timothy files?,What is a notable work written by Lawrence Sanders?,"A notable work written by Lawrence Sanders is 'The Anderson Tapes', his debut crime fiction novel published in 1970 that won the Edgar Award for best first mystery novel. Another notable work is 'The Timothy Files', a 1987 bestselling fiction collection.",The Anderson Tapes,True,0.07843137254901959,0.0,预测答案“The Anderson Tapes”直接对应标准答案中提到的劳伦斯·桑德斯的著名作品，即他于1970年出版的首部犯罪小说，该作品获得了埃德加奖最佳处女作奖。虽然预测答案未提及标准答案中的其他细节如出版年份或奖项，也未包括另一部作品“The Timothy Files”，但它准确抓住了核心关键信息——一部代表性著作的名称，语义上与标准答案的部分内容完全等价，符合允许措辞差异但意思一致的要求。因此，预测答案正确回答了问题。,The Anderson Tapes,True,0.07843137254901959,0.0,预测答案“The Anderson Tapes”直接对应标准答案中提到的劳伦斯·桑德斯的著名作品，即他于1970年出版的首部犯罪小说，该作品获得了埃德加奖最佳处女作奖。虽然预测答案未提及标准答案中的其他细节如出版年份或奖项，也未包括另一部作品“The Timothy Files”，但它准确抓住了核心关键信息——一部代表性著作的名称，语义上与标准答案的部分内容完全等价，符合允许措辞差异但意思一致的要求。因此，预测答案正确回答了问题。
In what county is William W. Blair's birthplace located?,Where was William W. Blair born?,"Holley, New York","Holley, New York",True,1.0,1.0,"预测答案“Holley, New York”与标准答案完全一致，不仅包含了关键信息“Holley”和“New York”，而且在语义上完全等价，没有任何歧义或差异。这直接回答了问题中关于William W. Blair出生地的询问，符合所有判断标准，包括信息完整性和语义一致性，因此是正确的。","Holley, New York",True,1.0,1.0,"预测答案“Holley, New York”与标准答案完全一致，不仅包含了关键信息“Holley”和“New York”，而且在语义上完全等价，没有任何歧义或差异。这直接回答了问题中关于William W. Blair出生地的询问，符合所有判断标准，包括信息完整性和语义一致性，因此是正确的。"
In what county is William W. Blair's birthplace located?,"In what county is Holley, New York located?","Holley, New York is located in Orleans County.",Orleans County,True,0.3636363636363636,0.0,"预测答案""Orleans County""直接提供了标准答案中的核心地理信息，即霍利镇所在的县。虽然预测答案省略了""Holley, New York is located in""这一陈述句式，但其内容与标准答案的关键事实完全一致，在语义上等价。根据判断标准，允许措辞上的细微差异，只要意思保持一致即可，因此预测答案正确回答了问题。",Orleans County,True,0.3636363636363636,0.0,"预测答案""Orleans County""直接提供了标准答案中的核心地理信息，即霍利镇所在的县。虽然预测答案省略了""Holley, New York is located in""这一陈述句式，但其内容与标准答案的关键事实完全一致，在语义上等价。根据判断标准，允许措辞上的细微差异，只要意思保持一致即可，因此预测答案正确回答了问题。"
How old was Mary when engaged to the person from whom São José dos Campos takes it's name?,Who is São José dos Campos named after?,São José dos Campos é nomeada em homenagem a São José (Saint Joseph).,Saint Joseph of the Fields,True,0.1818181818181818,0.0,预测答案“Saint Joseph of the Fields”与标准答案“São José (Saint Joseph)”在语义上完全等价，都准确指出了该城市以圣约瑟夫（Saint Joseph）命名。尽管预测答案使用了英语并添加了“of the Fields”（对应葡萄牙语“dos Campos”的直译），但这并未改变核心命名对象，且“São José”本身就是“Saint Joseph”的葡萄牙语形式，因此关键信息一致，符合语义等价的要求。,Saint Joseph of the Fields,True,0.1818181818181818,0.0,预测答案“Saint Joseph of the Fields”与标准答案“São José (Saint Joseph)”在语义上完全等价，都准确指出了该城市以圣约瑟夫（Saint Joseph）命名。尽管预测答案使用了英语并添加了“of the Fields”（对应葡萄牙语“dos Campos”的直译），但这并未改变核心命名对象，且“São José”本身就是“Saint Joseph”的葡萄牙语形式，因此关键信息一致，符合语义等价的要求。
How old was Mary when engaged to the person from whom São José dos Campos takes it's name?,How old was Mary when she was engaged to Joseph according to historical or biblical records?,"According to apocryphal accounts, Mary was 12–14 years old when she was engaged to Joseph.",12–14 years old,True,0.4,0.0,预测答案“12–14 years old”完整包含了标准答案中的关键年龄信息，虽然省略了“According to apocryphal accounts”这一来源说明，但问题核心是询问年龄，预测答案在语义上与标准答案的年龄部分完全等价，且措辞差异不影响关键信息的准确性，因此可以视为正确回答了问题。,12–14 years old,True,0.4,0.0,预测答案“12–14 years old”完整包含了标准答案中的关键年龄信息，虽然省略了“According to apocryphal accounts”这一来源说明，但问题核心是询问年龄，预测答案在语义上与标准答案的年龄部分完全等价，且措辞差异不影响关键信息的准确性，因此可以视为正确回答了问题。
What was the old show that was named after a character that Walt Disney created in 1928 called?,What is the name of the old show named after Mickey Mouse?,The Mickey Mouse Club,The Mickey Mouse Club,True,1.0,1.0,预测答案“The Mickey Mouse Club”与标准答案完全一致，不仅包含了关键信息“Mickey Mouse Club”，而且在语义上完全等价，没有任何歧义或差异。该答案直接回应了问题中关于以米老鼠命名的老节目的名称，符合所有判断标准，包括措辞一致和意思准确，因此正确回答了问题。,The Mickey Mouse Club,True,1.0,1.0,预测答案“The Mickey Mouse Club”与标准答案完全一致，不仅包含了关键信息“Mickey Mouse Club”，而且在语义上完全等价，没有任何歧义或差异。该答案直接回应了问题中关于以米老鼠命名的老节目的名称，符合所有判断标准，包括措辞一致和意思准确，因此正确回答了问题。
Where is the country with ISO code ISO 3166-2:CV located?,What country has the ISO 3166-1 alpha-2 code CV?,Cabo Verde,Cabo Verde,True,1.0,1.0,预测答案“Cabo Verde”与标准答案完全一致，不仅包含了关键信息，而且在语义上完全等价。ISO 3166-1 alpha-2代码“CV”对应的国家名称正是“Cabo Verde”，这是该国的官方英文名称，没有任何措辞差异或信息缺失。因此，预测答案准确无误地回答了问题，符合所有判断标准。,Cabo Verde,True,1.0,1.0,预测答案“Cabo Verde”与标准答案完全一致，不仅包含了关键信息，而且在语义上完全等价。ISO 3166-1 alpha-2代码“CV”对应的国家名称正是“Cabo Verde”，这是该国的官方英文名称，没有任何措辞差异或信息缺失。因此，预测答案准确无误地回答了问题，符合所有判断标准。
Where is the country with ISO code ISO 3166-2:CV located?,Where is Cabo Verde located geographically?,"Cabo Verde is an island country located in the central Atlantic Ocean, approximately 570 kilometers (350 miles) west of the Cape Verde Peninsula off the coast of Northwest Africa.",570 kilometres (350 mi) west of the Cape Verde Peninsula off the coast of Northwest Africa,True,0.64,0.0,预测答案虽然省略了“Cabo Verde is an island country located in the central Atlantic Ocean”这一部分，但它准确提供了标准答案中最核心的地理位置信息，即“570 kilometres (350 mi) west of the Cape Verde Peninsula off the coast of Northwest Africa”。这一表述在语义上与标准答案的关键描述完全一致，且措辞差异细微，不影响对问题“Where is Cabo Verde located geographically?”的准确回答。因此，预测答案正确涵盖了标准答案的实质性内容，符合判断标准。,570 kilometres (350 mi) west of the Cape Verde Peninsula off the coast of Northwest Africa,True,0.64,0.0,预测答案虽然省略了“Cabo Verde is an island country located in the central Atlantic Ocean”这一部分，但它准确提供了标准答案中最核心的地理位置信息，即“570 kilometres (350 mi) west of the Cape Verde Peninsula off the coast of Northwest Africa”。这一表述在语义上与标准答案的关键描述完全一致，且措辞差异细微，不影响对问题“Where is Cabo Verde located geographically?”的准确回答。因此，预测答案正确涵盖了标准答案的实质性内容，符合判断标准。
What award did the author of The Red Tree receive?,Who is the author of The Red Tree?,Shaun Tan,Shaun Tan,True,1.0,1.0,预测答案“Shaun Tan”与标准答案完全一致，不仅包含了关键信息，而且在语义上完全等价，没有任何措辞差异。该答案准确无误地指出了《The Red Tree》的作者，直接回答了问题，符合所有判断标准，因此是正确的。,Shaun Tan,True,1.0,1.0,预测答案“Shaun Tan”与标准答案完全一致，不仅包含了关键信息，而且在语义上完全等价，没有任何措辞差异。该答案准确无误地指出了《The Red Tree》的作者，直接回答了问题，符合所有判断标准，因此是正确的。
What award did the author of The Red Tree receive?,What award did Shaun Tan receive?,Shaun Tan received an Academy Award for Best Animated Short Film in 2011.,Academy Award for Best Animated Short Film,True,0.5217391304347825,0.0,预测答案“Academy Award for Best Animated Short Film”完整包含了标准答案中的核心奖项信息，即肖恩·谭所获得的奥斯卡最佳动画短片奖。尽管预测答案省略了获奖年份（2011年）和“received”等动词，但问题仅询问奖项名称，预测答案在语义上已准确回应了关键内容，且措辞差异不影响核心意思的一致性，因此可以判定为正确回答。,Academy Award for Best Animated Short Film,True,0.5217391304347825,0.0,预测答案“Academy Award for Best Animated Short Film”完整包含了标准答案中的核心奖项信息，即肖恩·谭所获得的奥斯卡最佳动画短片奖。尽管预测答案省略了获奖年份（2011年）和“received”等动词，但问题仅询问奖项名称，预测答案在语义上已准确回应了关键内容，且措辞差异不影响核心意思的一致性，因此可以判定为正确回答。
What was the show named after the character featured in the video game Mickey's Safari in Letterland?,What character is featured in the video game Mickey's Safari in Letterland?,Mickey Mouse,Mickey Mouse,True,1.0,1.0,预测答案“Mickey Mouse”完全符合标准答案，不仅包含了关键信息，而且在语义上与标准答案完全等价。问题询问的是视频游戏《Mickey's Safari in Letterland》中出现的角色，标准答案明确指出是米老鼠，而预测答案直接提供了这一名称，措辞一致且无任何歧义，因此正确回答了问题。,Mickey Mouse,True,1.0,1.0,预测答案“Mickey Mouse”完全符合标准答案，不仅包含了关键信息，而且在语义上与标准答案完全等价。问题询问的是视频游戏《Mickey's Safari in Letterland》中出现的角色，标准答案明确指出是米老鼠，而预测答案直接提供了这一名称，措辞一致且无任何歧义，因此正确回答了问题。
What was the show named after the character featured in the video game Mickey's Safari in Letterland?,What television show is named after the character Mickey Mouse?,The Mickey Mouse Club,The Mickey Mouse Club,True,1.0,1.0,预测答案“The Mickey Mouse Club”与标准答案完全一致，不仅包含了关键信息“Mickey Mouse Club”这一电视节目名称，而且在语义上完全等价，没有任何措辞差异。该答案直接、准确地回应了问题中“以米老鼠角色命名的电视节目是什么”的询问，符合所有判断标准，因此正确回答了问题。,The Mickey Mouse Club,True,1.0,1.0,预测答案“The Mickey Mouse Club”与标准答案完全一致，不仅包含了关键信息“Mickey Mouse Club”这一电视节目名称，而且在语义上完全等价，没有任何措辞差异。该答案直接、准确地回应了问题中“以米老鼠角色命名的电视节目是什么”的询问，符合所有判断标准，因此正确回答了问题。
In which county is Southern Maryland Electric Cooperative headquartered?,Where is the headquarters of Southern Maryland Electric Cooperative?,"The headquarters of Southern Maryland Electric Cooperative is in Hughesville, Maryland.","Hughesville, Maryland",True,0.5,0.0,"预测答案“Hughesville, Maryland”完整包含了标准答案中的关键信息，即总部所在地的具体城镇和州名。尽管预测答案省略了“The headquarters of Southern Maryland Electric Cooperative is in”这一表述，但其核心内容与标准答案在语义上完全等价，都准确指出了总部位于马里兰州的休斯维尔。这种措辞上的简化不影响信息准确性，符合允许细微差异的判断标准，因此可以认定为正确回答了问题。","Hughesville, Maryland",True,0.5,0.0,"预测答案“Hughesville, Maryland”完整包含了标准答案中的关键信息，即总部所在地的具体城镇和州名。尽管预测答案省略了“The headquarters of Southern Maryland Electric Cooperative is in”这一表述，但其核心内容与标准答案在语义上完全等价，都准确指出了总部位于马里兰州的休斯维尔。这种措辞上的简化不影响信息准确性，符合允许细微差异的判断标准，因此可以认定为正确回答了问题。"
Where is Amílcar Cabral International Airport?,Amílcar Cabral International Airport location,Amílcar Cabral International Airport is located two km west-southwest from Espargos on Sal Island.,2 km west-southwest from Espargos on Sal Island,True,0.6875000000000001,0.0,预测答案“2 km west-southwest from Espargos on Sal Island”完整包含了标准答案中的关键信息，包括距离（2 km）、方位（west-southwest）、参考点（Espargos）和具体位置（Sal Island）。虽然省略了机场名称和“is located”等表述，但语义上与标准答案完全等价，核心地理信息准确无误，符合允许措辞差异的判断标准。,2 km west-southwest from Espargos on Sal Island,True,0.6875000000000001,0.0,预测答案“2 km west-southwest from Espargos on Sal Island”完整包含了标准答案中的关键信息，包括距离（2 km）、方位（west-southwest）、参考点（Espargos）和具体位置（Sal Island）。虽然省略了机场名称和“is located”等表述，但语义上与标准答案完全等价，核心地理信息准确无误，符合允许措辞差异的判断标准。
Where was the author of Hannibal and Scipio educated at?,Who is the author of the book 'Hannibal and Scipio'?,Thomas Nabbes,Thomas Nabbes,True,1.0,1.0,预测答案“Thomas Nabbes”与标准答案完全一致，不仅包含了关键信息，而且在语义上完全等价，没有任何措辞差异。该答案直接准确地指出了《Hannibal and Scipio》一书的作者，符合所有判断标准，因此可以确认预测答案正确回答了问题。,Thomas Nabbes,True,1.0,1.0,预测答案“Thomas Nabbes”与标准答案完全一致，不仅包含了关键信息，而且在语义上完全等价，没有任何措辞差异。该答案直接准确地指出了《Hannibal and Scipio》一书的作者，符合所有判断标准，因此可以确认预测答案正确回答了问题。
Where was the author of Hannibal and Scipio educated at?,Where was Thomas Nabbes educated?,"Thomas Nabbes was educated at Exeter College, Oxford in 1621.","Exeter College, Oxford",True,0.38095238095238093,0.0,"预测答案“Exeter College, Oxford”完全包含了标准答案中的关键信息，即托马斯·纳布斯的受教育地点。虽然预测答案省略了“in 1621”这一具体年份，但问题仅询问教育地点，并未要求时间细节，因此预测答案在语义上与标准答案的核心部分等价，且措辞简洁直接，意思保持一致。","Exeter College, Oxford",True,0.38095238095238093,0.0,"预测答案“Exeter College, Oxford”完全包含了标准答案中的关键信息，即托马斯·纳布斯的受教育地点。虽然预测答案省略了“in 1621”这一具体年份，但问题仅询问教育地点，并未要求时间细节，因此预测答案在语义上与标准答案的核心部分等价，且措辞简洁直接，意思保持一致。"
Where was Tyler MacDuff's child educated?,Who is Tyler MacDuff?,Tyler MacDuff is an actor and the father of Dana MacDuff.,"Tyler MacDuff is a producer who was born in Pasadena, California, to the actor Tyler MacDuff and Beverlie May Anderson. He served in the United States Navy and worked as a page at the American Broadcasting Company. He then worked in features and accepted a position as a floor and stage manager with the BBC in Belfast, Northern Ireland. He returned to Hollywood in 1995 to produce films, forming Oakdale Pictures with his brother Brandon R. MacDuff.",False,0.1941747572815534,0.0,它声称Tyler MacDuff是一位制片人，其父亲是演员Tyler MacDuff，这暗示了存在两个同名人物，而标准答案明确指出Tyler MacDuff本人就是演员。预测答案未能正确识别主体身份，且未包含“父亲 of Dana MacDuff”这一核心信息，导致语义上与标准答案不一致，因此无法正确回答问题。,"Tyler MacDuff is a producer who was born in Pasadena, California, to the actor Tyler MacDuff and Beverlie May Anderson. He served in the United States Navy and worked as a page at the American Broadcasting Company before returning to Hollywood to produce films. He and his brother Brandon formed Oakdale Pictures, a production company in Reno.",False,0.25641025641025644,0.0,预测答案与标准答案在关键信息上存在严重矛盾。标准答案明确指出 Tyler MacDuff 是一名演员，而预测答案却描述其为一名制片人，并声称其父亲才是演员 Tyler MacDuff，这导致身份定义完全冲突。此外，预测答案中关于出生地、家庭背景、职业经历等细节在标准答案中均未提及，无法验证其准确性。因此，预测答案未能包含标准答案的核心信息（演员身份），且在语义上不等价，反而引入了可能错误或无关的内容。
Where was Tyler MacDuff's child educated?,Where was Dana MacDuff educated?,He graduated from Blair International Baccalaureate School in Pasadena.,Blair International Baccalaureate School in Pasadena,True,0.88,0.0,预测答案“Blair International Baccalaureate School in Pasadena”完整包含了标准答案中的关键信息，即教育机构名称和地点，虽然省略了“He graduated from”这一表述，但核心语义完全等价，因为问题询问的是教育地点，预测答案直接提供了学校名称和位置，准确回答了问题，符合允许措辞差异的判断标准。,Blair International Baccalaureate School in Pasadena,True,0.88,0.0,预测答案“Blair International Baccalaureate School in Pasadena”完整包含了标准答案中的关键信息，即教育机构名称和地点，虽然省略了“He graduated from”这一表述，但核心语义完全等价，因为问题询问的是教育地点，预测答案直接提供了学校名称和位置，准确回答了问题，符合允许措辞差异的判断标准。
In which county is Kimbrough Memorial Stadium located?,In which city is Kimbrough Memorial Stadium located?,"Canyon, Texas",Canyon,True,0.8,0.0,"预测答案“Canyon”与标准答案“Canyon, Texas”在语义上完全等价，因为“Canyon”本身就是德克萨斯州的一个城市名称，直接回答了问题中关于体育场所在城市的核心信息。虽然预测答案省略了州名“Texas”，但这并不影响对城市位置的准确描述，因为城市名已足够唯一标识地点，且符合允许措辞细微差异的判断标准。因此，预测答案正确包含了关键信息并保持了意思一致。",Canyon,True,0.8,0.0,"预测答案“Canyon”与标准答案“Canyon, Texas”在语义上完全等价，因为“Canyon”本身就是德克萨斯州的一个城市名称，直接回答了问题中关于体育场所在城市的核心信息。虽然预测答案省略了州名“Texas”，但这并不影响对城市位置的准确描述，因为城市名已足够唯一标识地点，且符合允许措辞细微差异的判断标准。因此，预测答案正确包含了关键信息并保持了意思一致。"
In which county is Kimbrough Memorial Stadium located?,"Which county is Canyon, Texas located in?","Canyon, Texas is located in Randall County.",Randall County,True,0.3636363636363636,0.0,"预测答案“Randall County”直接提供了标准答案中的核心信息，即坎宁市所在的县名。虽然预测答案省略了标准答案中“Canyon, Texas is located in”这一表述，但两者在语义上完全等价，都准确指出了地理位置归属。这种简洁回答符合常见的信息提取场景，没有引入任何错误或歧义，因此可以判定为正确回答了问题。",Randall County,True,0.3636363636363636,0.0,"预测答案“Randall County”直接提供了标准答案中的核心信息，即坎宁市所在的县名。虽然预测答案省略了标准答案中“Canyon, Texas is located in”这一表述，但两者在语义上完全等价，都准确指出了地理位置归属。这种简洁回答符合常见的信息提取场景，没有引入任何错误或歧义，因此可以判定为正确回答了问题。"
What military overran much of Erich Zakowski's place of birth?,Where was Erich Zakowski born?,Erich Zakowski was born in East Prussia.,25 November 1934 in East Prussia,True,0.39999999999999997,0.0,预测答案“25 November 1934 in East Prussia”明确包含了标准答案中的关键信息“East Prussia”，即埃里希·扎科夫斯基的出生地。尽管预测答案额外提供了出生日期“25 November 1934”，但这并未改变或偏离核心地理信息，语义上与标准答案“Erich Zakowski was born in East Prussia”完全一致，都准确指出了出生地点为东普鲁士。因此，预测答案正确回答了问题，符合判断标准中的语义等价原则。,25 November 1934 in East Prussia,True,0.39999999999999997,0.0,预测答案“25 November 1934 in East Prussia”明确包含了标准答案中的关键信息“East Prussia”，即埃里希·扎科夫斯基的出生地。尽管预测答案额外提供了出生日期“25 November 1934”，但这并未改变或偏离核心地理信息，语义上与标准答案“Erich Zakowski was born in East Prussia”完全一致，都准确指出了出生地点为东普鲁士。因此，预测答案正确回答了问题，符合判断标准中的语义等价原则。
What military overran much of Erich Zakowski's place of birth?,Which military force overran much of East Prussia during World War II?,The Soviet Union overran much of East Prussia during World War II.,Soviet Union,True,0.2666666666666667,0.0,预测答案“Soviet Union”完整包含了标准答案中的核心主体“The Soviet Union”，且明确指向了在二战期间占领东普鲁士的军事力量。尽管预测答案省略了定冠词“The”和具体行动描述“overran much of East Prussia during World War II”，但在语义上完全等价于标准答案的关键信息，因为“Soviet Union”本身已能准确回答“哪支军事力量”这一问题，符合允许措辞细微差异的判断标准。,Soviet Union,True,0.2666666666666667,0.0,预测答案“Soviet Union”完整包含了标准答案中的核心主体“The Soviet Union”，且明确指向了在二战期间占领东普鲁士的军事力量。尽管预测答案省略了定冠词“The”和具体行动描述“overran much of East Prussia during World War II”，但在语义上完全等价于标准答案的关键信息，因为“Soviet Union”本身已能准确回答“哪支军事力量”这一问题，符合允许措辞细微差异的判断标准。
The 1967 Federation Cup is an instance of this tournament which is named after what organization?,What is the Federation Cup in sports?,The Federation Cup is the premier international team competition in women's tennis. It was launched in 1963 and is the world's largest annual women's international team sports competition in terms of participating nations.,"The Federation Cup is a women's international team competition in tennis, now known as the Fed Cup. It was launched in 1963 and is the world's largest annual women's international team sports competition in terms of the number of nations that compete.",True,0.8533333333333334,0.0,明确指出Federation Cup是女子网球国际团体赛事、创立于1963年，并强调其是参与国家数量最多的年度女子国际团体体育赛事。虽然预测答案补充了“现称Fed Cup”这一细节，且措辞上略有调整（如“in terms of the number of nations that compete”），但这些补充和表述差异并未改变核心语义，反而增强了信息的完整性。整体而言，预测答案与标准答案在关键事实和语义上完全一致，符合评估标准。,"The Federation Cup is a women's international team competition in tennis, now known as the Fed Cup. It was launched in 1963 and is the world's largest annual women's international team sports competition in terms of the number of nations that compete.",True,0.8533333333333334,0.0,明确指出Federation Cup是女子网球国际团体赛事、创立于1963年，并强调其是参与国家数量最多的年度女子国际团体体育赛事。虽然预测答案补充了“现称Fed Cup”这一细节，且措辞上略有调整（如“in terms of the number of nations that compete”），但这些补充和表述差异并未改变核心语义，反而增强了信息的完整性。整体而言，预测答案与标准答案在关键事实和语义上完全一致，符合评估标准。
The 1967 Federation Cup is an instance of this tournament which is named after what organization?,Which organization is the Federation Cup in women's tennis named after?,The International Tennis Federation (ITF),International Tennis Federation (ITF),True,1.0,1.0,预测答案“International Tennis Federation (ITF)”与标准答案“The International Tennis Federation (ITF)”在语义上完全等价，都指代同一国际网球组织。尽管预测答案省略了定冠词“The”，但这属于措辞上的细微差异，不影响核心信息的准确性和一致性。预测答案明确包含了关键信息“International Tennis Federation”及其缩写“ITF”，正确回答了问题中关于联合会杯命名来源的询问，因此可以判定为正确回答。,International Tennis Federation (ITF),True,1.0,1.0,预测答案“International Tennis Federation (ITF)”与标准答案“The International Tennis Federation (ITF)”在语义上完全等价，都指代同一国际网球组织。尽管预测答案省略了定冠词“The”，但这属于措辞上的细微差异，不影响核心信息的准确性和一致性。预测答案明确包含了关键信息“International Tennis Federation”及其缩写“ITF”，正确回答了问题中关于联合会杯命名来源的询问，因此可以判定为正确回答。
What is another notable work made by the author of Miss Sara Sampson?,What are notable works by Gotthold Ephraim Lessing?,"Notable works by Gotthold Ephraim Lessing include the plays 'Emilia Galotti', a classic bourgeois tragedy, and 'Miss Sara Sampson', considered one of the first bourgeois tragedies.","Emilia Galotti, Miss Sara Sampson",True,0.3902439024390244,0.0,预测答案虽然简洁，但完整包含了标准答案中提到的两部核心作品《Emilia Galotti》和《Miss Sara Sampson》，这两部戏剧正是莱辛最具代表性的著作。尽管预测答案省略了关于作品类型的具体描述（如“资产阶级悲剧”），但问题仅要求列举“notable works”，预测答案直接提供了作品名称，在语义上与标准答案的核心信息完全等价，符合“允许措辞细微差异”的判断标准。,"Emilia Galotti, Miss Sara Sampson",True,0.3902439024390244,0.0,预测答案虽然简洁，但完整包含了标准答案中提到的两部核心作品《Emilia Galotti》和《Miss Sara Sampson》，这两部戏剧正是莱辛最具代表性的著作。尽管预测答案省略了关于作品类型的具体描述（如“资产阶级悲剧”），但问题仅要求列举“notable works”，预测答案直接提供了作品名称，在语义上与标准答案的核心信息完全等价，符合“允许措辞细微差异”的判断标准。
What record label is the performer of Almost Made Ya signed to?,Who is the performer of the song Almost Made Ya?,"The performers of the song 'Almost Made Ya' are the duo Ali & Gipp, featuring LeToya Luckett.",Ali & Gipp,True,0.21052631578947367,0.0,预测答案“Ali & Gipp”准确包含了标准答案中的核心表演者信息，即歌曲的主要表演者是二人组合Ali & Gipp。虽然预测答案省略了标准答案中提及的客串歌手LeToya Luckett，但这并不影响对主要表演者身份的确认，因为问题询问的是歌曲的表演者，而Ali & Gipp作为主要表演者已足以正确回答问题。在语义上，预测答案与标准答案的关键部分等价，且措辞差异属于可接受的细微范围，意思保持一致。,Ali & Gipp,True,0.21052631578947367,0.0,预测答案“Ali & Gipp”准确包含了标准答案中的核心表演者信息，即歌曲的主要表演者是二人组合Ali & Gipp。虽然预测答案省略了标准答案中提及的客串歌手LeToya Luckett，但这并不影响对主要表演者身份的确认，因为问题询问的是歌曲的表演者，而Ali & Gipp作为主要表演者已足以正确回答问题。在语义上，预测答案与标准答案的关键部分等价，且措辞差异属于可接受的细微范围，意思保持一致。
What record label is the performer of Almost Made Ya signed to?,What record label is the duo Ali & Gipp signed to?,Ali & Gipp are signed to Derrty Entertainment and Universal Records.,Universal Records,False,0.15384615384615385,0.0,预测答案仅提到了“Universal Records”，但标准答案明确指出Ali & Gipp同时签约于“Derrty Entertainment and Universal Records”。预测答案遗漏了“Derrty Entertainment”这一关键信息，未能完整覆盖标准答案中的所有唱片公司，因此在语义上不等价，不符合“包含关键信息”的判断标准。尽管措辞允许细微差异，但信息缺失导致答案不准确。,Universal Records,False,0.15384615384615385,0.0,预测答案仅提到了“Universal Records”，但标准答案明确指出Ali & Gipp同时签约于“Derrty Entertainment and Universal Records”。预测答案遗漏了“Derrty Entertainment”这一关键信息，未能完整覆盖标准答案中的所有唱片公司，因此在语义上不等价，不符合“包含关键信息”的判断标准。尽管措辞允许细微差异，但信息缺失导致答案不准确。
"According to the agency that published U.S. and World Population Clock, what is the total area in square miles?",Which agency publishes the U.S. and World Population Clock?,The United States Census Bureau publishes the U.S. and World Population Clock.,United States Census Bureau,True,0.5714285714285715,0.0,预测答案“United States Census Bureau”完整包含了标准答案中的核心机构名称，与标准答案“The United States Census Bureau publishes the U.S. and World Population Clock”在语义上完全等价。尽管预测答案省略了定冠词“The”和动词“publishes”等描述性内容，但关键信息准确无误，且措辞差异不影响对问题“哪个机构发布”的准确回答。根据判断标准，只要意思保持一致且包含关键信息即可视为正确，因此预测答案正确回答了问题。,United States Census Bureau,True,0.5714285714285715,0.0,预测答案“United States Census Bureau”完整包含了标准答案中的核心机构名称，与标准答案“The United States Census Bureau publishes the U.S. and World Population Clock”在语义上完全等价。尽管预测答案省略了定冠词“The”和动词“publishes”等描述性内容，但关键信息准确无误，且措辞差异不影响对问题“哪个机构发布”的准确回答。根据判断标准，只要意思保持一致且包含关键信息即可视为正确，因此预测答案正确回答了问题。
"According to the agency that published U.S. and World Population Clock, what is the total area in square miles?",What total area in square miles does the United States Census Bureau report?,3.8 million square miles,"579,180",False,0.22222222222222224,0.0,"预测答案“579,180”与标准答案“3.8 million square miles”在数值和语义上均不匹配。标准答案明确指出美国人口普查局报告的总面积为380万平方英里，而预测答案的数字远小于此，且未包含“百万”单位或类似表述，导致关键信息缺失。两者在数值上相差巨大，无法通过措辞差异或单位转换来等同，因此预测答案未能正确回答问题。",9.8 million km2,True,0.5,0.0,预测答案虽然使用了不同的面积单位（平方千米而非平方英里），但通过单位换算，9.8百万平方千米约等于3.8百万平方英里（实际换算约为3.78百万平方英里），两者在数值和语义上基本等价。这符合评估标准中允许措辞差异和语义一致的要求，且关键信息（美国总面积约3.8百万单位）得以准确传达，因此预测答案正确回答了问题。
"According to the developer of Topologically Integrated Geographic Encoding and Referencing, what is the total area of Atlantic City in square miles?",What is the total area of Atlantic City in square miles according to TIGER?,The total area of Atlantic City is 17.037 square miles.,44.125,False,0.11111111111111112,0.0,预测答案“44.125”与标准答案“17.037”在数值上存在显著差异，两者相差超过一倍以上，这直接违反了判断标准中关于语义等价的要求。虽然允许措辞上的细微差异，但关键信息（即面积的具体数值）必须一致，而预测答案未能包含标准答案的核心数据，因此无法正确回答问题。这种偏差可能导致用户获得错误的地理信息，影响决策或理解。,"44.125 km2

The reference text mentions ""According to the United States Census Bureau, the city had a total area of 17.037 square miles (44.125 km2)"". This indicates that the total area of Atlantic City, New Jersey is 44.125 square kilometers according to the TIGER format used by the United States Census Bureau. However, the question asks for the area in square miles, which is 17.037 square miles. The conversion from square kilometers to square miles is not straightforward and requires a conversion factor, but based on the information provided, the area in square kilometers is 44.125 km2.",False,0.1,0.0,预测答案虽然提供了正确的面积数值（44.125），但使用了错误的单位（km²），而问题明确要求以平方英里（square miles）为单位。标准答案为17.037平方英里，预测答案的单位与问题要求不符，导致语义上不等价，未能正确回答问题。尽管参考文本中提到了两种单位的换算关系，但预测答案未遵循问题指令，因此不符合评估标准。
Who is the child of Sigrid Eskilsdotter's child?,Who is the child of Sigrid Eskilsdotter?,Christina Gyllenstierna,Christina Gyllenstierna,True,1.0,1.0,预测答案“Christina Gyllenstierna”与标准答案完全一致，不仅包含了关键信息，而且在语义上完全等价，没有任何措辞差异。这表明预测答案准确地识别了Sigrid Eskilsdotter的子女身份，符合历史记录中Christina Gyllenstierna作为其女儿的公认事实，因此正确回答了问题。,Christina Gyllenstierna,True,1.0,1.0,预测答案“Christina Gyllenstierna”与标准答案完全一致，不仅包含了关键信息，而且在语义上完全等价，没有任何措辞差异。这表明预测答案准确地识别了Sigrid Eskilsdotter的子女身份，符合历史记录中Christina Gyllenstierna作为其女儿的公认事实，因此正确回答了问题。
Who is the child of Sigrid Eskilsdotter's child?,Who are the children of Christina Gyllenstierna?,Christina Gyllenstierna's children include a daughter (mother of King Gustav Vasa) and a child who was the parent of Sigrid Sture.,"Sigrid Sture, Christina Gyllenstierna",False,0.43243243243243246,0.0,预测答案仅列出了两个名字，但并未明确说明她们是Christina Gyllenstierna的子女，而是直接并列呈现，这容易造成混淆。标准答案明确指出Christina Gyllenstierna的子女包括一个女儿（即古斯塔夫·瓦萨国王的母亲）和一个孩子（即Sigrid Sture的父母之一），而预测答案中的“Sigrid Sture”实际上是Christina Gyllenstierna的孙女，并非其直接子女，因此预测答案在关键信息上存在错误，未能正确反映家族关系，与标准答案的语义不等价。,"Sigrid Sture, Christina Gyllenstierna",False,0.43243243243243246,0.0,预测答案仅列出了两个名字，但并未明确说明她们是Christina Gyllenstierna的子女，而是直接并列呈现，这容易造成混淆。标准答案明确指出Christina Gyllenstierna的子女包括一个女儿（即古斯塔夫·瓦萨国王的母亲）和一个孩子（即Sigrid Sture的父母之一），而预测答案中的“Sigrid Sture”实际上是Christina Gyllenstierna的孙女，并非其直接子女，因此预测答案在关键信息上存在错误，未能正确反映家族关系，与标准答案的语义不等价。
Who is the child of the Victim of Romance performer?,Who performed the song 'Victim of Romance'?,Michelle Phillips,Michelle Phillips,True,1.0,1.0,预测答案“Michelle Phillips”与标准答案完全一致，准确无误地指出了演唱歌曲“Victim of Romance”的表演者。该答案不仅包含了标准答案的所有关键信息，而且在语义上完全等价，没有任何歧义或差异。因此，预测答案正确回答了问题，符合所有判断标准。,Michelle Phillips,True,1.0,1.0,预测答案“Michelle Phillips”与标准答案完全一致，准确无误地指出了演唱歌曲“Victim of Romance”的表演者。该答案不仅包含了标准答案的所有关键信息，而且在语义上完全等价，没有任何歧义或差异。因此，预测答案正确回答了问题，符合所有判断标准。
Who is the child of the Victim of Romance performer?,Who is Michelle Phillips' child?,Chynna Phillips,"Michelle Phillips' child is Mercy James, who was adopted from Malawi.",False,0.3,0.0,预测答案声称米歇尔·菲利普斯的孩子是 Mercy James，但标准答案明确指出她的孩子是 Chynna Phillips。虽然米歇尔·菲利普斯确实有多个孩子，包括 Chynna Phillips（与约翰·菲利普斯所生）以及收养的 Mercy James（与史蒂夫·旺德共同收养），但问题未指定具体是哪个孩子，而标准答案仅提供了 Chynna Phillips。预测答案未包含这一关键信息，且语义上不等价，因为它指向了不同的孩子，导致信息错误。因此，预测答案未能正确回答问题。,"Michelle Phillips' child is Chifundo ""Mercy"" James, who was adopted from Malawi.",False,0.2608695652173913,0.0,"预测答案与标准答案在关键信息上完全不一致。标准答案明确指出米歇尔·菲利普斯的孩子是**Chynna Phillips**（其亲生女儿，美国歌手），而预测答案却声称是**Chifundo ""Mercy"" James**（来自马拉维的收养孩子），这实际上是麦当娜收养的女儿，与米歇尔·菲利普斯无关。预测答案在人物关系和事实层面存在根本性错误，未能提供正确信息，因此无法正确回答问题。"
What happened to the Curonians who lived in the area where Erich Zakowski was born?,Where was Erich Zakowski born?,Erich Zakowski was born in East Prussia.,25 November 1934 in East Prussia,True,0.39999999999999997,0.0,预测答案“25 November 1934 in East Prussia”明确包含了标准答案中的关键信息“East Prussia”，即埃里希·扎科夫斯基的出生地。尽管预测答案额外提供了出生日期“25 November 1934”，但这并未改变或偏离核心地理信息，语义上与标准答案“Erich Zakowski was born in East Prussia”完全一致，都准确指出了出生地点为东普鲁士。因此，预测答案正确回答了问题，符合判断标准中的语义等价原则。,25 November 1934 in East Prussia,True,0.39999999999999997,0.0,预测答案“25 November 1934 in East Prussia”明确包含了标准答案中的关键信息“East Prussia”，即埃里希·扎科夫斯基的出生地。尽管预测答案额外提供了出生日期“25 November 1934”，但这并未改变或偏离核心地理信息，语义上与标准答案“Erich Zakowski was born in East Prussia”完全一致，都准确指出了出生地点为东普鲁士。因此，预测答案正确回答了问题，符合判断标准中的语义等价原则。
What happened to the Curonians who lived in the area where Erich Zakowski was born?,Which specific Curonian population historically inhabited East Prussia?,The Curonians who lived in the area around the Curonian Lagoon in East Prussia.,Curonians that remained behind were subsequently expelled by the Soviet Union.,False,0.14285714285714288,0.0,预测答案并未正确回答“哪个具体的库洛尼亚人口历史上居住在东普鲁士”这一问题。标准答案明确指出是“居住在库洛尼亚泻湖地区的库洛尼亚人”，而预测答案仅提及“留下的库洛尼亚人后来被苏联驱逐”，这完全偏离了问题的核心。预测答案既未包含关键地理信息“库洛尼亚泻湖”，也未描述其历史居住情况，反而转向了后续的驱逐事件，导致语义上与标准答案不等价，未能满足判断标准中的任何一条。,Curonians that remained behind in East Prussia were subsequently expelled by the Soviet Union.,False,0.37500000000000006,0.0,预测答案虽然提到了“Curonians”和“East Prussia”，但并未明确指出他们具体是哪个群体。标准答案的关键信息是“生活在东普鲁士库尔斯泻湖地区的库洛尼亚人”，这具体界定了其历史居住地；而预测答案只泛泛提及“留在东普鲁士的库洛尼亚人”，且转而描述其被苏联驱逐的后续事件，这属于额外信息，并未准确回答“哪个特定群体”这一核心问题。因此，预测答案在语义上不完整，未能与标准答案等价。
What is the competition that the 1965 Federation Cup is part of named after?,What is the 1965 Federation Cup?,"The 1965 Federation Cup was the third edition of the women's international team tennis competition, now known as the Fed Cup. It was held from 15–18 January at the Kooyong Lawn Tennis Club in Melbourne, Australia. Eleven nations participated, and Australia defended their title by defeating the United States in the final.","11 nations participated in the tournament, which was held at the Kooyong Lawn Tennis Club in Melbourne, Australia from 15–18 January. United States and Australia both reached the final for the third consecutive time, and Australia defended their title, defeating United States by winning both of their singles rubbers.",True,0.6666666666666666,0.0,明确指出这是第三届女子团体网球赛事（通过上下文暗示），举办地点为墨尔本库扬草地网球俱乐部，时间为1月15日至18日，参赛国家为11个，且澳大利亚在决赛中击败美国卫冕成功。虽然预测答案未直接提及“第三届”和“现称联合会杯”，但通过描述赛事细节（如连续第三次美澳决赛）和结果，与标准答案在语义上完全等价，仅存在措辞差异，核心事实一致。,"11 nations participated in the tournament, which was held at the Kooyong Lawn Tennis Club in Melbourne, Australia from 15–18 January. United States and Australia both reached the final for the third consecutive time, and Australia defended their title, defeating United States by winning both of their singles rubbers.",True,0.6666666666666666,0.0,明确指出这是第三届女子团体网球赛事（通过上下文暗示），举办地点为墨尔本库扬草地网球俱乐部，时间为1月15日至18日，参赛国家为11个，且澳大利亚在决赛中击败美国卫冕成功。虽然预测答案未直接提及“第三届”和“现称联合会杯”，但通过描述赛事细节（如连续第三次美澳决赛）和结果，与标准答案在语义上完全等价，仅存在措辞差异，核心事实一致。
What is the competition that the 1965 Federation Cup is part of named after?,What is the Fed Cup (formerly Federation Cup) tennis competition named after?,The Fed Cup (formerly the Federation Cup) is named in honor of the 50th anniversary of the International Tennis Federation (ITF).,International Tennis Federation (ITF),True,0.33333333333333337,0.0,预测答案“International Tennis Federation (ITF)”直接提供了标准答案中的核心信息，即Fed Cup是以国际网球联合会命名的。虽然预测答案省略了“50周年纪念”这一细节，但标准答案的关键在于说明该赛事与ITF的关联，而预测答案在语义上准确表达了这一核心关系，符合“语义等价”的判断标准，且措辞差异不影响整体意思的一致性。,International Tennis Federation (ITF),True,0.33333333333333337,0.0,预测答案“International Tennis Federation (ITF)”直接提供了标准答案中的核心信息，即Fed Cup是以国际网球联合会命名的。虽然预测答案省略了“50周年纪念”这一细节，但标准答案的关键在于说明该赛事与ITF的关联，而预测答案在语义上准确表达了这一核心关系，符合“语义等价”的判断标准，且措辞差异不影响整体意思的一致性。
What county was Tim Dubois born in?,Where was Tim Dubois born?,"Tim DuBois was born in Southwest City, Missouri.","Southwest City, Missouri",True,0.46153846153846156,0.0,"预测答案“Southwest City, Missouri”完整包含了标准答案中的关键地理信息，即出生地点为密苏里州的西南城市。尽管预测答案省略了主语“Tim DuBois was born in”，但其核心内容与标准答案在语义上完全等价，都准确指出了出生地的具体城市和州。根据判断标准，允许措辞上的细微差异，只要意思保持一致即可，因此预测答案正确回答了问题。","Southwest City, Missouri",True,0.46153846153846156,0.0,"预测答案“Southwest City, Missouri”完整包含了标准答案中的关键地理信息，即出生地点为密苏里州的西南城市。尽管预测答案省略了主语“Tim DuBois was born in”，但其核心内容与标准答案在语义上完全等价，都准确指出了出生地的具体城市和州。根据判断标准，允许措辞上的细微差异，只要意思保持一致即可，因此预测答案正确回答了问题。"
What county was Tim Dubois born in?,"What county is Southwest City, Missouri located in?","Southwest City is located in McDonald County, Missouri.",McDonald County,True,0.42857142857142855,0.0,预测答案“McDonald County”直接提供了标准答案中的核心信息，即西南城所在的县名。虽然预测答案省略了“Southwest City is located in”和“Missouri”等背景描述，但问题明确询问的是县名，预测答案精准地给出了“McDonald County”这一关键实体，与标准答案的语义完全一致，且没有引入任何矛盾或错误信息。在评估标准下，这种简洁的表述仍被视为正确回答，因为它完整覆盖了问题的核心要求。,McDonald County,True,0.42857142857142855,0.0,预测答案“McDonald County”直接提供了标准答案中的核心信息，即西南城所在的县名。虽然预测答案省略了“Southwest City is located in”和“Missouri”等背景描述，但问题明确询问的是县名，预测答案精准地给出了“McDonald County”这一关键实体，与标准答案的语义完全一致，且没有引入任何矛盾或错误信息。在评估标准下，这种简洁的表述仍被视为正确回答，因为它完整覆盖了问题的核心要求。
Who is the father of the performer of Qui de noux deux?,Who performed the song 'Qui de nous deux'?,"Matthieu Chedid, in his persona as -M-.",Matthieu Chedid,True,0.6666666666666666,0.0,预测答案“Matthieu Chedid”完全包含了标准答案中的核心关键信息，即歌曲的表演者。虽然标准答案额外提到了他的艺名“-M-”，但这属于补充细节，预测答案在语义上与标准答案等价，都正确指出了表演者的真实身份。允许措辞上的细微差异，因此预测答案准确回答了问题，无需额外信息即可确认正确性。,Matthieu Chedid,True,0.6666666666666666,0.0,预测答案“Matthieu Chedid”完全包含了标准答案中的核心关键信息，即歌曲的表演者。虽然标准答案额外提到了他的艺名“-M-”，但这属于补充细节，预测答案在语义上与标准答案等价，都正确指出了表演者的真实身份。允许措辞上的细微差异，因此预测答案准确回答了问题，无需额外信息即可确认正确性。
What record label did the person who is part of The Bruce Lee Band start?,Who are the members of The Bruce Lee Band?,"The Bruce Lee Band is Mike Park and his backing band, which has included members from Less Than Jake and the Rx Bandits.","Mike Park and his backing band, which has included Less Than Jake and the Rx Bandits.",True,0.7999999999999999,0.0,明确指出The Bruce Lee Band的核心成员是Mike Park及其伴奏乐队，并正确列举了曾参与的主要乐队Less Than Jake和Rx Bandits。尽管预测答案在措辞上省略了“members from”这一细节，但通过上下文可以清晰推断“Less Than Jake and the Rx Bandits”指的是这些乐队的成员，与标准答案的语义完全一致，没有产生歧义或信息缺失。因此，预测答案在核心内容上与标准答案等价，符合评估标准。,"Mike Park and his backing band, which has included Less Than Jake and the Rx Bandits.",True,0.7999999999999999,0.0,明确指出The Bruce Lee Band的核心成员是Mike Park及其伴奏乐队，并正确列举了曾参与的主要乐队Less Than Jake和Rx Bandits。尽管预测答案在措辞上省略了“members from”这一细节，但通过上下文可以清晰推断“Less Than Jake and the Rx Bandits”指的是这些乐队的成员，与标准答案的语义完全一致，没有产生歧义或信息缺失。因此，预测答案在核心内容上与标准答案等价，符合评估标准。
What record label did the person who is part of The Bruce Lee Band start?,What record label did Mike Park start?,Mike Park started the record label Asian Man Records.,Asian Man Records,True,0.36363636363636365,0.0,预测答案“Asian Man Records”直接提供了标准答案中的核心信息，即迈克·帕克创立的唱片公司名称。虽然预测答案省略了“Mike Park started the record label”这一表述，但它在语义上与标准答案完全等价，因为问题明确询问的是唱片公司的名称，预测答案精准地给出了这一关键信息，符合措辞差异允许的原则。,Asian Man Records,True,0.36363636363636365,0.0,预测答案“Asian Man Records”直接提供了标准答案中的核心信息，即迈克·帕克创立的唱片公司名称。虽然预测答案省略了“Mike Park started the record label”这一表述，但它在语义上与标准答案完全等价，因为问题明确询问的是唱片公司的名称，预测答案精准地给出了这一关键信息，符合措辞差异允许的原则。
Who is the father of the performer of Je dis aime?,Who performed the song 'Je dis aime'?,"The work 'Je dis aime' is a studio album performed by French singer-songwriter Matthieu Chedid, under his persona -M-.",Matthieu Chedid,True,0.37037037037037035,0.0,预测答案“Matthieu Chedid”直接提供了标准答案中的核心信息，即表演者身份。虽然标准答案补充了专辑类型、艺名等细节，但预测答案在语义上与标准答案的关键部分完全等价，都正确指出了歌曲的表演者是Matthieu Chedid，这符合允许措辞差异但意思一致的要求。,Matthieu Chedid,True,0.37037037037037035,0.0,预测答案“Matthieu Chedid”直接提供了标准答案中的核心信息，即表演者身份。虽然标准答案补充了专辑类型、艺名等细节，但预测答案在语义上与标准答案的关键部分完全等价，都正确指出了歌曲的表演者是Matthieu Chedid，这符合允许措辞差异但意思一致的要求。
Who is the father of the performer of Je dis aime?,Who is the father of Matthieu Chedid?,Louis Chedid,Louis Chedid,True,1.0,1.0,预测答案“Louis Chedid”与标准答案完全一致，不仅包含了关键信息，而且在语义上完全等价。Matthieu Chedid的父亲确实是Louis Chedid，这是一个事实性问题，预测答案准确无误地提供了这一信息，没有任何措辞差异或额外内容，因此完全符合判断标准，正确回答了问题。,Louis Chedid,True,1.0,1.0,预测答案“Louis Chedid”与标准答案完全一致，不仅包含了关键信息，而且在语义上完全等价。Matthieu Chedid的父亲确实是Louis Chedid，这是一个事实性问题，预测答案准确无误地提供了这一信息，没有任何措辞差异或额外内容，因此完全符合判断标准，正确回答了问题。
Who is the father of the Labo M performer?,What is Labo M?,Labo M is the third studio album by French singer-songwriter Matthieu Chedid (under his persona -M-). It is an all-instrumental work released in 2003.,Labo M is the third studio album by French singer-songwriter Matthieu Chedid in his persona as -M-.,True,0.75,0.0,明确指出Labo M是法国歌手兼词曲作者Matthieu Chedid（以其艺名-M-身份）的第三张录音室专辑。虽然预测答案省略了“纯器乐作品”和“2003年发行”这两个次要细节，但已完整传达了问题所询问的本质定义，即专辑的身份、创作者及序号，语义与标准答案完全等价，且措辞差异在允许范围内。,Labo M is the third studio album by French singer-songwriter Matthieu Chedid in his persona as -M-.,True,0.75,0.0,明确指出Labo M是法国歌手兼词曲作者Matthieu Chedid（以其艺名-M-身份）的第三张录音室专辑。虽然预测答案省略了“纯器乐作品”和“2003年发行”这两个次要细节，但已完整传达了问题所询问的本质定义，即专辑的身份、创作者及序号，语义与标准答案完全等价，且措辞差异在允许范围内。
Who is the father of the Labo M performer?,Who is the father of French singer-songwriter Matthieu Chedid?,Louis Chedid,Louis Chedid,True,1.0,1.0,预测答案“Louis Chedid”与标准答案完全一致，直接且准确地指出了法国歌手兼词曲作者Matthieu Chedid的父亲身份。这满足了判断标准中的关键信息包含和语义等价要求，没有任何措辞差异或额外信息干扰，因此预测答案正确回答了问题。,Louis Chedid,True,1.0,1.0,预测答案“Louis Chedid”与标准答案完全一致，直接且准确地指出了法国歌手兼词曲作者Matthieu Chedid的父亲身份。这满足了判断标准中的关键信息包含和语义等价要求，没有任何措辞差异或额外信息干扰，因此预测答案正确回答了问题。
Where did the producer of Julius Caesar study or work?,Who is the producer of Julius Caesar?,John Houseman,John Houseman,True,1.0,1.0,预测答案“John Houseman”与标准答案完全一致，不仅包含了关键信息，而且在语义上完全等价，没有任何措辞差异。该答案直接准确地指出了电影《Julius Caesar》的制片人身份，完全符合问题要求，因此可以明确判定为正确回答了问题。,John Houseman,True,1.0,1.0,预测答案“John Houseman”与标准答案完全一致，不仅包含了关键信息，而且在语义上完全等价，没有任何措辞差异。该答案直接准确地指出了电影《Julius Caesar》的制片人身份，完全符合问题要求，因此可以明确判定为正确回答了问题。
Where did the producer of Julius Caesar study or work?,Where did John Houseman study or work?,John Houseman was educated at Clifton College in England and worked in the grain trade in London.,John Houseman was educated in England at Clifton College and worked in the grain trade in London before emigrating to the United States in 1925.,True,0.7346938775510204,0.0,John Houseman在英格兰的Clifton College接受教育，并在伦敦从事谷物贸易工作。虽然预测答案额外提到了“1925年移居美国”，但这并未影响核心信息的准确性，且与标准答案在语义上完全等价。措辞上的细微差异（如“educated in England at”与“educated at...in England”）不影响意思的一致性，因此预测答案正确回答了问题。,"John Houseman was educated in England at Clifton College and worked in the grain trade in London before emigrating to the United States in 1925, where he took the stage name of John Houseman.",True,0.6206896551724138,0.0,预测答案完全包含了标准答案的所有关键信息，即约翰·豪斯曼在英格兰的克利夫顿学院接受教育，并在伦敦从事谷物贸易工作。尽管预测答案额外提到了他于1925年移民美国并采用艺名约翰·豪斯曼的细节，但这些补充信息并未与标准答案的核心内容产生矛盾，反而在语义上保持了高度一致。措辞上的细微差异，如“educated in England at Clifton College”与“educated at Clifton College in England”仅是表达顺序不同，意思完全相同，因此预测答案正确回答了问题。
What is the competition the 1972 Federation Cup is part of named after?,What is the Federation Cup in sports?,The Federation Cup is the premier international team competition in women's tennis. It was launched in 1963 and is the world's largest annual women's international team sports competition in terms of participating nations.,"The Federation Cup is a women's international team competition in tennis, now known as the Fed Cup. It was launched in 1963 and is the world's largest annual women's international team sports competition in terms of the number of nations that compete.",True,0.8533333333333334,0.0,明确指出Federation Cup是女子网球国际团体赛事、创立于1963年，并强调其是参与国家数量最多的年度女子国际团体体育赛事。虽然预测答案补充了“现称Fed Cup”这一细节，且措辞上略有调整（如“in terms of the number of nations that compete”），但这些补充和表述差异并未改变核心语义，反而增强了信息的完整性。整体而言，预测答案与标准答案在关键事实和语义上完全一致，符合评估标准。,"The Federation Cup is a women's international team competition in tennis, now known as the Fed Cup. It was launched in 1963 and is the world's largest annual women's international team sports competition in terms of the number of nations that compete.",True,0.8533333333333334,0.0,明确指出Federation Cup是女子网球国际团体赛事、创立于1963年，并强调其是参与国家数量最多的年度女子国际团体体育赛事。虽然预测答案补充了“现称Fed Cup”这一细节，且措辞上略有调整（如“in terms of the number of nations that compete”），但这些补充和表述差异并未改变核心语义，反而增强了信息的完整性。整体而言，预测答案与标准答案在关键事实和语义上完全一致，符合评估标准。
What is the competition the 1972 Federation Cup is part of named after?,What is the Federation Cup in women's tennis named after?,"The Federation Cup was named in honor of the International Tennis Federation (ITF), as it was launched to celebrate the ITF's 50th anniversary.",50th anniversary of the International Tennis Federation (ITF),True,0.5294117647058824,0.0,预测答案“50th anniversary of the International Tennis Federation (ITF)”准确抓住了标准答案的核心信息，即联合会杯的命名是为了纪念国际网球联合会（ITF）的50周年。虽然预测答案在措辞上更简洁，省略了“named in honor of”等细节，但它明确指出了ITF及其50周年这一关键关联，在语义上与标准答案完全等价，确保了意思的一致性。因此，预测答案正确回答了问题。,50th anniversary of the International Tennis Federation (ITF),True,0.5294117647058824,0.0,预测答案“50th anniversary of the International Tennis Federation (ITF)”准确抓住了标准答案的核心信息，即联合会杯的命名是为了纪念国际网球联合会（ITF）的50周年。虽然预测答案在措辞上更简洁，省略了“named in honor of”等细节，但它明确指出了ITF及其50周年这一关键关联，在语义上与标准答案完全等价，确保了意思的一致性。因此，预测答案正确回答了问题。
What is the seat of the county where Van Hook Township is located?,In which county is Van Hook Township located?,"Van Hook Township is located in Mountrail County, North Dakota.",Mountrail County,True,0.4,0.0,预测答案“Mountrail County”完整包含了标准答案中的核心地理信息，即范胡克镇所在的县。虽然预测答案省略了“North Dakota”这一州名，但问题仅询问县级归属，因此“Mountrail County”已直接且准确地回答了关键问题。在语义上，预测答案与标准答案的关键部分完全等价，且措辞差异不影响信息准确性，符合“意思保持一致”的评估标准。,Mountrail County,True,0.4,0.0,预测答案“Mountrail County”完整包含了标准答案中的核心地理信息，即范胡克镇所在的县。虽然预测答案省略了“North Dakota”这一州名，但问题仅询问县级归属，因此“Mountrail County”已直接且准确地回答了关键问题。在语义上，预测答案与标准答案的关键部分完全等价，且措辞差异不影响信息准确性，符合“意思保持一致”的评估标准。
What is the seat of the county where Van Hook Township is located?,"What is the county seat of Mountrail County, North Dakota?","Stanley, North Dakota",Stanley,True,0.4,0.0,"预测答案“Stanley”完整包含了标准答案“Stanley, North Dakota”中的核心关键信息，即县治名称“Stanley”。尽管预测答案省略了州名“North Dakota”，但问题中已明确提及“Mountrail County, North Dakota”，上下文已限定地理位置，因此“Stanley”在语义上与标准答案完全等价，意思保持一致，符合允许措辞细微差异的判断标准。",Stanley,True,0.4,0.0,"预测答案“Stanley”完整包含了标准答案“Stanley, North Dakota”中的核心关键信息，即县治名称“Stanley”。尽管预测答案省略了州名“North Dakota”，但问题中已明确提及“Mountrail County, North Dakota”，上下文已限定地理位置，因此“Stanley”在语义上与标准答案完全等价，意思保持一致，符合允许措辞细微差异的判断标准。"
Where did the producer of On Dangerous Ground study or work?,Who produced the film On Dangerous Ground?,John Houseman produced the 1951 film 'On Dangerous Ground'.,John Houseman,True,0.2857142857142857,0.0,"预测答案""John Houseman""完全包含了标准答案中的核心关键信息——电影《On Dangerous Ground》的制片人。尽管预测答案省略了电影年份和完整片名等细节，但问题仅询问制片人身份，预测答案直接提供了正确的人名，与标准答案在语义上完全等价，且没有任何矛盾或错误信息。根据判断标准，允许措辞上的细微差异，因此预测答案正确回答了问题。",John Houseman,True,0.2857142857142857,0.0,"预测答案""John Houseman""完全包含了标准答案中的核心关键信息——电影《On Dangerous Ground》的制片人。尽管预测答案省略了电影年份和完整片名等细节，但问题仅询问制片人身份，预测答案直接提供了正确的人名，与标准答案在语义上完全等价，且没有任何矛盾或错误信息。根据判断标准，允许措辞上的细微差异，因此预测答案正确回答了问题。"
Where did the producer of On Dangerous Ground study or work?,Where did John Houseman study or work?,John Houseman was educated at Clifton College in England and worked in the grain trade in London.,John Houseman studied in England at Clifton College and worked in the grain trade in London before emigrating to the United States in 1925.,True,0.6666666666666667,0.0,预测答案完全包含了标准答案的关键信息，即约翰·豪斯曼在英格兰的克利夫顿学院学习，并在伦敦从事谷物贸易工作。虽然预测答案额外提到了他于1925年移民美国，但这并未影响核心信息的准确性，且与标准答案在语义上完全等价，措辞上的细微差异（如“educated”与“studied”的替换）没有改变原意，因此正确回答了问题。,John Houseman studied in England at Clifton College and worked in the grain trade in London before emigrating to the United States in 1925.,True,0.6666666666666667,0.0,预测答案完全包含了标准答案的关键信息，即约翰·豪斯曼在英格兰的克利夫顿学院学习，并在伦敦从事谷物贸易工作。虽然预测答案额外提到了他于1925年移民美国，但这并未影响核心信息的准确性，且与标准答案在语义上完全等价，措辞上的细微差异（如“educated”与“studied”的替换）没有改变原意，因此正确回答了问题。
